1,	1706,	1325,	274,	1,	5
2,	1693,	1305,	274,	2,	5
3,	1682,	1284,	274,	3,	5
4,	1668,	1265,	274,	4,	5
5,	1650,	1248,	274,	5,	5
6,	1631,	1234,	274,	6,	5
7,	1611,	1223,	274,	7,	5
8,	1591,	1215,	274,	8,	5
9,	1572,	1210,	274,	9,	5
10,	1556,	1210,	274,	10,	5
11,	1541,	1206,	274,	11,	5
12,	1529,	1197,	274,	12,	5
13,	1520,	1184,	274,	13,	5
14,	1513,	1169,	274,	14,	5
15,	1512,	1155,	274,	15,	5
16,	1508,	1142,	274,	16,	5
17,	1501,	1121,	274,	17,	5
18,	1492,	1091,	274,	18,	5
19,	1479,	1059,	274,	19,	5
20,	1463,	1047,	274,	20,	5
21,	1442,	1031,	274,	21,	5
22,	1416,	1007,	274,	22,	5
23,	1388,	977,	274,	23,	5
24,	1371,	946,	274,	24,	5
25,	1356,	922,	274,	25,	5
26,	1333,	909,	274,	26,	5
27,	1303,	907,	274,	27,	5
28,	1271,	902,	274,	28,	5
29,	1243,	889,	274,	29,	5
30,	1222,	868,	274,	30,	5
31,	1212,	840,	274,	31,	5
32,	1208,	801,	274,	32,	5
33,	1191,	769,	274,	33,	5
34,	1166,	720,	274,	34,	5
35,	1143,	667,	274,	35,	5
36,	1105,	630,	274,	36,	5
37,	1056,	605,	274,	37,	5
38,	1038,	598,	274,	38,	5
39,	1005,	576,	274,	39,	5
40,	962,	529,	274,	40,	5
41,	927,	488,	274,	41,	5
42,	909,	448,	274,	42,	5
43,	907,	435,	274,	43,	5
44,	898,	402,	274,	44,	5
45,	880,	354,	274,	45,	5
46,	855,	315,	274,	46,	5
47,	822,	302,	274,	47,	5
48,	787,	294,	274,	48,	5
49,	753,	3852,	274,	49,	5
50,	706,	3682,	274,	50,	5
51,	661,	3627,	274,	51,	5
52,	630,	3582,	274,	52,	5
53,	609,	3510,	274,	53,	5
54,	603,	3410,	274,	54,	5
55,	591,	3335,	274,	55,	5
56,	572,	3327,	274,	56,	5
57,	536,	3300,	274,	57,	5
58,	492,	3269,	274,	58,	5
59,	482,	3236,	274,	59,	5
60,	448,	3194,	274,	60,	5
61,	441,	3148,	274,	61,	5
62,	426,	3103,	274,	62,	5
63,	403,	3067,	274,	63,	5
64,	374,	3042,	274,	64,	5
65,	345,	3029,	274,	65,	5
66,	322,	3027,	274,	66,	5
67,	307,	3026,	274,	67,	5
68,	302,	3023,	274,	68,	5
69,	300,	3019,	274,	69,	5
70,	294,	3016,	274,	70,	5
71,	286,	3014,	274,	71,	5
72,	275,	3013,	274,	72,	5
73,	3935,	3013,	274,	73,	5
74,	3899,	3014,	274,	74,	5
75,	3820,	3016,	274,	75,	5
76,	3757,	3019,	274,	76,	5
77,	3663,	3022,	274,	77,	5
78,	3632,	3025,	274,	78,	5
79,	3628,	3027,	274,	79,	5
80,	3609,	3027,	274,	80,	5
81,	3591,	3029,	274,	81,	5
82,	3570,	3038,	274,	82,	5
83,	3543,	3051,	274,	83,	5
84,	3513,	3071,	274,	84,	5
85,	3481,	3094,	274,	85,	5
86,	3447,	3121,	274,	86,	5
87,	3413,	3150,	274,	87,	5
88,	3383,	3178,	274,	88,	5
89,	3359,	3204,	274,	89,	5
90,	3342,	3227,	274,	90,	5
91,	3333,	3247,	274,	91,	5
92,	3330,	3264,	274,	92,	5
93,	3330,	3276,	274,	93,	5
94,	3329,	3293,	274,	94,	5
95,	3328,	3309,	274,	95,	5
96,	3326,	3322,	274,	96,	5
97,	3324,	3329,	274,	97,	5
98,	3322,	3330,	274,	98,	5
99,	3319,	3338,	274,	99,	5
100,	3317,	3367,	274,	100,	5
101,	3315,	3408,	274,	101,	5
102,	3314,	3454,	274,	102,	5
103,	3312,	3497,	274,	103,	5
104,	3312,	3536,	274,	104,	5
105,	3311,	3568,	274,	105,	5
106,	3311,	3592,	274,	106,	5
107,	3311,	3613,	274,	107,	5
108,	3311,	3630,	274,	108,	5
109,	3312,	3631,	274,	109,	5
110,	3313,	3695,	274,	110,	5
111,	3314,	3789,	274,	111,	5
112,	3315,	3856,	274,	112,	5
113,	3316,	3923,	274,	113,	5
114,	3317,	3935,	274,	114,	5
115,	3319,	284,	274,	115,	5
116,	3320,	293,	274,	116,	5
117,	3321,	299,	274,	117,	5
118,	3322,	302,	274,	118,	5
119,	3323,	305,	274,	119,	5
120,	3323,	316,	274,	120,	5
121,	3324,	337,	274,	121,	5
122,	3325,	363,	274,	122,	5
123,	3325,	392,	274,	123,	5
124,	3326,	417,	274,	124,	5
125,	3326,	435,	274,	125,	5
126,	3326,	445,	274,	126,	5
127,	3327,	461,	274,	127,	5
128,	3327,	478,	274,	128,	5
129,	3327,	497,	274,	129,	5
130,	3328,	544,	274,	130,	5
131,	3328,	574,	274,	131,	5
132,	3329,	591,	274,	132,	5
133,	3329,	601,	274,	133,	5
134,	3330,	605,	274,	134,	5
135,	3330,	620,	274,	135,	5
136,	3330,	641,	274,	136,	5
137,	3330,	669,	274,	137,	5
138,	3330,	706,	274,	138,	5
139,	3334,	744,	274,	139,	5
140,	3340,	775,	274,	140,	5
141,	3351,	795,	274,	141,	5
142,	3367,	824,	274,	142,	5
143,	3387,	848,	274,	143,	5
144,	3412,	867,	274,	144,	5
145,	3441,	882,	274,	145,	5
146,	3472,	893,	274,	146,	5
147,	3502,	901,	274,	147,	5
148,	3532,	906,	274,	148,	5
149,	3559,	908,	274,	149,	5
150,	3583,	908,	274,	150,	5
151,	3600,	912,	274,	151,	5
152,	3623,	920,	274,	152,	5
153,	3632,	929,	274,	153,	5
154,	3649,	939,	274,	154,	5
155,	3746,	949,	274,	155,	5
156,	3818,	960,	274,	156,	5
157,	3901,	969,	274,	157,	5
158,	3935,	978,	274,	158,	5
159,	280,	986,	274,	159,	5
160,	290,	993,	274,	160,	5
161,	298,	999,	274,	161,	5
162,	302,	1004,	274,	162,	5
163,	303,	1009,	274,	163,	5
164,	311,	1013,	274,	164,	5
165,	326,	1017,	274,	165,	5
166,	347,	1021,	274,	166,	5
167,	371,	1025,	274,	167,	5
168,	395,	1029,	274,	168,	5
169,	415,	1033,	274,	169,	5
170,	430,	1037,	274,	170,	5
171,	440,	1041,	274,	171,	5
172,	446,	1045,	274,	172,	5
173,	454,	1049,	274,	173,	5
174,	476,	1052,	274,	174,	5
175,	478,	1059,	274,	175,	5
176,	492,	1073,	274,	176,	5
177,	505,	1094,	274,	177,	5
178,	530,	1114,	274,	178,	5
179,	549,	1133,	274,	179,	5
180,	563,	1148,	274,	180,	5
181,	572,	1161,	274,	181,	5
182,	578,	1178,	274,	182,	5
183,	583,	1196,	274,	183,	5
184,	586,	1208,	274,	184,	5
185,	589,	1211,	274,	185,	5
186,	591,	1222,	274,	186,	5
187,	592,	1245,	274,	187,	5
188,	593,	1279,	274,	188,	5
189,	594,	1321,	274,	189,	5
190,	594,	1356,	274,	190,	5
191,	594,	1378,	274,	191,	5
192,	593,	1423,	274,	192,	5
193,	593,	1465,	274,	193,	5
194,	592,	1493,	274,	194,	5
195,	591,	1509,	274,	195,	5
196,	589,	1516,	274,	196,	5
197,	588,	1540,	274,	197,	5
198,	586,	1579,	274,	198,	5
199,	584,	1629,	274,	199,	5
200,	582,	1672,	274,	200,	5
201,	580,	1697,	274,	201,	5
202,	578,	1734,	274,	202,	5
203,	577,	1764,	274,	203,	5
204,	575,	1787,	274,	204,	5
205,	574,	1803,	274,	205,	5
206,	572,	1813,	274,	206,	5
207,	572,	1816,	274,	207,	5
208,	571,	1818,	274,	208,	5
209,	571,	1828,	274,	209,	5
210,	572,	1844,	274,	210,	5
211,	574,	1859,	274,	211,	5
212,	575,	1872,	274,	212,	5
213,	578,	1881,	274,	213,	5
214,	581,	1888,	274,	214,	5
215,	584,	1892,	274,	215,	5
216,	587,	1893,	274,	216,	5
217,	591,	1893,	274,	217,	5
218,	594,	1890,	274,	218,	5
219,	598,	1885,	274,	219,	5
220,	601,	1878,	274,	220,	5
221,	603,	1870,	274,	221,	5
222,	604,	1859,	274,	222,	5
223,	605,	1847,	274,	223,	5
224,	609,	1836,	274,	224,	5
225,	616,	1825,	274,	225,	5
226,	623,	1818,	274,	226,	5
227,	632,	1816,	274,	227,	5
228,	642,	1815,	274,	228,	5
229,	654,	1813,	274,	229,	5
230,	669,	1807,	274,	230,	5
231,	686,	1800,	274,	231,	5
232,	705,	1790,	274,	232,	5
233,	724,	1779,	274,	233,	5
234,	743,	1765,	274,	234,	5
235,	761,	1751,	274,	235,	5
236,	776,	1736,	274,	236,	5
237,	787,	1720,	274,	237,	5
238,	797,	1702,	274,	238,	5
239,	813,	1693,	274,	239,	5
240,	829,	1684,	274,	240,	5
241,	842,	1673,	274,	241,	5
242,	853,	1662,	274,	242,	5
243,	863,	1651,	274,	243,	5
244,	872,	1641,	274,	244,	5
245,	881,	1633,	274,	245,	5
246,	888,	1626,	274,	246,	5
247,	894,	1620,	274,	247,	5
248,	899,	1616,	274,	248,	5
249,	903,	1613,	274,	249,	5
250,	906,	1612,	274,	250,	5
251,	907,	1612,	274,	251,	5
252,	908,	1614,	274,	252,	5
253,	908,	1617,	274,	253,	5
254,	910,	1621,	274,	254,	5
255,	916,	1627,	274,	255,	5
256,	924,	1634,	274,	256,	5
257,	934,	1641,	274,	257,	5
258,	947,	1649,	274,	258,	5
259,	962,	1658,	274,	259,	5
260,	979,	1667,	274,	260,	5
261,	996,	1676,	274,	261,	5
262,	1012,	1685,	274,	262,	5
263,	1026,	1692,	274,	263,	5
264,	1038,	1698,	274,	264,	5
265,	1048,	1711,	274,	265,	5
266,	1054,	1724,	274,	266,	5
267,	1072,	1737,	274,	267,	5
268,	1098,	1749,	274,	268,	5
269,	1122,	1760,	274,	269,	5
270,	1140,	1772,	274,	270,	5
271,	1153,	1782,	274,	271,	5
272,	1166,	1792,	274,	272,	5
273,	1181,	1800,	274,	273,	5
274,	1196,	1807,	274,	274,	5
275,	1207,	1812,	274,	275,	5
276,	1210,	1815,	274,	276,	5
277,	1213,	1816,	274,	277,	5
278,	1223,	1817,	274,	278,	5
279,	1238,	1822,	274,	279,	5
280,	1260,	1834,	274,	280,	5
281,	1287,	1848,	274,	281,	5
282,	1315,	1864,	274,	282,	5
283,	1342,	1880,	274,	283,	5
284,	1363,	1895,	274,	284,	5
285,	1376,	1909,	274,	285,	5
286,	1402,	1923,	274,	286,	5
287,	1435,	1938,	274,	287,	5
288,	1462,	1954,	274,	288,	5
289,	1482,	1979,	274,	289,	5
290,	1498,	1992,	274,	290,	5
291,	1508,	2009,	274,	291,	5
292,	1513,	2024,	274,	292,	5
293,	1520,	2038,	274,	293,	5
294,	1536,	2050,	274,	294,	5
295,	1560,	2061,	274,	295,	5
296,	1589,	2070,	274,	296,	5
297,	1622,	2078,	274,	297,	5
298,	1653,	2084,	274,	298,	5
299,	1679,	2088,	274,	299,	5
300,	1696,	2092,	274,	300,	5
301,	1719,	2095,	274,	301,	5
302,	1742,	2096,	274,	302,	5
303,	1762,	2097,	274,	303,	5
304,	1779,	2096,	274,	304,	5
305,	1793,	2095,	274,	305,	5
306,	1804,	2093,	274,	306,	5
307,	1811,	2090,	274,	307,	5
308,	1815,	2086,	274,	308,	5
309,	1816,	2081,	274,	309,	5
310,	1819,	2074,	274,	310,	5
311,	1829,	2066,	274,	311,	5
312,	1844,	2057,	274,	312,	5
313,	1861,	2046,	274,	313,	5
314,	1878,	2034,	274,	314,	5
315,	1892,	2019,	274,	315,	5
316,	1906,	2004,	274,	316,	5
317,	1919,	1985,	274,	317,	5
318,	1932,	1965,	274,	318,	5
319,	1944,	1948,	274,	319,	5
320,	1957,	1933,	274,	320,	5
321,	1976,	1918,	274,	321,	5
322,	1982,	1903,	274,	322,	5
323,	1997,	1888,	274,	323,	5
324,	2006,	1872,	274,	324,	5
325,	2014,	1855,	274,	325,	5
326,	2020,	1838,	274,	326,	5
327,	2025,	1824,	274,	327,	5
328,	2028,	1817,	274,	328,	5
329,	2029,	1816,	274,	329,	5
330,	2029,	1814,	274,	330,	5
331,	2027,	1810,	274,	331,	5
332,	2023,	1802,	274,	332,	5
333,	2018,	1792,	274,	333,	5
334,	2011,	1780,	274,	334,	5
335,	2002,	1765,	274,	335,	5
336,	1992,	1748,	274,	336,	5
337,	1976,	1729,	274,	337,	5
338,	1963,	1707,	274,	338,	5
339,	1951,	1691,	274,	339,	5
340,	1938,	1675,	274,	340,	5
341,	1925,	1653,	274,	341,	5
342,	1913,	1627,	274,	342,	5
343,	1900,	1599,	274,	343,	5
344,	1887,	1573,	274,	344,	5
345,	1873,	1551,	274,	345,	5
346,	1857,	1533,	274,	346,	5
347,	1842,	1520,	274,	347,	5
348,	1829,	1513,	274,	348,	5
349,	1819,	1511,	274,	349,	5
350,	1816,	1505,	274,	350,	5
351,	1816,	1496,	274,	351,	5
352,	1813,	1484,	274,	352,	5
353,	1809,	1469,	274,	353,	5
354,	1801,	1450,	274,	354,	5
355,	1792,	1428,	274,	355,	5
356,	1782,	1403,	274,	356,	5
357,	1769,	1382,	274,	357,	5
358,	1755,	1371,	274,	358,	5
359,	1740,	1359,	274,	359,	5
360,	1724,	1343,	274,	360,	5
361,	1614,	908,	274,	1,	10
362,	1576,	908,	274,	2,	10
363,	1546,	907,	274,	3,	10
364,	1525,	905,	274,	4,	10
365,	1513,	902,	274,	5,	10
366,	1510,	898,	274,	6,	10
367,	1501,	894,	274,	7,	10
368,	1487,	888,	274,	8,	10
369,	1469,	883,	274,	9,	10
370,	1445,	876,	274,	10,	10
371,	1416,	869,	274,	11,	10
372,	1387,	861,	274,	12,	10
373,	1371,	854,	274,	13,	10
374,	1356,	845,	274,	14,	10
375,	1335,	836,	274,	15,	10
376,	1311,	826,	274,	16,	10
377,	1285,	815,	274,	17,	10
378,	1260,	803,	274,	18,	10
379,	1240,	793,	274,	19,	10
380,	1225,	787,	274,	20,	10
381,	1215,	779,	274,	21,	10
382,	1210,	769,	274,	22,	10
383,	1209,	757,	274,	23,	10
384,	1201,	744,	274,	24,	10
385,	1187,	729,	274,	25,	10
386,	1172,	714,	274,	26,	10
387,	1157,	698,	274,	27,	10
388,	1143,	683,	274,	28,	10
389,	1124,	668,	274,	29,	10
390,	1096,	655,	274,	30,	10
391,	1065,	644,	274,	31,	10
392,	1050,	633,	274,	32,	10
393,	1039,	624,	274,	33,	10
394,	1021,	616,	274,	34,	10
395,	999,	605,	274,	35,	10
396,	974,	605,	274,	36,	10
397,	949,	603,	274,	37,	10
398,	929,	600,	274,	38,	10
399,	915,	595,	274,	39,	10
400,	908,	589,	274,	40,	10
401,	908,	581,	274,	41,	10
402,	905,	571,	274,	42,	10
403,	899,	558,	274,	43,	10
404,	890,	540,	274,	44,	10
405,	877,	516,	274,	45,	10
406,	862,	494,	274,	46,	10
407,	844,	501,	274,	47,	10
408,	821,	484,	274,	48,	10
409,	796,	476,	274,	49,	10
410,	779,	460,	274,	50,	10
411,	754,	448,	274,	51,	10
412,	723,	446,	274,	52,	10
413,	690,	442,	274,	53,	10
414,	661,	437,	274,	54,	10
415,	638,	430,	274,	55,	10
416,	621,	422,	274,	56,	10
417,	605,	414,	274,	57,	10
418,	603,	404,	274,	58,	10
419,	597,	394,	274,	59,	10
420,	585,	383,	274,	60,	10
421,	568,	372,	274,	61,	10
422,	537,	363,	274,	62,	10
423,	495,	354,	274,	63,	10
424,	477,	346,	274,	64,	10
425,	464,	340,	274,	65,	10
426,	446,	334,	274,	66,	10
427,	438,	329,	274,	67,	10
428,	423,	325,	274,	68,	10
429,	401,	322,	274,	69,	10
430,	373,	320,	274,	70,	10
431,	345,	318,	274,	71,	10
432,	322,	317,	274,	72,	10
433,	307,	316,	274,	73,	10
434,	302,	316,	274,	74,	10
435,	301,	317,	274,	75,	10
436,	295,	318,	274,	76,	10
437,	287,	320,	274,	77,	10
438,	276,	323,	274,	78,	10
439,	3933,	327,	274,	79,	10
440,	3886,	332,	274,	80,	10
441,	3816,	338,	274,	81,	10
442,	3759,	345,	274,	82,	10
443,	3678,	354,	274,	83,	10
444,	3632,	364,	274,	84,	10
445,	3632,	376,	274,	85,	10
446,	3628,	389,	274,	86,	10
447,	3619,	402,	274,	87,	10
448,	3609,	415,	274,	88,	10
449,	3601,	426,	274,	89,	10
450,	3598,	435,	274,	90,	10
451,	3596,	443,	274,	91,	10
452,	3597,	447,	274,	92,	10
453,	3599,	461,	274,	93,	10
454,	3604,	485,	274,	94,	10
455,	3614,	498,	274,	95,	10
456,	3624,	507,	274,	96,	10
457,	3631,	545,	274,	97,	10
458,	3632,	571,	274,	98,	10
459,	3639,	586,	274,	99,	10
460,	3693,	597,	274,	100,	10
461,	3767,	604,	274,	101,	10
462,	3817,	605,	274,	102,	10
463,	3879,	623,	274,	103,	10
464,	3928,	643,	274,	104,	10
465,	3935,	669,	274,	105,	10
466,	281,	704,	274,	106,	10
467,	289,	740,	274,	107,	10
468,	295,	771,	274,	108,	10
469,	300,	791,	274,	109,	10
470,	302,	819,	274,	110,	10
471,	303,	844,	274,	111,	10
472,	308,	864,	274,	112,	10
473,	318,	880,	274,	113,	10
474,	331,	893,	274,	114,	10
475,	346,	901,	274,	115,	10
476,	362,	906,	274,	116,	10
477,	378,	908,	274,	117,	10
478,	393,	909,	274,	118,	10
479,	405,	917,	274,	119,	10
480,	415,	929,	274,	120,	10
481,	423,	944,	274,	121,	10
482,	429,	960,	274,	122,	10
483,	433,	977,	274,	123,	10
484,	436,	992,	274,	124,	10
485,	439,	1004,	274,	125,	10
486,	440,	1015,	274,	126,	10
487,	441,	1023,	274,	127,	10
488,	442,	1029,	274,	128,	10
489,	442,	1034,	274,	129,	10
490,	443,	1038,	274,	130,	10
491,	442,	1041,	274,	131,	10
492,	442,	1043,	274,	132,	10
493,	441,	1044,	274,	133,	10
494,	440,	1044,	274,	134,	10
495,	439,	1045,	274,	135,	10
496,	438,	1044,	274,	136,	10
497,	436,	1044,	274,	137,	10
498,	434,	1043,	274,	138,	10
499,	432,	1041,	274,	139,	10
500,	429,	1039,	274,	140,	10
501,	426,	1037,	274,	141,	10
502,	423,	1034,	274,	142,	10
503,	420,	1031,	274,	143,	10
504,	416,	1027,	274,	144,	10
505,	412,	1023,	274,	145,	10
506,	409,	1019,	274,	146,	10
507,	405,	1014,	274,	147,	10
508,	402,	1009,	274,	148,	10
509,	399,	1005,	274,	149,	10
510,	397,	1000,	274,	150,	10
511,	394,	995,	274,	151,	10
512,	393,	990,	274,	152,	10
513,	392,	986,	274,	153,	10
514,	392,	982,	274,	154,	10
515,	392,	978,	274,	155,	10
516,	393,	975,	274,	156,	10
517,	394,	972,	274,	157,	10
518,	396,	969,	274,	158,	10
519,	399,	967,	274,	159,	10
520,	402,	966,	274,	160,	10
521,	405,	965,	274,	161,	10
522,	408,	964,	274,	162,	10
523,	412,	964,	274,	163,	10
524,	416,	964,	274,	164,	10
525,	420,	965,	274,	165,	10
526,	424,	967,	274,	166,	10
527,	428,	969,	274,	167,	10
528,	432,	972,	274,	168,	10
529,	436,	975,	274,	169,	10
530,	439,	979,	274,	170,	10
531,	442,	984,	274,	171,	10
532,	444,	990,	274,	172,	10
533,	446,	996,	274,	173,	10
534,	448,	1002,	274,	174,	10
535,	453,	1009,	274,	175,	10
536,	464,	1017,	274,	176,	10
537,	475,	1024,	274,	177,	10
538,	487,	1032,	274,	178,	10
539,	484,	1039,	274,	179,	10
540,	498,	1045,	274,	180,	10
541,	492,	1050,	274,	181,	10
542,	506,	1055,	274,	182,	10
543,	525,	1069,	274,	183,	10
544,	542,	1090,	274,	184,	10
545,	556,	1111,	274,	185,	10
546,	568,	1129,	274,	186,	10
547,	576,	1143,	274,	187,	10
548,	583,	1154,	274,	188,	10
549,	590,	1167,	274,	189,	10
550,	595,	1181,	274,	190,	10
551,	599,	1194,	274,	191,	10
552,	602,	1205,	274,	192,	10
553,	604,	1210,	274,	193,	10
554,	605,	1212,	274,	194,	10
555,	611,	1220,	274,	195,	10
556,	618,	1235,	274,	196,	10
557,	626,	1257,	274,	197,	10
558,	636,	1284,	274,	198,	10
559,	647,	1315,	274,	199,	10
560,	659,	1344,	274,	200,	10
561,	674,	1366,	274,	201,	10
562,	691,	1383,	274,	202,	10
563,	709,	1418,	274,	203,	10
564,	727,	1453,	274,	204,	10
565,	744,	1480,	274,	205,	10
566,	760,	1499,	274,	206,	10
567,	774,	1510,	274,	207,	10
568,	785,	1515,	274,	208,	10
569,	794,	1534,	274,	209,	10
570,	807,	1567,	274,	210,	10
571,	822,	1610,	274,	211,	10
572,	835,	1656,	274,	212,	10
573,	847,	1689,	274,	213,	10
574,	857,	1721,	274,	214,	10
575,	867,	1756,	274,	215,	10
576,	875,	1784,	274,	216,	10
577,	883,	1805,	274,	217,	10
578,	890,	1815,	274,	218,	10
579,	895,	1818,	274,	219,	10
580,	900,	1843,	274,	220,	10
581,	904,	1881,	274,	221,	10
582,	906,	1916,	274,	222,	10
583,	907,	1956,	274,	223,	10
584,	908,	2009,	274,	224,	10
585,	908,	2054,	274,	225,	10
586,	911,	2090,	274,	226,	10
587,	917,	2113,	274,	227,	10
588,	926,	2119,	274,	228,	10
589,	936,	2140,	274,	229,	10
590,	949,	2173,	274,	230,	10
591,	963,	2215,	274,	231,	10
592,	979,	2261,	274,	232,	10
593,	995,	2298,	274,	233,	10
594,	1009,	2322,	274,	234,	10
595,	1023,	2350,	274,	235,	10
596,	1034,	2373,	274,	236,	10
597,	1044,	2391,	274,	237,	10
598,	1050,	2404,	274,	238,	10
599,	1056,	2413,	274,	239,	10
600,	1074,	2418,	274,	240,	10
601,	1095,	2421,	274,	241,	10
602,	1115,	2421,	274,	242,	10
603,	1132,	2422,	274,	243,	10
604,	1144,	2425,	274,	244,	10
605,	1154,	2429,	274,	245,	10
606,	1164,	2432,	274,	246,	10
607,	1175,	2435,	274,	247,	10
608,	1186,	2437,	274,	248,	10
609,	1197,	2437,	274,	249,	10
610,	1205,	2436,	274,	250,	10
611,	1210,	2434,	274,	251,	10
612,	1210,	2431,	274,	252,	10
613,	1214,	2427,	274,	253,	10
614,	1220,	2424,	274,	254,	10
615,	1230,	2422,	274,	255,	10
616,	1243,	2421,	274,	256,	10
617,	1260,	2421,	274,	257,	10
618,	1279,	2419,	274,	258,	10
619,	1301,	2415,	274,	259,	10
620,	1323,	2410,	274,	260,	10
621,	1343,	2401,	274,	261,	10
622,	1359,	2391,	274,	262,	10
623,	1371,	2378,	274,	263,	10
624,	1384,	2362,	274,	264,	10
625,	1409,	2342,	274,	265,	10
626,	1435,	2321,	274,	266,	10
627,	1458,	2304,	274,	267,	10
628,	1477,	2278,	274,	268,	10
629,	1491,	2246,	274,	269,	10
630,	1503,	2212,	274,	270,	10
631,	1510,	2181,	274,	271,	10
632,	1513,	2154,	274,	272,	10
633,	1522,	2133,	274,	273,	10
634,	1539,	2119,	274,	274,	10
635,	1562,	2116,	274,	275,	10
636,	1592,	2106,	274,	276,	10
637,	1626,	2088,	274,	277,	10
638,	1657,	2063,	274,	278,	10
639,	1683,	2033,	274,	279,	10
640,	1699,	2000,	274,	280,	10
641,	1729,	1963,	274,	281,	10
642,	1753,	1934,	274,	282,	10
643,	1774,	1909,	274,	283,	10
644,	1792,	1886,	274,	284,	10
645,	1805,	1861,	274,	285,	10
646,	1813,	1837,	274,	286,	10
647,	1816,	1821,	274,	287,	10
648,	1820,	1816,	274,	288,	10
649,	1838,	1814,	274,	289,	10
650,	1863,	1808,	274,	290,	10
651,	1889,	1798,	274,	291,	10
652,	1913,	1785,	274,	292,	10
653,	1938,	1769,	274,	293,	10
654,	1971,	1750,	274,	294,	10
655,	2007,	1730,	274,	295,	10
656,	2039,	1707,	274,	296,	10
657,	2067,	1691,	274,	297,	10
658,	2090,	1675,	274,	298,	10
659,	2107,	1655,	274,	299,	10
660,	2116,	1631,	274,	300,	10
661,	2119,	1607,	274,	301,	10
662,	2131,	1584,	274,	302,	10
663,	2148,	1564,	274,	303,	10
664,	2170,	1548,	274,	304,	10
665,	2196,	1534,	274,	305,	10
666,	2223,	1524,	274,	306,	10
667,	2251,	1517,	274,	307,	10
668,	2277,	1513,	274,	308,	10
669,	2298,	1512,	274,	309,	10
670,	2313,	1509,	274,	310,	10
671,	2323,	1505,	274,	311,	10
672,	2340,	1499,	274,	312,	10
673,	2354,	1492,	274,	313,	10
674,	2365,	1485,	274,	314,	10
675,	2374,	1476,	274,	315,	10
676,	2382,	1466,	274,	316,	10
677,	2388,	1455,	274,	317,	10
678,	2393,	1442,	274,	318,	10
679,	2397,	1428,	274,	319,	10
680,	2399,	1413,	274,	320,	10
681,	2401,	1397,	274,	321,	10
682,	2402,	1384,	274,	322,	10
683,	2402,	1374,	274,	323,	10
684,	2401,	1369,	274,	324,	10
685,	2400,	1361,	274,	325,	10
686,	2397,	1351,	274,	326,	10
687,	2393,	1339,	274,	327,	10
688,	2388,	1324,	274,	328,	10
689,	2381,	1309,	274,	329,	10
690,	2372,	1292,	274,	330,	10
691,	2360,	1275,	274,	331,	10
692,	2345,	1259,	274,	332,	10
693,	2325,	1245,	274,	333,	10
694,	2313,	1232,	274,	334,	10
695,	2292,	1222,	274,	335,	10
696,	2264,	1215,	274,	336,	10
697,	2230,	1210,	274,	337,	10
698,	2196,	1210,	274,	338,	10
699,	2164,	1206,	274,	339,	10
700,	2139,	1198,	274,	340,	10
701,	2120,	1186,	274,	341,	10
702,	2116,	1173,	274,	342,	10
703,	2103,	1160,	274,	343,	10
704,	2079,	1149,	274,	344,	10
705,	2046,	1136,	274,	345,	10
706,	2006,	1117,	274,	346,	10
707,	1960,	1093,	274,	347,	10
708,	1924,	1067,	274,	348,	10
709,	1894,	1052,	274,	349,	10
710,	1862,	1045,	274,	350,	10
711,	1832,	1034,	274,	351,	10
712,	1816,	1020,	274,	352,	10
713,	1814,	1003,	274,	353,	10
714,	1805,	985,	274,	354,	10
715,	1788,	966,	274,	355,	10
716,	1766,	949,	274,	356,	10
717,	1738,	934,	274,	357,	10
718,	1706,	923,	274,	358,	10
719,	1683,	914,	274,	359,	10
720,	1652,	909,	274,	360,	10
721,	1958,	1072,	274,	1,	15
722,	2033,	1082,	274,	2,	15
723,	2086,	1093,	274,	3,	15
724,	2114,	1104,	274,	4,	15
725,	2122,	1114,	274,	5,	15
726,	2146,	1123,	274,	6,	15
727,	2177,	1132,	274,	7,	15
728,	2209,	1140,	274,	8,	15
729,	2239,	1146,	274,	9,	15
730,	2262,	1151,	274,	10,	15
731,	2279,	1156,	274,	11,	15
732,	2289,	1162,	274,	12,	15
733,	2295,	1168,	274,	13,	15
734,	2296,	1175,	274,	14,	15
735,	2294,	1182,	274,	15,	15
736,	2289,	1188,	274,	16,	15
737,	2279,	1194,	274,	17,	15
738,	2266,	1199,	274,	18,	15
739,	2248,	1204,	274,	19,	15
740,	2227,	1207,	274,	20,	15
741,	2203,	1209,	274,	21,	15
742,	2180,	1210,	274,	22,	15
743,	2158,	1210,	274,	23,	15
744,	2139,	1210,	274,	24,	15
745,	2124,	1212,	274,	25,	15
746,	2118,	1214,	274,	26,	15
747,	2112,	1216,	274,	27,	15
748,	2099,	1219,	274,	28,	15
749,	2079,	1222,	274,	29,	15
750,	2054,	1225,	274,	30,	15
751,	2026,	1229,	274,	31,	15
752,	1995,	1232,	274,	32,	15
753,	1961,	1235,	274,	33,	15
754,	1935,	1238,	274,	34,	15
755,	1913,	1241,	274,	35,	15
756,	1893,	1244,	274,	36,	15
757,	1873,	1247,	274,	37,	15
758,	1852,	1250,	274,	38,	15
759,	1833,	1252,	274,	39,	15
760,	1820,	1255,	274,	40,	15
761,	1816,	1257,	274,	41,	15
762,	1815,	1260,	274,	42,	15
763,	1812,	1262,	274,	43,	15
764,	1806,	1265,	274,	44,	15
765,	1797,	1268,	274,	45,	15
766,	1786,	1270,	274,	46,	15
767,	1773,	1274,	274,	47,	15
768,	1759,	1277,	274,	48,	15
769,	1743,	1280,	274,	49,	15
770,	1726,	1284,	274,	50,	15
771,	1707,	1289,	274,	51,	15
772,	1693,	1293,	274,	52,	15
773,	1681,	1299,	274,	53,	15
774,	1664,	1304,	274,	54,	15
775,	1644,	1310,	274,	55,	15
776,	1623,	1317,	274,	56,	15
777,	1600,	1324,	274,	57,	15
778,	1579,	1331,	274,	58,	15
779,	1561,	1339,	274,	59,	15
780,	1545,	1347,	274,	60,	15
781,	1532,	1355,	274,	61,	15
782,	1521,	1362,	274,	62,	15
783,	1513,	1368,	274,	63,	15
784,	1513,	1373,	274,	64,	15
785,	1510,	1381,	274,	65,	15
786,	1505,	1393,	274,	66,	15
787,	1498,	1409,	274,	67,	15
788,	1490,	1425,	274,	68,	15
789,	1480,	1441,	274,	69,	15
790,	1469,	1455,	274,	70,	15
791,	1455,	1468,	274,	71,	15
792,	1439,	1479,	274,	72,	15
793,	1422,	1489,	274,	73,	15
794,	1404,	1497,	274,	74,	15
795,	1388,	1503,	274,	75,	15
796,	1376,	1508,	274,	76,	15
797,	1370,	1512,	274,	77,	15
798,	1362,	1513,	274,	78,	15
799,	1353,	1516,	274,	79,	15
800,	1342,	1522,	274,	80,	15
801,	1330,	1530,	274,	81,	15
802,	1317,	1540,	274,	82,	15
803,	1305,	1552,	274,	83,	15
804,	1292,	1564,	274,	84,	15
805,	1280,	1577,	274,	85,	15
806,	1269,	1590,	274,	86,	15
807,	1259,	1603,	274,	87,	15
808,	1251,	1616,	274,	88,	15
809,	1243,	1627,	274,	89,	15
810,	1237,	1637,	274,	90,	15
811,	1231,	1646,	274,	91,	15
812,	1227,	1653,	274,	92,	15
813,	1223,	1659,	274,	93,	15
814,	1220,	1664,	274,	94,	15
815,	1217,	1667,	274,	95,	15
816,	1215,	1670,	274,	96,	15
817,	1214,	1671,	274,	97,	15
818,	1213,	1672,	274,	98,	15
819,	1212,	1672,	274,	99,	15
820,	1210,	1671,	274,	100,	15
821,	1210,	1669,	274,	101,	15
822,	1210,	1667,	274,	102,	15
823,	1210,	1663,	274,	103,	15
824,	1210,	1659,	274,	104,	15
825,	1210,	1654,	274,	105,	15
826,	1210,	1648,	274,	106,	15
827,	1210,	1641,	274,	107,	15
828,	1209,	1632,	274,	108,	15
829,	1209,	1623,	274,	109,	15
830,	1208,	1613,	274,	110,	15
831,	1207,	1602,	274,	111,	15
832,	1206,	1591,	274,	112,	15
833,	1205,	1579,	274,	113,	15
834,	1204,	1568,	274,	114,	15
835,	1203,	1557,	274,	115,	15
836,	1201,	1547,	274,	116,	15
837,	1200,	1537,	274,	117,	15
838,	1198,	1529,	274,	118,	15
839,	1196,	1522,	274,	119,	15
840,	1193,	1516,	274,	120,	15
841,	1191,	1513,	274,	121,	15
842,	1188,	1512,	274,	122,	15
843,	1185,	1509,	274,	123,	15
844,	1181,	1505,	274,	124,	15
845,	1178,	1499,	274,	125,	15
846,	1174,	1492,	274,	126,	15
847,	1170,	1483,	274,	127,	15
848,	1166,	1473,	274,	128,	15
849,	1162,	1461,	274,	129,	15
850,	1158,	1447,	274,	130,	15
851,	1155,	1432,	274,	131,	15
852,	1151,	1415,	274,	132,	15
853,	1148,	1397,	274,	133,	15
854,	1144,	1383,	274,	134,	15
855,	1140,	1374,	274,	135,	15
856,	1135,	1368,	274,	136,	15
857,	1130,	1360,	274,	137,	15
858,	1123,	1351,	274,	138,	15
859,	1117,	1340,	274,	139,	15
860,	1110,	1329,	274,	140,	15
861,	1104,	1317,	274,	141,	15
862,	1097,	1306,	274,	142,	15
863,	1090,	1295,	274,	143,	15
864,	1083,	1285,	274,	144,	15
865,	1077,	1277,	274,	145,	15
866,	1071,	1269,	274,	146,	15
867,	1066,	1262,	274,	147,	15
868,	1062,	1257,	274,	148,	15
869,	1059,	1253,	274,	149,	15
870,	1056,	1249,	274,	150,	15
871,	1054,	1247,	274,	151,	15
872,	1053,	1245,	274,	152,	15
873,	1053,	1245,	274,	153,	15
874,	1052,	1245,	274,	154,	15
875,	1052,	1246,	274,	155,	15
876,	1052,	1247,	274,	156,	15
877,	1052,	1250,	274,	157,	15
878,	1052,	1253,	274,	158,	15
879,	1052,	1256,	274,	159,	15
880,	1052,	1260,	274,	160,	15
881,	1052,	1265,	274,	161,	15
882,	1052,	1271,	274,	162,	15
883,	1053,	1277,	274,	163,	15
884,	1054,	1283,	274,	164,	15
885,	1054,	1290,	274,	165,	15
886,	1056,	1298,	274,	166,	15
887,	1057,	1305,	274,	167,	15
888,	1059,	1312,	274,	168,	15
889,	1061,	1319,	274,	169,	15
890,	1064,	1326,	274,	170,	15
891,	1066,	1332,	274,	171,	15
892,	1069,	1338,	274,	172,	15
893,	1073,	1343,	274,	173,	15
894,	1076,	1348,	274,	174,	15
895,	1080,	1352,	274,	175,	15
896,	1083,	1356,	274,	176,	15
897,	1087,	1359,	274,	177,	15
898,	1090,	1361,	274,	178,	15
899,	1093,	1363,	274,	179,	15
900,	1096,	1364,	274,	180,	15
901,	1099,	1365,	274,	181,	15
902,	1102,	1365,	274,	182,	15
903,	1104,	1365,	274,	183,	15
904,	1106,	1364,	274,	184,	15
905,	1108,	1363,	274,	185,	15
906,	1110,	1361,	274,	186,	15
907,	1112,	1358,	274,	187,	15
908,	1113,	1355,	274,	188,	15
909,	1114,	1352,	274,	189,	15
910,	1115,	1347,	274,	190,	15
911,	1116,	1342,	274,	191,	15
912,	1117,	1336,	274,	192,	15
913,	1117,	1330,	274,	193,	15
914,	1117,	1322,	274,	194,	15
915,	1117,	1314,	274,	195,	15
916,	1117,	1306,	274,	196,	15
917,	1116,	1297,	274,	197,	15
918,	1116,	1288,	274,	198,	15
919,	1115,	1279,	274,	199,	15
920,	1113,	1270,	274,	200,	15
921,	1112,	1261,	274,	201,	15
922,	1110,	1253,	274,	202,	15
923,	1108,	1245,	274,	203,	15
924,	1105,	1239,	274,	204,	15
925,	1102,	1232,	274,	205,	15
926,	1099,	1227,	274,	206,	15
927,	1095,	1222,	274,	207,	15
928,	1091,	1219,	274,	208,	15
929,	1086,	1215,	274,	209,	15
930,	1081,	1213,	274,	210,	15
931,	1076,	1212,	274,	211,	15
932,	1070,	1210,	274,	212,	15
933,	1065,	1210,	274,	213,	15
934,	1060,	1210,	274,	214,	15
935,	1056,	1210,	274,	215,	15
936,	1053,	1208,	274,	216,	15
937,	1052,	1206,	274,	217,	15
938,	1050,	1202,	274,	218,	15
939,	1048,	1198,	274,	219,	15
940,	1046,	1193,	274,	220,	15
941,	1043,	1187,	274,	221,	15
942,	1040,	1180,	274,	222,	15
943,	1037,	1172,	274,	223,	15
944,	1033,	1163,	274,	224,	15
945,	1029,	1154,	274,	225,	15
946,	1026,	1146,	274,	226,	15
947,	1022,	1134,	274,	227,	15
948,	1018,	1115,	274,	228,	15
949,	1014,	1090,	274,	229,	15
950,	1011,	1061,	274,	230,	15
951,	1007,	1049,	274,	231,	15
952,	1004,	1036,	274,	232,	15
953,	1001,	1015,	274,	233,	15
954,	998,	986,	274,	234,	15
955,	996,	953,	274,	235,	15
956,	994,	926,	274,	236,	15
957,	993,	910,	274,	237,	15
958,	992,	907,	274,	238,	15
959,	992,	900,	274,	239,	15
960,	992,	884,	274,	240,	15
961,	993,	857,	274,	241,	15
962,	994,	819,	274,	242,	15
963,	996,	779,	274,	243,	15
964,	999,	725,	274,	244,	15
965,	1002,	664,	274,	245,	15
966,	1005,	623,	274,	246,	15
967,	1009,	604,	274,	247,	15
968,	1013,	587,	274,	248,	15
969,	1018,	544,	274,	249,	15
970,	1022,	512,	274,	250,	15
971,	1027,	447,	274,	251,	15
972,	1031,	428,	274,	252,	15
973,	1035,	381,	274,	253,	15
974,	1039,	327,	274,	254,	15
975,	1043,	302,	274,	255,	15
976,	1046,	294,	274,	256,	15
977,	1049,	3935,	274,	257,	15
978,	1051,	3813,	274,	258,	15
979,	1053,	3632,	274,	259,	15
980,	1058,	3595,	274,	260,	15
981,	1065,	3515,	274,	261,	15
982,	1073,	3394,	274,	262,	15
983,	1083,	3330,	274,	263,	15
984,	1092,	3314,	274,	264,	15
985,	1100,	3274,	274,	265,	15
986,	1108,	3238,	274,	266,	15
987,	1115,	3190,	274,	267,	15
988,	1121,	3139,	274,	268,	15
989,	1127,	3095,	274,	269,	15
990,	1132,	3065,	274,	270,	15
991,	1136,	3048,	274,	271,	15
992,	1139,	3041,	274,	272,	15
993,	1142,	3040,	274,	273,	15
994,	1144,	3044,	274,	274,	15
995,	1145,	3056,	274,	275,	15
996,	1146,	3077,	274,	276,	15
997,	1147,	3111,	274,	277,	15
998,	1147,	3154,	274,	278,	15
999,	1147,	3200,	274,	279,	15
1000,	1146,	3243,	274,	280,	15
1001,	1144,	3275,	274,	281,	15
1002,	1142,	3311,	274,	282,	15
1003,	1139,	3330,	274,	283,	15
1004,	1134,	3365,	274,	284,	15
1005,	1127,	3472,	274,	285,	15
1006,	1117,	3563,	274,	286,	15
1007,	1106,	3618,	274,	287,	15
1008,	1091,	3653,	274,	288,	15
1009,	1073,	3833,	274,	289,	15
1010,	1057,	3935,	274,	290,	15
1011,	1050,	292,	274,	291,	15
1012,	1043,	302,	274,	292,	15
1013,	1030,	310,	274,	293,	15
1014,	1013,	344,	274,	294,	15
1015,	990,	391,	274,	295,	15
1016,	964,	427,	274,	296,	15
1017,	940,	445,	274,	297,	15
1018,	920,	474,	274,	298,	15
1019,	909,	492,	274,	299,	15
1020,	908,	546,	274,	300,	15
1021,	903,	579,	274,	301,	15
1022,	892,	596,	274,	302,	15
1023,	873,	604,	274,	303,	15
1024,	848,	615,	274,	304,	15
1025,	814,	634,	274,	305,	15
1026,	783,	660,	274,	306,	15
1027,	745,	693,	274,	307,	15
1028,	696,	729,	274,	308,	15
1029,	654,	760,	274,	309,	15
1030,	625,	783,	274,	310,	15
1031,	605,	799,	274,	311,	15
1032,	600,	823,	274,	312,	15
1033,	587,	842,	274,	313,	15
1034,	565,	857,	274,	314,	15
1035,	525,	870,	274,	315,	15
1036,	494,	881,	274,	316,	15
1037,	481,	889,	274,	317,	15
1038,	449,	895,	274,	318,	15
1039,	444,	900,	274,	319,	15
1040,	436,	904,	274,	320,	15
1041,	426,	906,	274,	321,	15
1042,	414,	907,	274,	322,	15
1043,	403,	908,	274,	323,	15
1044,	394,	908,	274,	324,	15
1045,	389,	909,	274,	325,	15
1046,	388,	911,	274,	326,	15
1047,	391,	914,	274,	327,	15
1048,	398,	919,	274,	328,	15
1049,	409,	923,	274,	329,	15
1050,	423,	928,	274,	330,	15
1051,	436,	933,	274,	331,	15
1052,	446,	939,	274,	332,	15
1053,	466,	945,	274,	333,	15
1054,	500,	951,	274,	334,	15
1055,	537,	957,	274,	335,	15
1056,	581,	963,	274,	336,	15
1057,	602,	969,	274,	337,	15
1058,	617,	975,	274,	338,	15
1059,	662,	981,	274,	339,	15
1060,	740,	986,	274,	340,	15
1061,	800,	991,	274,	341,	15
1062,	862,	997,	274,	342,	15
1063,	900,	1001,	274,	343,	15
1064,	909,	1006,	274,	344,	15
1065,	967,	1011,	274,	345,	15
1066,	1044,	1015,	274,	346,	15
1067,	1128,	1019,	274,	347,	15
1068,	1190,	1023,	274,	348,	15
1069,	1217,	1027,	274,	349,	15
1070,	1290,	1031,	274,	350,	15
1071,	1371,	1035,	274,	351,	15
1072,	1462,	1038,	274,	352,	15
1073,	1510,	1041,	274,	353,	15
1074,	1549,	1044,	274,	354,	15
1075,	1649,	1047,	274,	355,	15
1076,	1722,	1049,	274,	356,	15
1077,	1786,	1051,	274,	357,	15
1078,	1815,	1053,	274,	358,	15
1079,	1836,	1057,	274,	359,	15
1080,	1898,	1063,	274,	360,	15
1081,	3933,	2903,	274,	1,	20
1082,	3933,	2903,	274,	2,	20
1083,	3931,	2903,	274,	3,	20
1084,	3928,	2903,	274,	4,	20
1085,	3924,	2903,	274,	5,	20
1086,	3916,	2903,	274,	6,	20
1087,	3905,	2903,	274,	7,	20
1088,	3889,	276,	274,	8,	20
1089,	3867,	286,	274,	9,	20
1090,	3846,	295,	274,	10,	20
1091,	3818,	301,	274,	11,	20
1092,	3802,	302,	274,	12,	20
1093,	3774,	311,	274,	13,	20
1094,	3734,	332,	274,	14,	20
1095,	3687,	362,	274,	15,	20
1096,	3648,	396,	274,	16,	20
1097,	3632,	424,	274,	17,	20
1098,	3632,	442,	274,	18,	20
1099,	3628,	452,	274,	19,	20
1100,	3616,	478,	274,	20,	20
1101,	3599,	509,	274,	21,	20
1102,	3586,	564,	274,	22,	20
1103,	3568,	589,	274,	23,	20
1104,	3543,	603,	274,	24,	20
1105,	3513,	614,	274,	25,	20
1106,	3477,	643,	274,	26,	20
1107,	3436,	691,	274,	27,	20
1108,	3393,	750,	274,	28,	20
1109,	3356,	792,	274,	29,	20
1110,	3333,	840,	274,	30,	20
1111,	3330,	875,	274,	31,	20
1112,	3326,	899,	274,	32,	20
1113,	3315,	908,	274,	33,	20
1114,	3296,	923,	274,	34,	20
1115,	3276,	975,	274,	35,	20
1116,	3260,	1032,	274,	36,	20
1117,	3238,	1071,	274,	37,	20
1118,	3209,	1143,	274,	38,	20
1119,	3175,	1184,	274,	39,	20
1120,	3137,	1210,	274,	40,	20
1121,	3097,	1232,	274,	41,	20
1122,	3062,	1294,	274,	42,	20
1123,	3037,	1359,	274,	43,	20
1124,	3027,	1413,	274,	44,	20
1125,	3024,	1479,	274,	45,	20
1126,	3011,	1510,	274,	46,	20
1127,	2990,	1533,	274,	47,	20
1128,	2960,	1602,	274,	48,	20
1129,	2926,	1679,	274,	49,	20
1130,	2901,	1736,	274,	50,	20
1131,	2878,	1788,	274,	51,	20
1132,	2844,	1814,	274,	52,	20
1133,	2806,	1829,	274,	53,	20
1134,	2773,	1890,	274,	54,	20
1135,	2750,	1954,	274,	55,	20
1136,	2735,	2041,	274,	56,	20
1137,	2724,	2102,	274,	57,	20
1138,	2722,	2123,	274,	58,	20
1139,	2713,	2179,	274,	59,	20
1140,	2696,	2266,	274,	60,	20
1141,	2674,	2330,	274,	61,	20
1142,	2644,	2386,	274,	62,	20
1143,	2625,	2416,	274,	63,	20
1144,	2567,	2425,	274,	64,	20
1145,	2540,	2472,	274,	65,	20
1146,	2518,	2523,	274,	66,	20
1147,	2499,	2597,	274,	67,	20
1148,	2480,	2675,	274,	68,	20
1149,	2459,	2717,	274,	69,	20
1150,	2441,	2729,	274,	70,	20
1151,	2427,	2760,	274,	71,	20
1152,	2422,	2822,	274,	72,	20
1153,	2421,	2886,	274,	73,	20
1154,	2418,	2929,	274,	74,	20
1155,	2412,	2985,	274,	75,	20
1156,	2404,	3018,	274,	76,	20
1157,	2395,	3027,	274,	77,	20
1158,	2383,	3049,	274,	78,	20
1159,	2371,	3095,	274,	79,	20
1160,	2357,	3149,	274,	80,	20
1161,	2342,	3195,	274,	81,	20
1162,	2325,	3231,	274,	82,	20
1163,	2316,	3256,	274,	83,	20
1164,	2305,	3273,	274,	84,	20
1165,	2292,	3289,	274,	85,	20
1166,	2278,	3305,	274,	86,	20
1167,	2264,	3317,	274,	87,	20
1168,	2250,	3323,	274,	88,	20
1169,	2236,	3327,	274,	89,	20
1170,	2224,	3329,	274,	90,	20
1171,	2212,	3329,	274,	91,	20
1172,	2203,	3329,	274,	92,	20
1173,	2195,	3329,	274,	93,	20
1174,	2188,	3327,	274,	94,	20
1175,	2182,	3324,	274,	95,	20
1176,	2178,	3319,	274,	96,	20
1177,	2174,	3309,	274,	97,	20
1178,	2171,	3295,	274,	98,	20
1179,	2168,	3277,	274,	99,	20
1180,	2167,	3263,	274,	100,	20
1181,	2165,	3241,	274,	101,	20
1182,	2165,	3210,	274,	102,	20
1183,	2164,	3169,	274,	103,	20
1184,	2165,	3119,	274,	104,	20
1185,	2165,	3069,	274,	105,	20
1186,	2166,	3033,	274,	106,	20
1187,	2167,	3026,	274,	107,	20
1188,	2169,	3007,	274,	108,	20
1189,	2170,	2965,	274,	109,	20
1190,	2172,	2910,	274,	110,	20
1191,	2174,	2869,	274,	111,	20
1192,	2176,	2802,	274,	112,	20
1193,	2179,	2750,	274,	113,	20
1194,	2181,	2724,	274,	114,	20
1195,	2183,	2713,	274,	115,	20
1196,	2185,	2670,	274,	116,	20
1197,	2188,	2589,	274,	117,	20
1198,	2190,	2524,	274,	118,	20
1199,	2191,	2476,	274,	119,	20
1200,	2193,	2429,	274,	120,	20
1201,	2194,	2419,	274,	121,	20
1202,	2195,	2397,	274,	122,	20
1203,	2195,	2352,	274,	123,	20
1204,	2195,	2298,	274,	124,	20
1205,	2194,	2220,	274,	125,	20
1206,	2193,	2149,	274,	126,	20
1207,	2191,	2118,	274,	127,	20
1208,	2189,	2090,	274,	128,	20
1209,	2186,	2028,	274,	129,	20
1210,	2182,	1948,	274,	130,	20
1211,	2177,	1892,	274,	131,	20
1212,	2172,	1836,	274,	132,	20
1213,	2166,	1816,	274,	133,	20
1214,	2160,	1800,	274,	134,	20
1215,	2153,	1763,	274,	135,	20
1216,	2147,	1710,	274,	136,	20
1217,	2140,	1662,	274,	137,	20
1218,	2133,	1591,	274,	138,	20
1219,	2126,	1534,	274,	139,	20
1220,	2119,	1512,	274,	140,	20
1221,	2119,	1493,	274,	141,	20
1222,	2117,	1451,	274,	142,	20
1223,	2113,	1388,	274,	143,	20
1224,	2105,	1353,	274,	144,	20
1225,	2094,	1299,	274,	145,	20
1226,	2079,	1246,	274,	146,	20
1227,	2061,	1215,	274,	147,	20
1228,	2038,	1208,	274,	148,	20
1229,	2011,	1182,	274,	149,	20
1230,	1965,	1151,	274,	150,	20
1231,	1949,	1112,	274,	151,	20
1232,	1923,	1056,	274,	152,	20
1233,	1899,	1035,	274,	153,	20
1234,	1874,	999,	274,	154,	20
1235,	1846,	957,	274,	155,	20
1236,	1824,	925,	274,	156,	20
1237,	1816,	909,	274,	157,	20
1238,	1814,	907,	274,	158,	20
1239,	1805,	901,	274,	159,	20
1240,	1790,	889,	274,	160,	20
1241,	1771,	872,	274,	161,	20
1242,	1746,	851,	274,	162,	20
1243,	1719,	827,	274,	163,	20
1244,	1693,	797,	274,	164,	20
1245,	1671,	778,	274,	165,	20
1246,	1641,	752,	274,	166,	20
1247,	1607,	720,	274,	167,	20
1248,	1575,	688,	274,	168,	20
1249,	1550,	661,	274,	169,	20
1250,	1531,	640,	274,	170,	20
1251,	1519,	624,	274,	171,	20
1252,	1513,	612,	274,	172,	20
1253,	1511,	605,	274,	173,	20
1254,	1508,	603,	274,	174,	20
1255,	1503,	597,	274,	175,	20
1256,	1497,	589,	274,	176,	20
1257,	1493,	579,	274,	177,	20
1258,	1489,	567,	274,	178,	20
1259,	1486,	549,	274,	179,	20
1260,	1486,	525,	274,	180,	20
1261,	1487,	498,	274,	181,	20
1262,	1490,	497,	274,	182,	20
1263,	1494,	481,	274,	183,	20
1264,	1499,	477,	274,	184,	20
1265,	1505,	461,	274,	185,	20
1266,	1509,	448,	274,	186,	20
1267,	1512,	446,	274,	187,	20
1268,	1513,	444,	274,	188,	20
1269,	1520,	441,	274,	189,	20
1270,	1531,	439,	274,	190,	20
1271,	1545,	436,	274,	191,	20
1272,	1562,	435,	274,	192,	20
1273,	1582,	434,	274,	193,	20
1274,	1603,	434,	274,	194,	20
1275,	1623,	436,	274,	195,	20
1276,	1640,	438,	274,	196,	20
1277,	1655,	442,	274,	197,	20
1278,	1665,	445,	274,	198,	20
1279,	1673,	447,	274,	199,	20
1280,	1677,	461,	274,	200,	20
1281,	1678,	484,	274,	201,	20
1282,	1675,	496,	274,	202,	20
1283,	1669,	517,	274,	203,	20
1284,	1658,	560,	274,	204,	20
1285,	1640,	585,	274,	205,	20
1286,	1615,	600,	274,	206,	20
1287,	1582,	609,	274,	207,	20
1288,	1550,	639,	274,	208,	20
1289,	1523,	694,	274,	209,	20
1290,	1512,	767,	274,	210,	20
1291,	1494,	824,	274,	211,	20
1292,	1452,	878,	274,	212,	20
1293,	1381,	906,	274,	213,	20
1294,	1334,	927,	274,	214,	20
1295,	1257,	1018,	274,	215,	20
1296,	1212,	1100,	274,	216,	20
1297,	1187,	1185,	274,	217,	20
1298,	1133,	1223,	274,	218,	20
1299,	1049,	1331,	274,	219,	20
1300,	984,	1437,	274,	220,	20
1301,	916,	1512,	274,	221,	20
1302,	904,	1600,	274,	222,	20
1303,	873,	1728,	274,	223,	20
1304,	816,	1811,	274,	224,	20
1305,	754,	1871,	274,	225,	20
1306,	672,	2013,	274,	226,	20
1307,	620,	2118,	274,	227,	20
1308,	602,	2235,	274,	228,	20
1309,	580,	2372,	274,	229,	20
1310,	529,	2422,	274,	230,	20
1311,	492,	2519,	274,	231,	20
1312,	453,	2680,	274,	232,	20
1313,	442,	2736,	274,	233,	20
1314,	428,	2866,	274,	234,	20
1315,	412,	2988,	274,	235,	20
1316,	399,	3038,	274,	236,	20
1317,	391,	3176,	274,	237,	20
1318,	392,	3274,	274,	238,	20
1319,	401,	3329,	274,	239,	20
1320,	417,	3396,	274,	240,	20
1321,	434,	3528,	274,	241,	20
1322,	447,	3596,	274,	242,	20
1323,	487,	3632,	274,	243,	20
1324,	534,	3680,	274,	244,	20
1325,	589,	3795,	274,	245,	20
1326,	609,	3858,	274,	246,	20
1327,	670,	3910,	274,	247,	20
1328,	776,	3930,	274,	248,	20
1329,	860,	3935,	274,	249,	20
1330,	906,	3935,	274,	250,	20
1331,	954,	3935,	274,	251,	20
1332,	1056,	3931,	274,	252,	20
1333,	1181,	3917,	274,	253,	20
1334,	1238,	3884,	274,	254,	20
1335,	1371,	3835,	274,	255,	20
1336,	1500,	3791,	274,	256,	20
1337,	1584,	3716,	274,	257,	20
1338,	1739,	3640,	274,	258,	20
1339,	1816,	3632,	274,	259,	20
1340,	1926,	3619,	274,	260,	20
1341,	2097,	3595,	274,	261,	20
1342,	2193,	3569,	274,	262,	20
1343,	2361,	3532,	274,	263,	20
1344,	2422,	3488,	274,	264,	20
1345,	2530,	3439,	274,	265,	20
1346,	2698,	3392,	274,	266,	20
1347,	2751,	3357,	274,	267,	20
1348,	2892,	3336,	274,	268,	20
1349,	3003,	3330,	274,	269,	20
1350,	3042,	3330,	274,	270,	20
1351,	3156,	3330,	274,	271,	20
1352,	3245,	3329,	274,	272,	20
1353,	3288,	3330,	274,	273,	20
1354,	3322,	3330,	274,	274,	20
1355,	3330,	3330,	274,	275,	20
1356,	3334,	3335,	274,	276,	20
1357,	3346,	3351,	274,	277,	20
1358,	3350,	3378,	274,	278,	20
1359,	3343,	3415,	274,	279,	20
1360,	3332,	3457,	274,	280,	20
1361,	3330,	3497,	274,	281,	20
1362,	3324,	3532,	274,	282,	20
1363,	3301,	3562,	274,	283,	20
1364,	3270,	3584,	274,	284,	20
1365,	3232,	3599,	274,	285,	20
1366,	3169,	3617,	274,	286,	20
1367,	3088,	3628,	274,	287,	20
1368,	3031,	3632,	274,	288,	20
1369,	3018,	3632,	274,	289,	20
1370,	2966,	3633,	274,	290,	20
1371,	2900,	3639,	274,	291,	20
1372,	2831,	3640,	274,	292,	20
1373,	2758,	3635,	274,	293,	20
1374,	2724,	3632,	274,	294,	20
1375,	2712,	3632,	274,	295,	20
1376,	2668,	3625,	274,	296,	20
1377,	2599,	3601,	274,	297,	20
1378,	2535,	3576,	274,	298,	20
1379,	2498,	3523,	274,	299,	20
1380,	2466,	3435,	274,	300,	20
1381,	2439,	3340,	274,	301,	20
1382,	2425,	3322,	274,	302,	20
1383,	2422,	3270,	274,	303,	20
1384,	2421,	3190,	274,	304,	20
1385,	2421,	3063,	274,	305,	20
1386,	2420,	3019,	274,	306,	20
1387,	2421,	2919,	274,	307,	20
1388,	2421,	2800,	274,	308,	20
1389,	2421,	2724,	274,	309,	20
1390,	2423,	2649,	274,	310,	20
1391,	2431,	2504,	274,	311,	20
1392,	2448,	2421,	274,	312,	20
1393,	2471,	2373,	274,	313,	20
1394,	2497,	2250,	274,	314,	20
1395,	2525,	2119,	274,	315,	20
1396,	2561,	2044,	274,	316,	20
1397,	2623,	1901,	274,	317,	20
1398,	2673,	1816,	274,	318,	20
1399,	2708,	1764,	274,	319,	20
1400,	2724,	1658,	274,	320,	20
1401,	2736,	1527,	274,	321,	20
1402,	2769,	1483,	274,	322,	20
1403,	2828,	1371,	274,	323,	20
1404,	2888,	1262,	274,	324,	20
1405,	2930,	1209,	274,	325,	20
1406,	2988,	1146,	274,	326,	20
1407,	3021,	1047,	274,	327,	20
1408,	3029,	958,	274,	328,	20
1409,	3068,	908,	274,	329,	20
1410,	3134,	888,	274,	330,	20
1411,	3196,	833,	274,	331,	20
1412,	3244,	765,	274,	332,	20
1413,	3274,	678,	274,	333,	20
1414,	3304,	621,	274,	334,	20
1415,	3326,	601,	274,	335,	20
1416,	3330,	576,	274,	336,	20
1417,	3354,	510,	274,	337,	20
1418,	3409,	479,	274,	338,	20
1419,	3469,	445,	274,	339,	20
1420,	3518,	423,	274,	340,	20
1421,	3557,	385,	274,	341,	20
1422,	3584,	343,	274,	342,	20
1423,	3601,	313,	274,	343,	20
1424,	3622,	302,	274,	344,	20
1425,	3632,	300,	274,	345,	20
1426,	3632,	291,	274,	346,	20
1427,	3656,	279,	274,	347,	20
1428,	3708,	3935,	274,	348,	20
1429,	3761,	3893,	274,	349,	20
1430,	3797,	3819,	274,	350,	20
1431,	3818,	3770,	274,	351,	20
1432,	3849,	3700,	274,	352,	20
1433,	3873,	3650,	274,	353,	20
1434,	3895,	3631,	274,	354,	20
1435,	3911,	3632,	274,	355,	20
1436,	3921,	3632,	274,	356,	20
1437,	3927,	3632,	274,	357,	20
1438,	3931,	3632,	274,	358,	20
1439,	3933,	3632,	274,	359,	20
1440,	3933,	3632,	274,	360,	20
1441,	1577,	3326,	274,	1,	23
1442,	1561,	3330,	274,	2,	23
1443,	1549,	3351,	274,	3,	23
1444,	1539,	3395,	274,	4,	23
1445,	1531,	3440,	274,	5,	23
1446,	1525,	3477,	274,	6,	23
1447,	1521,	3504,	274,	7,	23
1448,	1518,	3523,	274,	8,	23
1449,	1516,	3536,	274,	9,	23
1450,	1513,	3545,	274,	10,	23
1451,	1513,	3548,	274,	11,	23
1452,	1513,	3549,	274,	12,	23
1453,	1513,	3546,	274,	13,	23
1454,	1513,	3539,	274,	14,	23
1455,	1513,	3529,	274,	15,	23
1456,	1513,	3515,	274,	16,	23
1457,	1513,	3497,	274,	17,	23
1458,	1513,	3475,	274,	18,	23
1459,	1513,	3449,	274,	19,	23
1460,	1513,	3419,	274,	20,	23
1461,	1513,	3387,	274,	21,	23
1462,	1513,	3358,	274,	22,	23
1463,	1516,	3337,	274,	23,	23
1464,	1517,	3330,	274,	24,	23
1465,	1519,	3329,	274,	25,	23
1466,	1521,	3325,	274,	26,	23
1467,	1523,	3315,	274,	27,	23
1468,	1525,	3300,	274,	28,	23
1469,	1528,	3282,	274,	29,	23
1470,	1530,	3272,	274,	30,	23
1471,	1533,	3260,	274,	31,	23
1472,	1536,	3245,	274,	32,	23
1473,	1539,	3228,	274,	33,	23
1474,	1542,	3210,	274,	34,	23
1475,	1545,	3192,	274,	35,	23
1476,	1549,	3174,	274,	36,	23
1477,	1552,	3156,	274,	37,	23
1478,	1556,	3139,	274,	38,	23
1479,	1561,	3124,	274,	39,	23
1480,	1566,	3110,	274,	40,	23
1481,	1571,	3099,	274,	41,	23
1482,	1577,	3091,	274,	42,	23
1483,	1584,	3085,	274,	43,	23
1484,	1592,	3081,	274,	44,	23
1485,	1601,	3079,	274,	45,	23
1486,	1611,	3080,	274,	46,	23
1487,	1622,	3083,	274,	47,	23
1488,	1634,	3089,	274,	48,	23
1489,	1646,	3097,	274,	49,	23
1490,	1659,	3109,	274,	50,	23
1491,	1671,	3124,	274,	51,	23
1492,	1683,	3142,	274,	52,	23
1493,	1692,	3163,	274,	53,	23
1494,	1702,	3186,	274,	54,	23
1495,	1720,	3210,	274,	55,	23
1496,	1737,	3233,	274,	56,	23
1497,	1753,	3255,	274,	57,	23
1498,	1769,	3273,	274,	58,	23
1499,	1784,	3295,	274,	59,	23
1500,	1798,	3318,	274,	60,	23
1501,	1808,	3329,	274,	61,	23
1502,	1815,	3336,	274,	62,	23
1503,	1816,	3391,	274,	63,	23
1504,	1825,	3472,	274,	64,	23
1505,	1851,	3543,	274,	65,	23
1506,	1881,	3591,	274,	66,	23
1507,	1911,	3628,	274,	67,	23
1508,	1944,	3653,	274,	68,	23
1509,	1990,	3803,	274,	69,	23
1510,	2035,	3917,	274,	70,	23
1511,	2074,	3917,	274,	71,	23
1512,	2103,	286,	274,	72,	23
1513,	2117,	298,	274,	73,	23
1514,	2127,	302,	274,	74,	23
1515,	2155,	311,	274,	75,	23
1516,	2196,	336,	274,	76,	23
1517,	2245,	370,	274,	77,	23
1518,	2290,	405,	274,	78,	23
1519,	2320,	430,	274,	79,	23
1520,	2353,	444,	274,	80,	23
1521,	2379,	456,	274,	81,	23
1522,	2399,	486,	274,	82,	23
1523,	2412,	493,	274,	83,	23
1524,	2420,	536,	274,	84,	23
1525,	2421,	567,	274,	85,	23
1526,	2427,	583,	274,	86,	23
1527,	2440,	594,	274,	87,	23
1528,	2456,	601,	274,	88,	23
1529,	2472,	605,	274,	89,	23
1530,	2485,	605,	274,	90,	23
1531,	2494,	615,	274,	91,	23
1532,	2502,	622,	274,	92,	23
1533,	2506,	629,	274,	93,	23
1534,	2509,	634,	274,	94,	23
1535,	2509,	639,	274,	95,	23
1536,	2508,	642,	274,	96,	23
1537,	2505,	643,	274,	97,	23
1538,	2500,	643,	274,	98,	23
1539,	2494,	642,	274,	99,	23
1540,	2486,	639,	274,	100,	23
1541,	2476,	636,	274,	101,	23
1542,	2465,	632,	274,	102,	23
1543,	2454,	628,	274,	103,	23
1544,	2442,	623,	274,	104,	23
1545,	2432,	618,	274,	105,	23
1546,	2424,	613,	274,	106,	23
1547,	2422,	605,	274,	107,	23
1548,	2421,	605,	274,	108,	23
1549,	2419,	605,	274,	109,	23
1550,	2415,	603,	274,	110,	23
1551,	2409,	602,	274,	111,	23
1552,	2402,	599,	274,	112,	23
1553,	2394,	596,	274,	113,	23
1554,	2385,	593,	274,	114,	23
1555,	2375,	589,	274,	115,	23
1556,	2366,	586,	274,	116,	23
1557,	2357,	583,	274,	117,	23
1558,	2348,	580,	274,	118,	23
1559,	2340,	577,	274,	119,	23
1560,	2333,	576,	274,	120,	23
1561,	2329,	575,	274,	121,	23
1562,	2326,	576,	274,	122,	23
1563,	2325,	577,	274,	123,	23
1564,	2328,	580,	274,	124,	23
1565,	2333,	583,	274,	125,	23
1566,	2339,	586,	274,	126,	23
1567,	2346,	590,	274,	127,	23
1568,	2356,	595,	274,	128,	23
1569,	2365,	599,	274,	129,	23
1570,	2375,	602,	274,	130,	23
1571,	2385,	604,	274,	131,	23
1572,	2396,	605,	274,	132,	23
1573,	2405,	613,	274,	133,	23
1574,	2413,	623,	274,	134,	23
1575,	2419,	636,	274,	135,	23
1576,	2421,	652,	274,	136,	23
1577,	2423,	674,	274,	137,	23
1578,	2435,	703,	274,	138,	23
1579,	2455,	734,	274,	139,	23
1580,	2480,	763,	274,	140,	23
1581,	2504,	785,	274,	141,	23
1582,	2530,	807,	274,	142,	23
1583,	2563,	836,	274,	143,	23
1584,	2612,	859,	274,	144,	23
1585,	2661,	878,	274,	145,	23
1586,	2695,	894,	274,	146,	23
1587,	2717,	904,	274,	147,	23
1588,	2724,	908,	274,	148,	23
1589,	2737,	912,	274,	149,	23
1590,	2763,	933,	274,	150,	23
1591,	2808,	969,	274,	151,	23
1592,	2862,	1010,	274,	152,	23
1593,	2901,	1041,	274,	153,	23
1594,	2943,	1062,	274,	154,	23
1595,	2990,	1116,	274,	155,	23
1596,	3019,	1150,	274,	156,	23
1597,	3027,	1177,	274,	157,	23
1598,	3046,	1202,	274,	158,	23
1599,	3093,	1210,	274,	159,	23
1600,	3148,	1220,	274,	160,	23
1601,	3198,	1244,	274,	161,	23
1602,	3237,	1279,	274,	162,	23
1603,	3264,	1317,	274,	163,	23
1604,	3281,	1348,	274,	164,	23
1605,	3306,	1369,	274,	165,	23
1606,	3321,	1385,	274,	166,	23
1607,	3329,	1413,	274,	167,	23
1608,	3330,	1438,	274,	168,	23
1609,	3331,	1456,	274,	169,	23
1610,	3338,	1468,	274,	170,	23
1611,	3345,	1476,	274,	171,	23
1612,	3349,	1480,	274,	172,	23
1613,	3347,	1481,	274,	173,	23
1614,	3340,	1479,	274,	174,	23
1615,	3332,	1474,	274,	175,	23
1616,	3330,	1463,	274,	176,	23
1617,	3328,	1446,	274,	177,	23
1618,	3317,	1419,	274,	178,	23
1619,	3293,	1384,	274,	179,	23
1620,	3265,	1363,	274,	180,	23
1621,	3224,	1328,	274,	181,	23
1622,	3156,	1275,	274,	182,	23
1623,	3071,	1229,	274,	183,	23
1624,	3027,	1210,	274,	184,	23
1625,	2999,	1185,	274,	185,	23
1626,	2916,	1141,	274,	186,	23
1627,	2838,	1059,	274,	187,	23
1628,	2748,	1013,	274,	188,	23
1629,	2720,	937,	274,	189,	23
1630,	2656,	908,	274,	190,	23
1631,	2536,	891,	274,	191,	23
1632,	2460,	844,	274,	192,	23
1633,	2421,	778,	274,	193,	23
1634,	2385,	689,	274,	194,	23
1635,	2311,	621,	274,	195,	23
1636,	2202,	598,	274,	196,	23
1637,	2123,	553,	274,	197,	23
1638,	2089,	487,	274,	198,	23
1639,	2001,	439,	274,	199,	23
1640,	1909,	385,	274,	200,	23
1641,	1839,	317,	274,	201,	23
1642,	1815,	300,	274,	202,	23
1643,	1790,	274,	274,	203,	23
1644,	1742,	3782,	274,	204,	23
1645,	1688,	3623,	274,	205,	23
1646,	1630,	3528,	274,	206,	23
1647,	1566,	3367,	274,	207,	23
1648,	1526,	3323,	274,	208,	23
1649,	1513,	3269,	274,	209,	23
1650,	1504,	3200,	274,	210,	23
1651,	1489,	3107,	274,	211,	23
1652,	1473,	3038,	274,	212,	23
1653,	1459,	3025,	274,	213,	23
1654,	1448,	3002,	274,	214,	23
1655,	1442,	2965,	274,	215,	23
1656,	1441,	2925,	274,	216,	23
1657,	1446,	2901,	274,	217,	23
1658,	1455,	2884,	274,	218,	23
1659,	1468,	2865,	274,	219,	23
1660,	1481,	2850,	274,	220,	23
1661,	1494,	2840,	274,	221,	23
1662,	1505,	2835,	274,	222,	23
1663,	1512,	2835,	274,	223,	23
1664,	1518,	2839,	274,	224,	23
1665,	1539,	2848,	274,	225,	23
1666,	1574,	2860,	274,	226,	23
1667,	1622,	2873,	274,	227,	23
1668,	1668,	2887,	274,	228,	23
1669,	1698,	2899,	274,	229,	23
1670,	1740,	2911,	274,	230,	23
1671,	1775,	2930,	274,	231,	23
1672,	1801,	2953,	274,	232,	23
1673,	1814,	2975,	274,	233,	23
1674,	1818,	2993,	274,	234,	23
1675,	1849,	3008,	274,	235,	23
1676,	1890,	3018,	274,	236,	23
1677,	1928,	3024,	274,	237,	23
1678,	1990,	3027,	274,	238,	23
1679,	2028,	3027,	274,	239,	23
1680,	2069,	3031,	274,	240,	23
1681,	2099,	3037,	274,	241,	23
1682,	2115,	3043,	274,	242,	23
1683,	2119,	3048,	274,	243,	23
1684,	2135,	3052,	274,	244,	23
1685,	2155,	3053,	274,	245,	23
1686,	2180,	3052,	274,	246,	23
1687,	2205,	3050,	274,	247,	23
1688,	2231,	3046,	274,	248,	23
1689,	2254,	3042,	274,	249,	23
1690,	2273,	3037,	274,	250,	23
1691,	2289,	3033,	274,	251,	23
1692,	2300,	3029,	274,	252,	23
1693,	2309,	3027,	274,	253,	23
1694,	2315,	3027,	274,	254,	23
1695,	2319,	3027,	274,	255,	23
1696,	2322,	3025,	274,	256,	23
1697,	2324,	3023,	274,	257,	23
1698,	2328,	3019,	274,	258,	23
1699,	2330,	3015,	274,	259,	23
1700,	2332,	3011,	274,	260,	23
1701,	2332,	3007,	274,	261,	23
1702,	2331,	3003,	274,	262,	23
1703,	2330,	2999,	274,	263,	23
1704,	2329,	2997,	274,	264,	23
1705,	2326,	2996,	274,	265,	23
1706,	2324,	2996,	274,	266,	23
1707,	2323,	2998,	274,	267,	23
1708,	2322,	3001,	274,	268,	23
1709,	2322,	3006,	274,	269,	23
1710,	2321,	3012,	274,	270,	23
1711,	2321,	3019,	274,	271,	23
1712,	2320,	3024,	274,	272,	23
1713,	2320,	3027,	274,	273,	23
1714,	2321,	3028,	274,	274,	23
1715,	2321,	3041,	274,	275,	23
1716,	2322,	3065,	274,	276,	23
1717,	2323,	3101,	274,	277,	23
1718,	2325,	3145,	274,	278,	23
1719,	2328,	3188,	274,	279,	23
1720,	2332,	3228,	274,	280,	23
1721,	2335,	3260,	274,	281,	23
1722,	2339,	3281,	274,	282,	23
1723,	2342,	3314,	274,	283,	23
1724,	2346,	3329,	274,	284,	23
1725,	2350,	3338,	274,	285,	23
1726,	2354,	3400,	274,	286,	23
1727,	2358,	3483,	274,	287,	23
1728,	2361,	3551,	274,	288,	23
1729,	2365,	3595,	274,	289,	23
1730,	2368,	3629,	274,	290,	23
1731,	2371,	3656,	274,	291,	23
1732,	2374,	3799,	274,	292,	23
1733,	2377,	3906,	274,	293,	23
1734,	2380,	3906,	274,	294,	23
1735,	2383,	289,	274,	295,	23
1736,	2385,	299,	274,	296,	23
1737,	2388,	302,	274,	297,	23
1738,	2390,	309,	274,	298,	23
1739,	2391,	329,	274,	299,	23
1740,	2393,	358,	274,	300,	23
1741,	2394,	390,	274,	301,	23
1742,	2395,	416,	274,	302,	23
1743,	2396,	435,	274,	303,	23
1744,	2397,	445,	274,	304,	23
1745,	2397,	458,	274,	305,	23
1746,	2397,	488,	274,	306,	23
1747,	2397,	492,	274,	307,	23
1748,	2397,	523,	274,	308,	23
1749,	2396,	557,	274,	309,	23
1750,	2395,	576,	274,	310,	23
1751,	2393,	589,	274,	311,	23
1752,	2391,	598,	274,	312,	23
1753,	2388,	603,	274,	313,	23
1754,	2385,	605,	274,	314,	23
1755,	2381,	611,	274,	315,	23
1756,	2377,	620,	274,	316,	23
1757,	2372,	629,	274,	317,	23
1758,	2365,	639,	274,	318,	23
1759,	2358,	649,	274,	319,	23
1760,	2349,	659,	274,	320,	23
1761,	2339,	667,	274,	321,	23
1762,	2326,	674,	274,	322,	23
1763,	2318,	679,	274,	323,	23
1764,	2308,	682,	274,	324,	23
1765,	2294,	682,	274,	325,	23
1766,	2276,	680,	274,	326,	23
1767,	2255,	675,	274,	327,	23
1768,	2230,	668,	274,	328,	23
1769,	2205,	658,	274,	329,	23
1770,	2180,	647,	274,	330,	23
1771,	2158,	636,	274,	331,	23
1772,	2139,	625,	274,	332,	23
1773,	2124,	614,	274,	333,	23
1774,	2118,	605,	274,	334,	23
1775,	2113,	602,	274,	335,	23
1776,	2099,	595,	274,	336,	23
1777,	2078,	582,	274,	337,	23
1778,	2051,	562,	274,	338,	23
1779,	2019,	523,	274,	339,	23
1780,	1968,	496,	274,	340,	23
1781,	1946,	475,	274,	341,	23
1782,	1919,	447,	274,	342,	23
1783,	1894,	437,	274,	343,	23
1784,	1868,	415,	274,	344,	23
1785,	1841,	381,	274,	345,	23
1786,	1822,	344,	274,	346,	23
1787,	1816,	315,	274,	347,	23
1788,	1814,	302,	274,	348,	23
1789,	1807,	299,	274,	349,	23
1790,	1795,	287,	274,	350,	23
1791,	1780,	3935,	274,	351,	23
1792,	1761,	3859,	274,	352,	23
1793,	1741,	3730,	274,	353,	23
1794,	1718,	3632,	274,	354,	23
1795,	1696,	3607,	274,	355,	23
1796,	1683,	3567,	274,	356,	23
1797,	1663,	3504,	274,	357,	23
1798,	1641,	3426,	274,	358,	23
1799,	1618,	3356,	274,	359,	23
1800,	1596,	3330,	274,	360,	23
1801,	942,	2938,	274,	1,	25
1802,	947,	2953,	274,	2,	25
1803,	951,	2964,	274,	3,	25
1804,	954,	2973,	274,	4,	25
1805,	955,	2979,	274,	5,	25
1806,	955,	2983,	274,	6,	25
1807,	953,	2986,	274,	7,	25
1808,	949,	2987,	274,	8,	25
1809,	945,	2986,	274,	9,	25
1810,	939,	2985,	274,	10,	25
1811,	932,	2981,	274,	11,	25
1812,	925,	2977,	274,	12,	25
1813,	919,	2971,	274,	13,	25
1814,	913,	2964,	274,	14,	25
1815,	909,	2956,	274,	15,	25
1816,	908,	2946,	274,	16,	25
1817,	907,	2936,	274,	17,	25
1818,	905,	2925,	274,	18,	25
1819,	900,	2914,	274,	19,	25
1820,	892,	2906,	274,	20,	25
1821,	881,	2899,	274,	21,	25
1822,	865,	2892,	274,	22,	25
1823,	846,	2882,	274,	23,	25
1824,	821,	2871,	274,	24,	25
1825,	792,	2859,	274,	25,	25
1826,	770,	2845,	274,	26,	25
1827,	733,	2832,	274,	27,	25
1828,	690,	2819,	274,	28,	25
1829,	652,	2807,	274,	29,	25
1830,	624,	2797,	274,	30,	25
1831,	605,	2787,	274,	31,	25
1832,	599,	2780,	274,	32,	25
1833,	581,	2773,	274,	33,	25
1834,	545,	2768,	274,	34,	25
1835,	493,	2763,	274,	35,	25
1836,	465,	2760,	274,	36,	25
1837,	442,	2756,	274,	37,	25
1838,	418,	2753,	274,	38,	25
1839,	374,	2751,	274,	39,	25
1840,	328,	2748,	274,	40,	25
1841,	303,	2746,	274,	41,	25
1842,	303,	2744,	274,	42,	25
1843,	303,	2742,	274,	43,	25
1844,	3883,	2740,	274,	44,	25
1845,	3689,	2738,	274,	45,	25
1846,	3621,	2736,	274,	46,	25
1847,	3557,	2734,	274,	47,	25
1848,	3442,	2732,	274,	48,	25
1849,	3334,	2729,	274,	49,	25
1850,	3318,	2724,	274,	50,	25
1851,	3271,	2724,	274,	51,	25
1852,	3214,	2724,	274,	52,	25
1853,	3130,	2724,	274,	53,	25
1854,	3052,	2722,	274,	54,	25
1855,	3027,	2719,	274,	55,	25
1856,	3005,	2714,	274,	56,	25
1857,	2956,	2707,	274,	57,	25
1858,	2904,	2697,	274,	58,	25
1859,	2868,	2683,	274,	59,	25
1860,	2816,	2666,	274,	60,	25
1861,	2774,	2644,	274,	61,	25
1862,	2749,	2612,	274,	62,	25
1863,	2735,	2576,	274,	63,	25
1864,	2724,	2549,	274,	64,	25
1865,	2724,	2526,	274,	65,	25
1866,	2722,	2504,	274,	66,	25
1867,	2719,	2482,	274,	67,	25
1868,	2715,	2458,	274,	68,	25
1869,	2713,	2436,	274,	69,	25
1870,	2712,	2423,	274,	70,	25
1871,	2712,	2421,	274,	71,	25
1872,	2713,	2415,	274,	72,	25
1873,	2715,	2402,	274,	73,	25
1874,	2717,	2384,	274,	74,	25
1875,	2720,	2360,	274,	75,	25
1876,	2723,	2330,	274,	76,	25
1877,	2724,	2306,	274,	77,	25
1878,	2724,	2272,	274,	78,	25
1879,	2727,	2230,	274,	79,	25
1880,	2732,	2190,	274,	80,	25
1881,	2739,	2157,	274,	81,	25
1882,	2747,	2133,	274,	82,	25
1883,	2757,	2119,	274,	83,	25
1884,	2768,	2115,	274,	84,	25
1885,	2782,	2101,	274,	85,	25
1886,	2797,	2081,	274,	86,	25
1887,	2813,	2055,	274,	87,	25
1888,	2828,	2027,	274,	88,	25
1889,	2841,	1997,	274,	89,	25
1890,	2852,	1964,	274,	90,	25
1891,	2861,	1940,	274,	91,	25
1892,	2867,	1921,	274,	92,	25
1893,	2871,	1904,	274,	93,	25
1894,	2873,	1889,	274,	94,	25
1895,	2873,	1873,	274,	95,	25
1896,	2871,	1858,	274,	96,	25
1897,	2867,	1845,	274,	97,	25
1898,	2862,	1833,	274,	98,	25
1899,	2855,	1825,	274,	99,	25
1900,	2846,	1819,	274,	100,	25
1901,	2836,	1816,	274,	101,	25
1902,	2824,	1816,	274,	102,	25
1903,	2810,	1816,	274,	103,	25
1904,	2796,	1815,	274,	104,	25
1905,	2783,	1814,	274,	105,	25
1906,	2770,	1812,	274,	106,	25
1907,	2759,	1810,	274,	107,	25
1908,	2749,	1808,	274,	108,	25
1909,	2741,	1805,	274,	109,	25
1910,	2734,	1802,	274,	110,	25
1911,	2729,	1799,	274,	111,	25
1912,	2724,	1795,	274,	112,	25
1913,	2724,	1792,	274,	113,	25
1914,	2721,	1788,	274,	114,	25
1915,	2716,	1784,	274,	115,	25
1916,	2709,	1779,	274,	116,	25
1917,	2700,	1774,	274,	117,	25
1918,	2689,	1769,	274,	118,	25
1919,	2678,	1763,	274,	119,	25
1920,	2665,	1757,	274,	120,	25
1921,	2651,	1750,	274,	121,	25
1922,	2636,	1742,	274,	122,	25
1923,	2619,	1734,	274,	123,	25
1924,	2619,	1725,	274,	124,	25
1925,	2582,	1715,	274,	125,	25
1926,	2572,	1705,	274,	126,	25
1927,	2562,	1696,	274,	127,	25
1928,	2554,	1690,	274,	128,	25
1929,	2546,	1683,	274,	129,	25
1930,	2540,	1674,	274,	130,	25
1931,	2535,	1664,	274,	131,	25
1932,	2531,	1653,	274,	132,	25
1933,	2528,	1640,	274,	133,	25
1934,	2525,	1628,	274,	134,	25
1935,	2523,	1615,	274,	135,	25
1936,	2522,	1603,	274,	136,	25
1937,	2522,	1591,	274,	137,	25
1938,	2522,	1580,	274,	138,	25
1939,	2523,	1570,	274,	139,	25
1940,	2525,	1562,	274,	140,	25
1941,	2528,	1554,	274,	141,	25
1942,	2532,	1548,	274,	142,	25
1943,	2536,	1542,	274,	143,	25
1944,	2542,	1538,	274,	144,	25
1945,	2549,	1534,	274,	145,	25
1946,	2558,	1531,	274,	146,	25
1947,	2568,	1528,	274,	147,	25
1948,	2580,	1527,	274,	148,	25
1949,	2618,	1526,	274,	149,	25
1950,	2624,	1525,	274,	150,	25
1951,	2641,	1525,	274,	151,	25
1952,	2658,	1526,	274,	152,	25
1953,	2675,	1528,	274,	153,	25
1954,	2689,	1530,	274,	154,	25
1955,	2702,	1533,	274,	155,	25
1956,	2713,	1537,	274,	156,	25
1957,	2721,	1542,	274,	157,	25
1958,	2724,	1548,	274,	158,	25
1959,	2724,	1556,	274,	159,	25
1960,	2734,	1565,	274,	160,	25
1961,	2746,	1576,	274,	161,	25
1962,	2761,	1589,	274,	162,	25
1963,	2782,	1605,	274,	163,	25
1964,	2810,	1622,	274,	164,	25
1965,	2839,	1639,	274,	165,	25
1966,	2868,	1656,	274,	166,	25
1967,	2890,	1672,	274,	167,	25
1968,	2905,	1686,	274,	168,	25
1969,	2927,	1696,	274,	169,	25
1970,	2953,	1714,	274,	170,	25
1971,	2977,	1733,	274,	171,	25
1972,	2996,	1750,	274,	172,	25
1973,	3011,	1767,	274,	173,	25
1974,	3021,	1782,	274,	174,	25
1975,	3026,	1795,	274,	175,	25
1976,	3027,	1805,	274,	176,	25
1977,	3031,	1813,	274,	177,	25
1978,	3041,	1816,	274,	178,	25
1979,	3054,	1817,	274,	179,	25
1980,	3070,	1831,	274,	180,	25
1981,	3086,	1854,	274,	181,	25
1982,	3102,	1880,	274,	182,	25
1983,	3117,	1906,	274,	183,	25
1984,	3131,	1933,	274,	184,	25
1985,	3143,	1965,	274,	185,	25
1986,	3153,	2008,	274,	186,	25
1987,	3161,	2045,	274,	187,	25
1988,	3168,	2078,	274,	188,	25
1989,	3174,	2102,	274,	189,	25
1990,	3179,	2117,	274,	190,	25
1991,	3183,	2123,	274,	191,	25
1992,	3186,	2144,	274,	192,	25
1993,	3188,	2177,	274,	193,	25
1994,	3190,	2219,	274,	194,	25
1995,	3191,	2266,	274,	195,	25
1996,	3191,	2304,	274,	196,	25
1997,	3191,	2331,	274,	197,	25
1998,	3191,	2363,	274,	198,	25
1999,	3191,	2388,	274,	199,	25
2000,	3190,	2407,	274,	200,	25
2001,	3190,	2418,	274,	201,	25
2002,	3189,	2421,	274,	202,	25
2003,	3189,	2429,	274,	203,	25
2004,	3189,	2452,	274,	204,	25
2005,	3189,	2480,	274,	205,	25
2006,	3189,	2506,	274,	206,	25
2007,	3190,	2532,	274,	207,	25
2008,	3192,	2564,	274,	208,	25
2009,	3194,	2624,	274,	209,	25
2010,	3197,	2651,	274,	210,	25
2011,	3200,	2681,	274,	211,	25
2012,	3205,	2702,	274,	212,	25
2013,	3210,	2717,	274,	213,	25
2014,	3215,	2724,	274,	214,	25
2015,	3221,	2724,	274,	215,	25
2016,	3227,	2735,	274,	216,	25
2017,	3234,	2748,	274,	217,	25
2018,	3240,	2766,	274,	218,	25
2019,	3246,	2789,	274,	219,	25
2020,	3252,	2816,	274,	220,	25
2021,	3258,	2845,	274,	221,	25
2022,	3263,	2870,	274,	222,	25
2023,	3268,	2891,	274,	223,	25
2024,	3272,	2904,	274,	224,	25
2025,	3276,	2921,	274,	225,	25
2026,	3279,	2944,	274,	226,	25
2027,	3286,	2967,	274,	227,	25
2028,	3292,	2987,	274,	228,	25
2029,	3298,	3003,	274,	229,	25
2030,	3303,	3015,	274,	230,	25
2031,	3307,	3023,	274,	231,	25
2032,	3311,	3027,	274,	232,	25
2033,	3314,	3027,	274,	233,	25
2034,	3316,	3036,	274,	234,	25
2035,	3318,	3052,	274,	235,	25
2036,	3320,	3074,	274,	236,	25
2037,	3321,	3101,	274,	237,	25
2038,	3321,	3131,	274,	238,	25
2039,	3322,	3162,	274,	239,	25
2040,	3321,	3191,	274,	240,	25
2041,	3321,	3217,	274,	241,	25
2042,	3319,	3241,	274,	242,	25
2043,	3317,	3260,	274,	243,	25
2044,	3315,	3275,	274,	244,	25
2045,	3311,	3293,	274,	245,	25
2046,	3307,	3311,	274,	246,	25
2047,	3302,	3323,	274,	247,	25
2048,	3296,	3329,	274,	248,	25
2049,	3288,	3330,	274,	249,	25
2050,	3279,	3341,	274,	250,	25
2051,	3275,	3366,	274,	251,	25
2052,	3270,	3399,	274,	252,	25
2053,	3264,	3432,	274,	253,	25
2054,	3256,	3463,	274,	254,	25
2055,	3247,	3488,	274,	255,	25
2056,	3237,	3509,	274,	256,	25
2057,	3226,	3524,	274,	257,	25
2058,	3214,	3536,	274,	258,	25
2059,	3201,	3543,	274,	259,	25
2060,	3187,	3547,	274,	260,	25
2061,	3172,	3546,	274,	261,	25
2062,	3157,	3542,	274,	262,	25
2063,	3142,	3533,	274,	263,	25
2064,	3127,	3518,	274,	264,	25
2065,	3112,	3497,	274,	265,	25
2066,	3099,	3467,	274,	266,	25
2067,	3086,	3426,	274,	267,	25
2068,	3075,	3379,	274,	268,	25
2069,	3065,	3339,	274,	269,	25
2070,	3057,	3330,	274,	270,	25
2071,	3050,	3319,	274,	271,	25
2072,	3045,	3286,	274,	272,	25
2073,	3040,	3254,	274,	273,	25
2074,	3037,	3201,	274,	274,	25
2075,	3035,	3122,	274,	275,	25
2076,	3033,	3046,	274,	276,	25
2077,	3032,	3025,	274,	277,	25
2078,	3032,	2985,	274,	278,	25
2079,	3032,	2908,	274,	279,	25
2080,	3032,	2840,	274,	280,	25
2081,	3033,	2756,	274,	281,	25
2082,	3035,	2724,	274,	282,	25
2083,	3038,	2694,	274,	283,	25
2084,	3041,	2625,	274,	284,	25
2085,	3046,	2519,	274,	285,	25
2086,	3053,	2458,	274,	286,	25
2087,	3062,	2421,	274,	287,	25
2088,	3073,	2405,	274,	288,	25
2089,	3087,	2358,	274,	289,	25
2090,	3103,	2298,	274,	290,	25
2091,	3121,	2213,	274,	291,	25
2092,	3142,	2143,	274,	292,	25
2093,	3164,	2117,	274,	293,	25
2094,	3186,	2086,	274,	294,	25
2095,	3208,	2028,	274,	295,	25
2096,	3230,	1958,	274,	296,	25
2097,	3249,	1910,	274,	297,	25
2098,	3266,	1869,	274,	298,	25
2099,	3278,	1831,	274,	299,	25
2100,	3300,	1816,	274,	300,	25
2101,	3318,	1814,	274,	301,	25
2102,	3328,	1806,	274,	302,	25
2103,	3330,	1795,	274,	303,	25
2104,	3350,	1784,	274,	304,	25
2105,	3401,	1773,	274,	305,	25
2106,	3463,	1764,	274,	306,	25
2107,	3520,	1757,	274,	307,	25
2108,	3566,	1752,	274,	308,	25
2109,	3597,	1751,	274,	309,	25
2110,	3626,	1752,	274,	310,	25
2111,	3631,	1756,	274,	311,	25
2112,	3727,	1761,	274,	312,	25
2113,	3820,	1769,	274,	313,	25
2114,	3917,	1778,	274,	314,	25
2115,	3935,	1788,	274,	315,	25
2116,	3935,	1798,	274,	316,	25
2117,	3935,	1806,	274,	317,	25
2118,	302,	1813,	274,	318,	25
2119,	303,	1816,	274,	319,	25
2120,	314,	1818,	274,	320,	25
2121,	335,	1833,	274,	321,	25
2122,	362,	1859,	274,	322,	25
2123,	392,	1888,	274,	323,	25
2124,	417,	1917,	274,	324,	25
2125,	434,	1950,	274,	325,	25
2126,	445,	1997,	274,	326,	25
2127,	456,	2041,	274,	327,	25
2128,	487,	2079,	274,	328,	25
2129,	492,	2106,	274,	329,	25
2130,	527,	2118,	274,	330,	25
2131,	562,	2133,	274,	331,	25
2132,	581,	2167,	274,	332,	25
2133,	594,	2214,	274,	333,	25
2134,	602,	2268,	274,	334,	25
2135,	605,	2310,	274,	335,	25
2136,	618,	2344,	274,	336,	25
2137,	634,	2377,	274,	337,	25
2138,	656,	2402,	274,	338,	25
2139,	683,	2417,	274,	339,	25
2140,	715,	2421,	274,	340,	25
2141,	746,	2433,	274,	341,	25
2142,	772,	2462,	274,	342,	25
2143,	789,	2495,	274,	343,	25
2144,	810,	2525,	274,	344,	25
2145,	833,	2561,	274,	345,	25
2146,	851,	2612,	274,	346,	25
2147,	866,	2662,	274,	347,	25
2148,	879,	2694,	274,	348,	25
2149,	889,	2714,	274,	349,	25
2150,	897,	2724,	274,	350,	25
2151,	902,	2729,	274,	351,	25
2152,	906,	2742,	274,	352,	25
2153,	907,	2761,	274,	353,	25
2154,	908,	2788,	274,	354,	25
2155,	908,	2820,	274,	355,	25
2156,	912,	2851,	274,	356,	25
2157,	917,	2877,	274,	357,	25
2158,	923,	2895,	274,	358,	25
2159,	930,	2907,	274,	359,	25
2160,	936,	2922,	274,	360,	25
2161,	3027,	1835,	274,	1,	27
2162,	3026,	1836,	274,	2,	27
2163,	3025,	1837,	274,	3,	27
2164,	3023,	1839,	274,	4,	27
2165,	3020,	1840,	274,	5,	27
2166,	3017,	1842,	274,	6,	27
2167,	3013,	1843,	274,	7,	27
2168,	3010,	1845,	274,	8,	27
2169,	3006,	1847,	274,	9,	27
2170,	3002,	1849,	274,	10,	27
2171,	2999,	1851,	274,	11,	27
2172,	2995,	1853,	274,	12,	27
2173,	2992,	1855,	274,	13,	27
2174,	2989,	1857,	274,	14,	27
2175,	2986,	1859,	274,	15,	27
2176,	2983,	1861,	274,	16,	27
2177,	2980,	1863,	274,	17,	27
2178,	2977,	1865,	274,	18,	27
2179,	2975,	1867,	274,	19,	27
2180,	2972,	1869,	274,	20,	27
2181,	2970,	1870,	274,	21,	27
2182,	2968,	1872,	274,	22,	27
2183,	2965,	1873,	274,	23,	27
2184,	2963,	1875,	274,	24,	27
2185,	2961,	1876,	274,	25,	27
2186,	2958,	1877,	274,	26,	27
2187,	2956,	1878,	274,	27,	27
2188,	2954,	1879,	274,	28,	27
2189,	2951,	1879,	274,	29,	27
2190,	2948,	1880,	274,	30,	27
2191,	2945,	1880,	274,	31,	27
2192,	2942,	1880,	274,	32,	27
2193,	2938,	1879,	274,	33,	27
2194,	2935,	1879,	274,	34,	27
2195,	2931,	1879,	274,	35,	27
2196,	2927,	1878,	274,	36,	27
2197,	2923,	1878,	274,	37,	27
2198,	2919,	1879,	274,	38,	27
2199,	2916,	1879,	274,	39,	27
2200,	2912,	1880,	274,	40,	27
2201,	2909,	1881,	274,	41,	27
2202,	2906,	1883,	274,	42,	27
2203,	2904,	1886,	274,	43,	27
2204,	2901,	1889,	274,	44,	27
2205,	2899,	1893,	274,	45,	27
2206,	2897,	1898,	274,	46,	27
2207,	2895,	1904,	274,	47,	27
2208,	2892,	1911,	274,	48,	27
2209,	2889,	1919,	274,	49,	27
2210,	2886,	1928,	274,	50,	27
2211,	2883,	1940,	274,	51,	27
2212,	2880,	1954,	274,	52,	27
2213,	2877,	1984,	274,	53,	27
2214,	2874,	1997,	274,	54,	27
2215,	2871,	2020,	274,	55,	27
2216,	2868,	2044,	274,	56,	27
2217,	2866,	2067,	274,	57,	27
2218,	2863,	2089,	274,	58,	27
2219,	2861,	2107,	274,	59,	27
2220,	2859,	2117,	274,	60,	27
2221,	2858,	2124,	274,	61,	27
2222,	2856,	2147,	274,	62,	27
2223,	2855,	2184,	274,	63,	27
2224,	2854,	2235,	274,	64,	27
2225,	2853,	2287,	274,	65,	27
2226,	2852,	2323,	274,	66,	27
2227,	2851,	2365,	274,	67,	27
2228,	2849,	2397,	274,	68,	27
2229,	2847,	2416,	274,	69,	27
2230,	2844,	2422,	274,	70,	27
2231,	2841,	2445,	274,	71,	27
2232,	2836,	2487,	274,	72,	27
2233,	2831,	2528,	274,	73,	27
2234,	2824,	2581,	274,	74,	27
2235,	2816,	2657,	274,	75,	27
2236,	2807,	2702,	274,	76,	27
2237,	2796,	2723,	274,	77,	27
2238,	2785,	2734,	274,	78,	27
2239,	2774,	2764,	274,	79,	27
2240,	2763,	2817,	274,	80,	27
2241,	2752,	2874,	274,	81,	27
2242,	2743,	2908,	274,	82,	27
2243,	2734,	2953,	274,	83,	27
2244,	2725,	2993,	274,	84,	27
2245,	2724,	3017,	274,	85,	27
2246,	2721,	3026,	274,	86,	27
2247,	2710,	3030,	274,	87,	27
2248,	2693,	3047,	274,	88,	27
2249,	2666,	3070,	274,	89,	27
2250,	2631,	3094,	274,	90,	27
2251,	2575,	3113,	274,	91,	27
2252,	2537,	3126,	274,	92,	27
2253,	2505,	3134,	274,	93,	27
2254,	2473,	3135,	274,	94,	27
2255,	2439,	3131,	274,	95,	27
2256,	2422,	3121,	274,	96,	27
2257,	2418,	3106,	274,	97,	27
2258,	2402,	3086,	274,	98,	27
2259,	2374,	3065,	274,	99,	27
2260,	2335,	3044,	274,	100,	27
2261,	2299,	3029,	274,	101,	27
2262,	2245,	3027,	274,	102,	27
2263,	2188,	3019,	274,	103,	27
2264,	2145,	3000,	274,	104,	27
2265,	2119,	2968,	274,	105,	27
2266,	2112,	2925,	274,	106,	27
2267,	2089,	2894,	274,	107,	27
2268,	2054,	2851,	274,	108,	27
2269,	2013,	2797,	274,	109,	27
2270,	1967,	2754,	274,	110,	27
2271,	1933,	2730,	274,	111,	27
2272,	1907,	2722,	274,	112,	27
2273,	1884,	2700,	274,	113,	27
2274,	1863,	2658,	274,	114,	27
2275,	1844,	2586,	274,	115,	27
2276,	1830,	2533,	274,	116,	27
2277,	1822,	2493,	274,	117,	27
2278,	1818,	2452,	274,	118,	27
2279,	1817,	2423,	274,	119,	27
2280,	1816,	2419,	274,	120,	27
2281,	1817,	2402,	274,	121,	27
2282,	1819,	2373,	274,	122,	27
2283,	1824,	2332,	274,	123,	27
2284,	1834,	2295,	274,	124,	27
2285,	1851,	2239,	274,	125,	27
2286,	1873,	2182,	274,	126,	27
2287,	1897,	2141,	274,	127,	27
2288,	1924,	2119,	274,	128,	27
2289,	1959,	2109,	274,	129,	27
2290,	2009,	2083,	274,	130,	27
2291,	2056,	2045,	274,	131,	27
2292,	2095,	2001,	274,	132,	27
2293,	2117,	1954,	274,	133,	27
2294,	2133,	1920,	274,	134,	27
2295,	2179,	1891,	274,	135,	27
2296,	2249,	1863,	274,	136,	27
2297,	2312,	1836,	274,	137,	27
2298,	2363,	1819,	274,	138,	27
2299,	2402,	1816,	274,	139,	27
2300,	2421,	1814,	274,	140,	27
2301,	2438,	1809,	274,	141,	27
2302,	2492,	1801,	274,	142,	27
2303,	2549,	1792,	274,	143,	27
2304,	2645,	1783,	274,	144,	27
2305,	2707,	1774,	274,	145,	27
2306,	2724,	1765,	274,	146,	27
2307,	2763,	1758,	274,	147,	27
2308,	2845,	1753,	274,	148,	27
2309,	2910,	1749,	274,	149,	27
2310,	2986,	1747,	274,	150,	27
2311,	3025,	1748,	274,	151,	27
2312,	3050,	1751,	274,	152,	27
2313,	3133,	1756,	274,	153,	27
2314,	3216,	1763,	274,	154,	27
2315,	3269,	1771,	274,	155,	27
2316,	3311,	1780,	274,	156,	27
2317,	3330,	1790,	274,	157,	27
2318,	3365,	1799,	274,	158,	27
2319,	3456,	1807,	274,	159,	27
2320,	3534,	1813,	274,	160,	27
2321,	3583,	1816,	274,	161,	27
2322,	3615,	1818,	274,	162,	27
2323,	3632,	1831,	274,	163,	27
2324,	3648,	1856,	274,	164,	27
2325,	3731,	1884,	274,	165,	27
2326,	3794,	1912,	274,	166,	27
2327,	3824,	1943,	274,	167,	27
2328,	3857,	1986,	274,	168,	27
2329,	3874,	2031,	274,	169,	27
2330,	3877,	2070,	274,	170,	27
2331,	3863,	2100,	274,	171,	27
2332,	3837,	2117,	274,	172,	27
2333,	3803,	2127,	274,	173,	27
2334,	3739,	2157,	274,	174,	27
2335,	3645,	2202,	274,	175,	27
2336,	3631,	2257,	274,	176,	27
2337,	3599,	2304,	274,	177,	27
2338,	3549,	2338,	274,	178,	27
2339,	3451,	2374,	274,	179,	27
2340,	3338,	2401,	274,	180,	27
2341,	3316,	2417,	274,	181,	27
2342,	3255,	2421,	274,	182,	27
2343,	3146,	2435,	274,	183,	27
2344,	3030,	2467,	274,	184,	27
2345,	2981,	2501,	274,	185,	27
2346,	2866,	2534,	274,	186,	27
2347,	2740,	2577,	274,	187,	27
2348,	2693,	2640,	274,	188,	27
2349,	2539,	2682,	274,	189,	27
2350,	2434,	2709,	274,	190,	27
2351,	2397,	2723,	274,	191,	27
2352,	2294,	2729,	274,	192,	27
2353,	2142,	2747,	274,	193,	27
2354,	2081,	2775,	274,	194,	27
2355,	1935,	2817,	274,	195,	27
2356,	1826,	2861,	274,	196,	27
2357,	1794,	2894,	274,	197,	27
2358,	1697,	2918,	274,	198,	27
2359,	1579,	2955,	274,	199,	27
2360,	1511,	2987,	274,	200,	27
2361,	1447,	3010,	274,	201,	27
2362,	1352,	3023,	274,	202,	27
2363,	1249,	3027,	274,	203,	27
2364,	1210,	3032,	274,	204,	27
2365,	1160,	3050,	274,	205,	27
2366,	1081,	3076,	274,	206,	27
2367,	1025,	3105,	274,	207,	27
2368,	954,	3135,	274,	208,	27
2369,	911,	3162,	274,	209,	27
2370,	906,	3185,	274,	210,	27
2371,	893,	3205,	274,	211,	27
2372,	873,	3222,	274,	212,	27
2373,	850,	3236,	274,	213,	27
2374,	828,	3247,	274,	214,	27
2375,	806,	3255,	274,	215,	27
2376,	793,	3262,	274,	216,	27
2377,	787,	3267,	274,	217,	27
2378,	785,	3271,	274,	218,	27
2379,	786,	3274,	274,	219,	27
2380,	789,	3276,	274,	220,	27
2381,	797,	3277,	274,	221,	27
2382,	813,	3278,	274,	222,	27
2383,	832,	3278,	274,	223,	27
2384,	851,	3277,	274,	224,	27
2385,	870,	3276,	274,	225,	27
2386,	887,	3275,	274,	226,	27
2387,	901,	3273,	274,	227,	27
2388,	907,	3270,	274,	228,	27
2389,	911,	3265,	274,	229,	27
2390,	938,	3260,	274,	230,	27
2391,	988,	3254,	274,	231,	27
2392,	1035,	3246,	274,	232,	27
2393,	1068,	3236,	274,	233,	27
2394,	1138,	3224,	274,	234,	27
2395,	1176,	3210,	274,	235,	27
2396,	1209,	3195,	274,	236,	27
2397,	1223,	3176,	274,	237,	27
2398,	1276,	3156,	274,	238,	27
2399,	1346,	3133,	274,	239,	27
2400,	1393,	3109,	274,	240,	27
2401,	1466,	3085,	274,	241,	27
2402,	1505,	3062,	274,	242,	27
2403,	1522,	3044,	274,	243,	27
2404,	1580,	3031,	274,	244,	27
2405,	1661,	3027,	274,	245,	27
2406,	1717,	3025,	274,	246,	27
2407,	1773,	3018,	274,	247,	27
2408,	1808,	3005,	274,	248,	27
2409,	1817,	2987,	274,	249,	27
2410,	1865,	2964,	274,	250,	27
2411,	1924,	2936,	274,	251,	27
2412,	2001,	2911,	274,	252,	27
2413,	2074,	2896,	274,	253,	27
2414,	2115,	2874,	274,	254,	27
2415,	2138,	2846,	274,	255,	27
2416,	2203,	2815,	274,	256,	27
2417,	2285,	2786,	274,	257,	27
2418,	2340,	2763,	274,	258,	27
2419,	2389,	2746,	274,	259,	27
2420,	2416,	2734,	274,	260,	27
2421,	2423,	2724,	274,	261,	27
2422,	2459,	2724,	274,	262,	27
2423,	2505,	2719,	274,	263,	27
2424,	2553,	2709,	274,	264,	27
2425,	2631,	2695,	274,	265,	27
2426,	2686,	2678,	274,	266,	27
2427,	2717,	2657,	274,	267,	27
2428,	2724,	2634,	274,	268,	27
2429,	2744,	2622,	274,	269,	27
2430,	2778,	2574,	274,	270,	27
2431,	2828,	2554,	274,	271,	27
2432,	2875,	2537,	274,	272,	27
2433,	2903,	2523,	274,	273,	27
2434,	2934,	2511,	274,	274,	27
2435,	2970,	2499,	274,	275,	27
2436,	2997,	2488,	274,	276,	27
2437,	3015,	2477,	274,	277,	27
2438,	3024,	2466,	274,	278,	27
2439,	3027,	2455,	274,	279,	27
2440,	3030,	2446,	274,	280,	27
2441,	3041,	2437,	274,	281,	27
2442,	3056,	2430,	274,	282,	27
2443,	3074,	2425,	274,	283,	27
2444,	3092,	2422,	274,	284,	27
2445,	3110,	2422,	274,	285,	27
2446,	3126,	2421,	274,	286,	27
2447,	3141,	2421,	274,	287,	27
2448,	3154,	2419,	274,	288,	27
2449,	3166,	2417,	274,	289,	27
2450,	3176,	2414,	274,	290,	27
2451,	3185,	2411,	274,	291,	27
2452,	3192,	2407,	274,	292,	27
2453,	3199,	2402,	274,	293,	27
2454,	3206,	2397,	274,	294,	27
2455,	3212,	2390,	274,	295,	27
2456,	3217,	2383,	274,	296,	27
2457,	3222,	2375,	274,	297,	27
2458,	3227,	2367,	274,	298,	27
2459,	3232,	2357,	274,	299,	27
2460,	3237,	2345,	274,	300,	27
2461,	3242,	2333,	274,	301,	27
2462,	3247,	2321,	274,	302,	27
2463,	3252,	2312,	274,	303,	27
2464,	3257,	2299,	274,	304,	27
2465,	3262,	2284,	274,	305,	27
2466,	3266,	2266,	274,	306,	27
2467,	3270,	2246,	274,	307,	27
2468,	3274,	2225,	274,	308,	27
2469,	3278,	2204,	274,	309,	27
2470,	3282,	2185,	274,	310,	27
2471,	3289,	2167,	274,	311,	27
2472,	3296,	2152,	274,	312,	27
2473,	3301,	2139,	274,	313,	27
2474,	3306,	2128,	274,	314,	27
2475,	3311,	2119,	274,	315,	27
2476,	3315,	2118,	274,	316,	27
2477,	3318,	2116,	274,	317,	27
2478,	3321,	2110,	274,	318,	27
2479,	3323,	2102,	274,	319,	27
2480,	3325,	2091,	274,	320,	27
2481,	3326,	2079,	274,	321,	27
2482,	3327,	2065,	274,	322,	27
2483,	3328,	2050,	274,	323,	27
2484,	3329,	2034,	274,	324,	27
2485,	3329,	2017,	274,	325,	27
2486,	3329,	2001,	274,	326,	27
2487,	3329,	1974,	274,	327,	27
2488,	3329,	1965,	274,	328,	27
2489,	3329,	1952,	274,	329,	27
2490,	3328,	1940,	274,	330,	27
2491,	3327,	1929,	274,	331,	27
2492,	3326,	1920,	274,	332,	27
2493,	3324,	1912,	274,	333,	27
2494,	3322,	1904,	274,	334,	27
2495,	3318,	1897,	274,	335,	27
2496,	3313,	1890,	274,	336,	27
2497,	3307,	1884,	274,	337,	27
2498,	3300,	1877,	274,	338,	27
2499,	3292,	1872,	274,	339,	27
2500,	3281,	1866,	274,	340,	27
2501,	3275,	1861,	274,	341,	27
2502,	3269,	1857,	274,	342,	27
2503,	3261,	1852,	274,	343,	27
2504,	3251,	1849,	274,	344,	27
2505,	3240,	1846,	274,	345,	27
2506,	3227,	1843,	274,	346,	27
2507,	3212,	1841,	274,	347,	27
2508,	3196,	1839,	274,	348,	27
2509,	3179,	1837,	274,	349,	27
2510,	3161,	1836,	274,	350,	27
2511,	3141,	1834,	274,	351,	27
2512,	3122,	1834,	274,	352,	27
2513,	3103,	1833,	274,	353,	27
2514,	3085,	1833,	274,	354,	27
2515,	3069,	1833,	274,	355,	27
2516,	3055,	1833,	274,	356,	27
2517,	3044,	1833,	274,	357,	27
2518,	3035,	1833,	274,	358,	27
2519,	3030,	1834,	274,	359,	27
2520,	3027,	1834,	274,	360,	27
2521,	1155,	3377,	274,	1,	30
2522,	1161,	3271,	274,	2,	30
2523,	1170,	3083,	274,	3,	30
2524,	1181,	2993,	274,	4,	30
2525,	1193,	2842,	274,	5,	30
2526,	1204,	2724,	274,	6,	30
2527,	1210,	2652,	274,	7,	30
2528,	1212,	2508,	274,	8,	30
2529,	1222,	2424,	274,	9,	30
2530,	1241,	2401,	274,	10,	30
2531,	1271,	2325,	274,	11,	30
2532,	1310,	2234,	274,	12,	30
2533,	1347,	2143,	274,	13,	30
2534,	1372,	2114,	274,	14,	30
2535,	1408,	2069,	274,	15,	30
2536,	1456,	2000,	274,	16,	30
2537,	1489,	1932,	274,	17,	30
2538,	1509,	1889,	274,	18,	30
2539,	1518,	1848,	274,	19,	30
2540,	1550,	2897,	274,	20,	30
2541,	1605,	2873,	274,	21,	30
2542,	1666,	2840,	274,	22,	30
2543,	1706,	2805,	274,	23,	30
2544,	1756,	2776,	274,	24,	30
2545,	1793,	2756,	274,	25,	30
2546,	1813,	2741,	274,	26,	30
2547,	1820,	2731,	274,	27,	30
2548,	1865,	2724,	274,	28,	30
2549,	1916,	2724,	274,	29,	30
2550,	1965,	2720,	274,	30,	30
2551,	2054,	2713,	274,	31,	30
2552,	2104,	2705,	274,	32,	30
2553,	2119,	2696,	274,	33,	30
2554,	2166,	2687,	274,	34,	30
2555,	2242,	2678,	274,	35,	30
2556,	2312,	2670,	274,	36,	30
2557,	2364,	2664,	274,	37,	30
2558,	2404,	2659,	274,	38,	30
2559,	2421,	2656,	274,	39,	30
2560,	2437,	2656,	274,	40,	30
2561,	2486,	2657,	274,	41,	30
2562,	2535,	2662,	274,	42,	30
2563,	2622,	2668,	274,	43,	30
2564,	2681,	2677,	274,	44,	30
2565,	2718,	2686,	274,	45,	30
2566,	2729,	2696,	274,	46,	30
2567,	2758,	2707,	274,	47,	30
2568,	2814,	2716,	274,	48,	30
2569,	2878,	2723,	274,	49,	30
2570,	2916,	2724,	274,	50,	30
2571,	2970,	2733,	274,	51,	30
2572,	3009,	2749,	274,	52,	30
2573,	3026,	2776,	274,	53,	30
2574,	3032,	2818,	274,	54,	30
2575,	3063,	2868,	274,	55,	30
2576,	3106,	2738,	274,	56,	30
2577,	3151,	2814,	274,	57,	30
2578,	3188,	2904,	274,	58,	30
2579,	3217,	2995,	274,	59,	30
2580,	3239,	3027,	274,	60,	30
2581,	3255,	3113,	274,	61,	30
2582,	3265,	3228,	274,	62,	30
2583,	3272,	3296,	274,	63,	30
2584,	3276,	3330,	274,	64,	30
2585,	3278,	3452,	274,	65,	30
2586,	3278,	3580,	274,	66,	30
2587,	3278,	3632,	274,	67,	30
2588,	3276,	3821,	274,	68,	30
2589,	3274,	3821,	274,	69,	30
2590,	3269,	3821,	274,	70,	30
2591,	3263,	289,	274,	71,	30
2592,	3254,	302,	274,	72,	30
2593,	3242,	318,	274,	73,	30
2594,	3227,	368,	274,	74,	30
2595,	3208,	421,	274,	75,	30
2596,	3186,	446,	274,	76,	30
2597,	3161,	478,	274,	77,	30
2598,	3133,	538,	274,	78,	30
2599,	3103,	586,	274,	79,	30
2600,	3075,	604,	274,	80,	30
2601,	3051,	627,	274,	81,	30
2602,	3034,	676,	274,	82,	30
2603,	3027,	747,	274,	83,	30
2604,	3026,	796,	274,	84,	30
2605,	3019,	849,	274,	85,	30
2606,	3008,	885,	274,	86,	30
2607,	2992,	904,	274,	87,	30
2608,	2973,	909,	274,	88,	30
2609,	2951,	937,	274,	89,	30
2610,	2930,	992,	274,	90,	30
2611,	2912,	1038,	274,	91,	30
2612,	2901,	1069,	274,	92,	30
2613,	2892,	1131,	274,	93,	30
2614,	2881,	1163,	274,	94,	30
2615,	2869,	1194,	274,	95,	30
2616,	2857,	1210,	274,	96,	30
2617,	2846,	1217,	274,	97,	30
2618,	2835,	1240,	274,	98,	30
2619,	2826,	1276,	274,	99,	30
2620,	2817,	1316,	274,	100,	30
2621,	2810,	1349,	274,	101,	30
2622,	2803,	1371,	274,	102,	30
2623,	2797,	1392,	274,	103,	30
2624,	2793,	1427,	274,	104,	30
2625,	2789,	1456,	274,	105,	30
2626,	2785,	1477,	274,	106,	30
2627,	2782,	1491,	274,	107,	30
2628,	2779,	1502,	274,	108,	30
2629,	2776,	1509,	274,	109,	30
2630,	2774,	1512,	274,	110,	30
2631,	2771,	1513,	274,	111,	30
2632,	2769,	1520,	274,	112,	30
2633,	2766,	1528,	274,	113,	30
2634,	2763,	1536,	274,	114,	30
2635,	2761,	1546,	274,	115,	30
2636,	2757,	1555,	274,	116,	30
2637,	2754,	1564,	274,	117,	30
2638,	2751,	1572,	274,	118,	30
2639,	2747,	1579,	274,	119,	30
2640,	2743,	1586,	274,	120,	30
2641,	2739,	1591,	274,	121,	30
2642,	2735,	1596,	274,	122,	30
2643,	2732,	1599,	274,	123,	30
2644,	2729,	1601,	274,	124,	30
2645,	2724,	1602,	274,	125,	30
2646,	2724,	1603,	274,	126,	30
2647,	2724,	1603,	274,	127,	30
2648,	2722,	1602,	274,	128,	30
2649,	2718,	1600,	274,	129,	30
2650,	2714,	1598,	274,	130,	30
2651,	2708,	1596,	274,	131,	30
2652,	2701,	1593,	274,	132,	30
2653,	2694,	1591,	274,	133,	30
2654,	2685,	1588,	274,	134,	30
2655,	2677,	1585,	274,	135,	30
2656,	2668,	1583,	274,	136,	30
2657,	2659,	1581,	274,	137,	30
2658,	2651,	1579,	274,	138,	30
2659,	2643,	1577,	274,	139,	30
2660,	2636,	1576,	274,	140,	30
2661,	2631,	1575,	274,	141,	30
2662,	2627,	1576,	274,	142,	30
2663,	2624,	1576,	274,	143,	30
2664,	2623,	1578,	274,	144,	30
2665,	2625,	1581,	274,	145,	30
2666,	2629,	1584,	274,	146,	30
2667,	2634,	1589,	274,	147,	30
2668,	2642,	1596,	274,	148,	30
2669,	2652,	1603,	274,	149,	30
2670,	2663,	1613,	274,	150,	30
2671,	2676,	1624,	274,	151,	30
2672,	2689,	1636,	274,	152,	30
2673,	2701,	1650,	274,	153,	30
2674,	2712,	1663,	274,	154,	30
2675,	2720,	1676,	274,	155,	30
2676,	2724,	1687,	274,	156,	30
2677,	2726,	1696,	274,	157,	30
2678,	2737,	1710,	274,	158,	30
2679,	2750,	1727,	274,	159,	30
2680,	2770,	1742,	274,	160,	30
2681,	2796,	1757,	274,	161,	30
2682,	2828,	1770,	274,	162,	30
2683,	2859,	1782,	274,	163,	30
2684,	2884,	1793,	274,	164,	30
2685,	2901,	1801,	274,	165,	30
2686,	2918,	1808,	274,	166,	30
2687,	2941,	1813,	274,	167,	30
2688,	2962,	1815,	274,	168,	30
2689,	2980,	1816,	274,	169,	30
2690,	2993,	1817,	274,	170,	30
2691,	3002,	1822,	274,	171,	30
2692,	3008,	1831,	274,	172,	30
2693,	3012,	1841,	274,	173,	30
2694,	3013,	1852,	274,	174,	30
2695,	3013,	1862,	274,	175,	30
2696,	3010,	1871,	274,	176,	30
2697,	3004,	1878,	274,	177,	30
2698,	2994,	1884,	274,	178,	30
2699,	2979,	1888,	274,	179,	30
2700,	2954,	1891,	274,	180,	30
2701,	2923,	1891,	274,	181,	30
2702,	2897,	1890,	274,	182,	30
2703,	2862,	1888,	274,	183,	30
2704,	2809,	1884,	274,	184,	30
2705,	2761,	1878,	274,	185,	30
2706,	2732,	1871,	274,	186,	30
2707,	2722,	1863,	274,	187,	30
2708,	2695,	1854,	274,	188,	30
2709,	2639,	1845,	274,	189,	30
2710,	2555,	1836,	274,	190,	30
2711,	2503,	1828,	274,	191,	30
2712,	2453,	1821,	274,	192,	30
2713,	2422,	1817,	274,	193,	30
2714,	2413,	1816,	274,	194,	30
2715,	2383,	1816,	274,	195,	30
2716,	2333,	1816,	274,	196,	30
2717,	2283,	1815,	274,	197,	30
2718,	2209,	1813,	274,	198,	30
2719,	2149,	1812,	274,	199,	30
2720,	2119,	1810,	274,	200,	30
2721,	2105,	1809,	274,	201,	30
2722,	2068,	1808,	274,	202,	30
2723,	2019,	1808,	274,	203,	30
2724,	1964,	1809,	274,	204,	30
2725,	1924,	1810,	274,	205,	30
2726,	1895,	1812,	274,	206,	30
2727,	1868,	1814,	274,	207,	30
2728,	1845,	1815,	274,	208,	30
2729,	1828,	1816,	274,	209,	30
2730,	1820,	1817,	274,	210,	30
2731,	1817,	1826,	274,	211,	30
2732,	1816,	1846,	274,	212,	30
2733,	1816,	1873,	274,	213,	30
2734,	1817,	1902,	274,	214,	30
2735,	1821,	1933,	274,	215,	30
2736,	1829,	1976,	274,	216,	30
2737,	1844,	2031,	274,	217,	30
2738,	1866,	2077,	274,	218,	30
2739,	1891,	2109,	274,	219,	30
2740,	1918,	2119,	274,	220,	30
2741,	1952,	2154,	274,	221,	30
2742,	2001,	2213,	274,	222,	30
2743,	2049,	2284,	274,	223,	30
2744,	2090,	2333,	274,	224,	30
2745,	2115,	2382,	274,	225,	30
2746,	2127,	2412,	274,	226,	30
2747,	2168,	2422,	274,	227,	30
2748,	2231,	2450,	274,	228,	30
2749,	2298,	2500,	274,	229,	30
2750,	2344,	2552,	274,	230,	30
2751,	2388,	2639,	274,	231,	30
2752,	2415,	2697,	274,	232,	30
2753,	2422,	2723,	274,	233,	30
2754,	2453,	2739,	274,	234,	30
2755,	2501,	2784,	274,	235,	30
2756,	2550,	2854,	274,	236,	30
2757,	2631,	2903,	274,	237,	30
2758,	2689,	2957,	274,	238,	30
2759,	2720,	3003,	274,	239,	30
2760,	2730,	3025,	274,	240,	30
2761,	2756,	3032,	274,	241,	30
2762,	2804,	3064,	274,	242,	30
2763,	2861,	3111,	274,	243,	30
2764,	2900,	3158,	274,	244,	30
2765,	2937,	3196,	274,	245,	30
2766,	2979,	3226,	274,	246,	30
2767,	3007,	3247,	274,	247,	30
2768,	3023,	3263,	274,	248,	30
2769,	3027,	3273,	274,	249,	30
2770,	3035,	3279,	274,	250,	30
2771,	3055,	3288,	274,	251,	30
2772,	3080,	3295,	274,	252,	30
2773,	3107,	3298,	274,	253,	30
2774,	3132,	3299,	274,	254,	30
2775,	3154,	3297,	274,	255,	30
2776,	3172,	3294,	274,	256,	30
2777,	3186,	3286,	274,	257,	30
2778,	3197,	3278,	274,	258,	30
2779,	3205,	3272,	274,	259,	30
2780,	3210,	3262,	274,	260,	30
2781,	3213,	3247,	274,	261,	30
2782,	3214,	3226,	274,	262,	30
2783,	3213,	3199,	274,	263,	30
2784,	3209,	3165,	274,	264,	30
2785,	3203,	3123,	274,	265,	30
2786,	3195,	3079,	274,	266,	30
2787,	3184,	3042,	274,	267,	30
2788,	3171,	3027,	274,	268,	30
2789,	3154,	3019,	274,	269,	30
2790,	3135,	2992,	274,	270,	30
2791,	3113,	2945,	274,	271,	30
2792,	3090,	2900,	274,	272,	30
2793,	3066,	2852,	274,	273,	30
2794,	3046,	2787,	274,	274,	30
2795,	3031,	2743,	274,	275,	30
2796,	3027,	2724,	274,	276,	30
2797,	3024,	2707,	274,	277,	30
2798,	3014,	2657,	274,	278,	30
2799,	2996,	2571,	274,	279,	30
2800,	2970,	2513,	274,	280,	30
2801,	2936,	2463,	274,	281,	30
2802,	2906,	2423,	274,	282,	30
2803,	2884,	2415,	274,	283,	30
2804,	2848,	2385,	274,	284,	30
2805,	2806,	2330,	274,	285,	30
2806,	2769,	2270,	274,	286,	30
2807,	2744,	2186,	274,	287,	30
2808,	2729,	2128,	274,	288,	30
2809,	2723,	2109,	274,	289,	30
2810,	2711,	2057,	274,	290,	30
2811,	2687,	1989,	274,	291,	30
2812,	2651,	1908,	274,	292,	30
2813,	2607,	1848,	274,	293,	30
2814,	2550,	1816,	274,	294,	30
2815,	2517,	1803,	274,	295,	30
2816,	2488,	1764,	274,	296,	30
2817,	2456,	1706,	274,	297,	30
2818,	2430,	1653,	274,	298,	30
2819,	2421,	1575,	274,	299,	30
2820,	2417,	1522,	274,	300,	30
2821,	2404,	1507,	274,	301,	30
2822,	2383,	1473,	274,	302,	30
2823,	2356,	1409,	274,	303,	30
2824,	2321,	1361,	274,	304,	30
2825,	2293,	1303,	274,	305,	30
2826,	2250,	1242,	274,	306,	30
2827,	2202,	1212,	274,	307,	30
2828,	2162,	1200,	274,	308,	30
2829,	2133,	1162,	274,	309,	30
2830,	2119,	1120,	274,	310,	30
2831,	2111,	1054,	274,	311,	30
2832,	2090,	1024,	274,	312,	30
2833,	2059,	971,	274,	313,	30
2834,	2020,	925,	274,	314,	30
2835,	1990,	908,	274,	315,	30
2836,	1936,	904,	274,	316,	30
2837,	1905,	888,	274,	317,	30
2838,	1875,	861,	274,	318,	30
2839,	1844,	826,	274,	319,	30
2840,	1820,	787,	274,	320,	30
2841,	1816,	750,	274,	321,	30
2842,	1811,	700,	274,	322,	30
2843,	1798,	656,	274,	323,	30
2844,	1779,	626,	274,	324,	30
2845,	1754,	605,	274,	325,	30
2846,	1725,	601,	274,	326,	30
2847,	1694,	589,	274,	327,	30
2848,	1669,	571,	274,	328,	30
2849,	1631,	536,	274,	329,	30
2850,	1588,	492,	274,	330,	30
2851,	1552,	488,	274,	331,	30
2852,	1526,	456,	274,	332,	30
2853,	1513,	445,	274,	333,	30
2854,	1507,	435,	274,	334,	30
2855,	1493,	420,	274,	335,	30
2856,	1472,	399,	274,	336,	30
2857,	1441,	374,	274,	337,	30
2858,	1403,	350,	274,	338,	30
2859,	1374,	330,	274,	339,	30
2860,	1357,	314,	274,	340,	30
2861,	1330,	305,	274,	341,	30
2862,	1298,	302,	274,	342,	30
2863,	1268,	301,	274,	343,	30
2864,	1243,	297,	274,	344,	30
2865,	1226,	290,	274,	345,	30
2866,	1215,	282,	274,	346,	30
2867,	1210,	3935,	274,	347,	30
2868,	1209,	3930,	274,	348,	30
2869,	1202,	3881,	274,	349,	30
2870,	1193,	3815,	274,	350,	30
2871,	1182,	3755,	274,	351,	30
2872,	1172,	3666,	274,	352,	30
2873,	1164,	3632,	274,	353,	30
2874,	1157,	3629,	274,	354,	30
2875,	1153,	3609,	274,	355,	30
2876,	1149,	3589,	274,	356,	30
2877,	1147,	3563,	274,	357,	30
2878,	1147,	3527,	274,	358,	30
2879,	1148,	3482,	274,	359,	30
2880,	1151,	3430,	274,	360,	30
2881,	1824,	930,	274,	1,	33
2882,	1816,	913,	274,	2,	33
2883,	1814,	908,	274,	3,	33
2884,	1805,	906,	274,	4,	33
2885,	1789,	900,	274,	5,	33
2886,	1768,	888,	274,	6,	33
2887,	1741,	872,	274,	7,	33
2888,	1708,	851,	274,	8,	33
2889,	1683,	825,	274,	9,	33
2890,	1649,	794,	274,	10,	33
2891,	1605,	772,	274,	11,	33
2892,	1562,	737,	274,	12,	33
2893,	1531,	697,	274,	13,	33
2894,	1513,	660,	274,	14,	33
2895,	1507,	634,	274,	15,	33
2896,	1489,	614,	274,	16,	33
2897,	1460,	605,	274,	17,	33
2898,	1416,	598,	274,	18,	33
2899,	1374,	585,	274,	19,	33
2900,	1347,	564,	274,	20,	33
2901,	1304,	524,	274,	21,	33
2902,	1257,	496,	274,	22,	33
2903,	1224,	476,	274,	23,	33
2904,	1210,	447,	274,	24,	33
2905,	1199,	439,	274,	25,	33
2906,	1168,	422,	274,	26,	33
2907,	1138,	396,	274,	27,	33
2908,	1082,	362,	274,	28,	33
2909,	1045,	332,	274,	29,	33
2910,	1008,	310,	274,	30,	33
2911,	957,	302,	274,	31,	33
2912,	918,	299,	274,	32,	33
2913,	908,	290,	274,	33,	33
2914,	900,	276,	274,	34,	33
2915,	880,	3910,	274,	35,	33
2916,	848,	3804,	274,	36,	33
2917,	801,	3666,	274,	37,	33
2918,	763,	3631,	274,	38,	33
2919,	705,	3599,	274,	39,	33
2920,	651,	3561,	274,	40,	33
2921,	617,	3501,	274,	41,	33
2922,	603,	3424,	274,	42,	33
2923,	588,	3354,	274,	43,	33
2924,	556,	3330,	274,	44,	33
2925,	492,	3323,	274,	45,	33
2926,	471,	3300,	274,	46,	33
2927,	444,	3273,	274,	47,	33
2928,	422,	3249,	274,	48,	33
2929,	383,	3216,	274,	49,	33
2930,	338,	3177,	274,	50,	33
2931,	308,	3135,	274,	51,	33
2932,	302,	3094,	274,	52,	33
2933,	292,	3060,	274,	53,	33
2934,	3935,	3037,	274,	54,	33
2935,	3820,	3027,	274,	55,	33
2936,	3669,	3026,	274,	56,	33
2937,	3628,	3021,	274,	57,	33
2938,	3588,	3013,	274,	58,	33
2939,	3531,	3003,	274,	59,	33
2940,	3447,	2992,	274,	60,	33
2941,	3362,	2981,	274,	61,	33
2942,	3330,	2971,	274,	62,	33
2943,	3322,	2963,	274,	63,	33
2944,	3294,	2956,	274,	64,	33
2945,	3267,	2953,	274,	65,	33
2946,	3238,	2951,	274,	66,	33
2947,	3201,	2952,	274,	67,	33
2948,	3158,	2955,	274,	68,	33
2949,	3113,	2960,	274,	69,	33
2950,	3074,	2967,	274,	70,	33
2951,	3045,	2976,	274,	71,	33
2952,	3029,	2985,	274,	72,	33
2953,	3027,	2996,	274,	73,	33
2954,	3022,	3006,	274,	74,	33
2955,	3013,	3015,	274,	75,	33
2956,	2999,	3022,	274,	76,	33
2957,	2984,	3026,	274,	77,	33
2958,	2967,	3027,	274,	78,	33
2959,	2949,	3034,	274,	79,	33
2960,	2932,	3052,	274,	80,	33
2961,	2917,	3079,	274,	81,	33
2962,	2902,	3113,	274,	82,	33
2963,	2896,	3151,	274,	83,	33
2964,	2890,	3188,	274,	84,	33
2965,	2883,	3222,	274,	85,	33
2966,	2875,	3251,	274,	86,	33
2967,	2869,	3272,	274,	87,	33
2968,	2862,	3295,	274,	88,	33
2969,	2857,	3318,	274,	89,	33
2970,	2852,	3329,	274,	90,	33
2971,	2847,	3334,	274,	91,	33
2972,	2843,	3378,	274,	92,	33
2973,	2840,	3447,	274,	93,	33
2974,	2837,	3513,	274,	94,	33
2975,	2835,	3564,	274,	95,	33
2976,	2834,	3598,	274,	96,	33
2977,	2833,	3628,	274,	97,	33
2978,	2833,	3637,	274,	98,	33
2979,	2833,	3757,	274,	99,	33
2980,	2834,	3853,	274,	100,	33
2981,	2836,	3932,	274,	101,	33
2982,	2838,	279,	274,	102,	33
2983,	2841,	291,	274,	103,	33
2984,	2845,	299,	274,	104,	33
2985,	2849,	302,	274,	105,	33
2986,	2853,	307,	274,	106,	33
2987,	2858,	325,	274,	107,	33
2988,	2864,	351,	274,	108,	33
2989,	2870,	381,	274,	109,	33
2990,	2876,	410,	274,	110,	33
2991,	2882,	430,	274,	111,	33
2992,	2888,	443,	274,	112,	33
2993,	2893,	449,	274,	113,	33
2994,	2898,	483,	274,	114,	33
2995,	2903,	492,	274,	115,	33
2996,	2908,	527,	274,	116,	33
2997,	2916,	564,	274,	117,	33
2998,	2926,	584,	274,	118,	33
2999,	2938,	597,	274,	119,	33
3000,	2950,	604,	274,	120,	33
3001,	2963,	611,	274,	121,	33
3002,	2975,	627,	274,	122,	33
3003,	2987,	650,	274,	123,	33
3004,	2997,	681,	274,	124,	33
3005,	3006,	719,	274,	125,	33
3006,	3014,	755,	274,	126,	33
3007,	3020,	783,	274,	127,	33
3008,	3024,	806,	274,	128,	33
3009,	3026,	836,	274,	129,	33
3010,	3027,	858,	274,	130,	33
3011,	3028,	877,	274,	131,	33
3012,	3034,	892,	274,	132,	33
3013,	3043,	902,	274,	133,	33
3014,	3054,	907,	274,	134,	33
3015,	3068,	908,	274,	135,	33
3016,	3083,	915,	274,	136,	33
3017,	3098,	933,	274,	137,	33
3018,	3114,	958,	274,	138,	33
3019,	3129,	989,	274,	139,	33
3020,	3144,	1016,	274,	140,	33
3021,	3158,	1038,	274,	141,	33
3022,	3170,	1051,	274,	142,	33
3023,	3182,	1070,	274,	143,	33
3024,	3191,	1105,	274,	144,	33
3025,	3200,	1133,	274,	145,	33
3026,	3207,	1150,	274,	146,	33
3027,	3213,	1164,	274,	147,	33
3028,	3218,	1180,	274,	148,	33
3029,	3222,	1194,	274,	149,	33
3030,	3224,	1205,	274,	150,	33
3031,	3226,	1210,	274,	151,	33
3032,	3226,	1210,	274,	152,	33
3033,	3225,	1215,	274,	153,	33
3034,	3224,	1222,	274,	154,	33
3035,	3222,	1231,	274,	155,	33
3036,	3219,	1243,	274,	156,	33
3037,	3216,	1257,	274,	157,	33
3038,	3213,	1271,	274,	158,	33
3039,	3209,	1287,	274,	159,	33
3040,	3206,	1302,	274,	160,	33
3041,	3204,	1317,	274,	161,	33
3042,	3202,	1331,	274,	162,	33
3043,	3201,	1344,	274,	163,	33
3044,	3202,	1355,	274,	164,	33
3045,	3203,	1364,	274,	165,	33
3046,	3207,	1371,	274,	166,	33
3047,	3211,	1377,	274,	167,	33
3048,	3218,	1389,	274,	168,	33
3049,	3226,	1404,	274,	169,	33
3050,	3236,	1421,	274,	170,	33
3051,	3247,	1438,	274,	171,	33
3052,	3258,	1453,	274,	172,	33
3053,	3269,	1467,	274,	173,	33
3054,	3279,	1479,	274,	174,	33
3055,	3299,	1489,	274,	175,	33
3056,	3316,	1498,	274,	176,	33
3057,	3328,	1506,	274,	177,	33
3058,	3330,	1511,	274,	178,	33
3059,	3357,	1513,	274,	179,	33
3060,	3424,	1519,	274,	180,	33
3061,	3501,	1532,	274,	181,	33
3062,	3565,	1552,	274,	182,	33
3063,	3608,	1577,	274,	183,	33
3064,	3632,	1609,	274,	184,	33
3065,	3761,	1642,	274,	185,	33
3066,	3900,	1672,	274,	186,	33
3067,	278,	1694,	274,	187,	33
3068,	295,	1720,	274,	188,	33
3069,	302,	1748,	274,	189,	33
3070,	316,	1772,	274,	190,	33
3071,	356,	1792,	274,	191,	33
3072,	404,	1807,	274,	192,	33
3073,	437,	1815,	274,	193,	33
3074,	454,	1817,	274,	194,	33
3075,	499,	1834,	274,	195,	33
3076,	548,	1865,	274,	196,	33
3077,	587,	1897,	274,	197,	33
3078,	604,	1928,	274,	198,	33
3079,	622,	1966,	274,	199,	33
3080,	665,	2014,	274,	200,	33
3081,	730,	2055,	274,	201,	33
3082,	785,	2089,	274,	202,	33
3083,	834,	2111,	274,	203,	33
3084,	874,	2119,	274,	204,	33
3085,	899,	2134,	274,	205,	33
3086,	908,	2164,	274,	206,	33
3087,	922,	2204,	274,	207,	33
3088,	971,	2250,	274,	208,	33
3089,	1026,	2292,	274,	209,	33
3090,	1055,	2319,	274,	210,	33
3091,	1120,	2349,	274,	211,	33
3092,	1158,	2375,	274,	212,	33
3093,	1192,	2395,	274,	213,	33
3094,	1210,	2409,	274,	214,	33
3095,	1220,	2418,	274,	215,	33
3096,	1252,	2421,	274,	216,	33
3097,	1298,	2424,	274,	217,	33
3098,	1342,	2438,	274,	218,	33
3099,	1371,	2457,	274,	219,	33
3100,	1405,	2478,	274,	220,	33
3101,	1449,	2497,	274,	221,	33
3102,	1480,	2514,	274,	222,	33
3103,	1500,	2531,	274,	223,	33
3104,	1511,	2549,	274,	224,	33
3105,	1516,	2569,	274,	225,	33
3106,	1534,	2599,	274,	226,	33
3107,	1561,	2623,	274,	227,	33
3108,	1594,	2642,	274,	228,	33
3109,	1631,	2657,	274,	229,	33
3110,	1663,	2670,	274,	230,	33
3111,	1687,	2680,	274,	231,	33
3112,	1704,	2687,	274,	232,	33
3113,	1730,	2694,	274,	233,	33
3114,	1751,	2698,	274,	234,	33
3115,	1769,	2702,	274,	235,	33
3116,	1785,	2704,	274,	236,	33
3117,	1797,	2705,	274,	237,	33
3118,	1807,	2705,	274,	238,	33
3119,	1813,	2705,	274,	239,	33
3120,	1816,	2703,	274,	240,	33
3121,	1816,	2700,	274,	241,	33
3122,	1822,	2696,	274,	242,	33
3123,	1835,	2690,	274,	243,	33
3124,	1852,	2683,	274,	244,	33
3125,	1870,	2674,	274,	245,	33
3126,	1888,	2662,	274,	246,	33
3127,	1904,	2648,	274,	247,	33
3128,	1921,	2632,	274,	248,	33
3129,	1938,	2625,	274,	249,	33
3130,	1958,	2581,	274,	250,	33
3131,	1967,	2562,	274,	251,	33
3132,	2005,	2545,	274,	252,	33
3133,	2026,	2529,	274,	253,	33
3134,	2045,	2514,	274,	254,	33
3135,	2063,	2499,	274,	255,	33
3136,	2078,	2485,	274,	256,	33
3137,	2091,	2469,	274,	257,	33
3138,	2102,	2452,	274,	258,	33
3139,	2110,	2438,	274,	259,	33
3140,	2115,	2427,	274,	260,	33
3141,	2118,	2422,	274,	261,	33
3142,	2119,	2421,	274,	262,	33
3143,	2124,	2419,	274,	263,	33
3144,	2132,	2415,	274,	264,	33
3145,	2141,	2408,	274,	265,	33
3146,	2151,	2400,	274,	266,	33
3147,	2162,	2391,	274,	267,	33
3148,	2175,	2380,	274,	268,	33
3149,	2187,	2369,	274,	269,	33
3150,	2201,	2357,	274,	270,	33
3151,	2214,	2344,	274,	271,	33
3152,	2228,	2331,	274,	272,	33
3153,	2241,	2321,	274,	273,	33
3154,	2254,	2313,	274,	274,	33
3155,	2266,	2304,	274,	275,	33
3156,	2276,	2294,	274,	276,	33
3157,	2286,	2284,	274,	277,	33
3158,	2295,	2273,	274,	278,	33
3159,	2302,	2262,	274,	279,	33
3160,	2309,	2251,	274,	280,	33
3161,	2314,	2241,	274,	281,	33
3162,	2319,	2230,	274,	282,	33
3163,	2322,	2220,	274,	283,	33
3164,	2327,	2210,	274,	284,	33
3165,	2334,	2200,	274,	285,	33
3166,	2340,	2191,	274,	286,	33
3167,	2345,	2182,	274,	287,	33
3168,	2350,	2173,	274,	288,	33
3169,	2356,	2165,	274,	289,	33
3170,	2360,	2157,	274,	290,	33
3171,	2364,	2149,	274,	291,	33
3172,	2367,	2141,	274,	292,	33
3173,	2371,	2134,	274,	293,	33
3174,	2374,	2128,	274,	294,	33
3175,	2377,	2122,	274,	295,	33
3176,	2380,	2119,	274,	296,	33
3177,	2383,	2118,	274,	297,	33
3178,	2386,	2115,	274,	298,	33
3179,	2388,	2110,	274,	299,	33
3180,	2391,	2102,	274,	300,	33
3181,	2393,	2091,	274,	301,	33
3182,	2396,	2077,	274,	302,	33
3183,	2398,	2059,	274,	303,	33
3184,	2400,	2039,	274,	304,	33
3185,	2402,	2015,	274,	305,	33
3186,	2403,	1989,	274,	306,	33
3187,	2405,	1959,	274,	307,	33
3188,	2407,	1935,	274,	308,	33
3189,	2408,	1914,	274,	309,	33
3190,	2409,	1894,	274,	310,	33
3191,	2410,	1872,	274,	311,	33
3192,	2411,	1849,	274,	312,	33
3193,	2412,	1828,	274,	313,	33
3194,	2412,	1817,	274,	314,	33
3195,	2413,	1816,	274,	315,	33
3196,	2413,	1812,	274,	316,	33
3197,	2413,	1803,	274,	317,	33
3198,	2413,	1790,	274,	318,	33
3199,	2413,	1773,	274,	319,	33
3200,	2413,	1753,	274,	320,	33
3201,	2412,	1729,	274,	321,	33
3202,	2411,	1700,	274,	322,	33
3203,	2410,	1684,	274,	323,	33
3204,	2409,	1659,	274,	324,	33
3205,	2407,	1627,	274,	325,	33
3206,	2405,	1593,	274,	326,	33
3207,	2402,	1562,	274,	327,	33
3208,	2399,	1538,	274,	328,	33
3209,	2395,	1521,	274,	329,	33
3210,	2390,	1513,	274,	330,	33
3211,	2384,	1510,	274,	331,	33
3212,	2378,	1501,	274,	332,	33
3213,	2370,	1488,	274,	333,	33
3214,	2361,	1471,	274,	334,	33
3215,	2350,	1449,	274,	335,	33
3216,	2337,	1422,	274,	336,	33
3217,	2323,	1393,	274,	337,	33
3218,	2314,	1373,	274,	338,	33
3219,	2301,	1361,	274,	339,	33
3220,	2284,	1342,	274,	340,	33
3221,	2263,	1318,	274,	341,	33
3222,	2239,	1292,	274,	342,	33
3223,	2214,	1266,	274,	343,	33
3224,	2189,	1244,	274,	344,	33
3225,	2167,	1227,	274,	345,	33
3226,	2147,	1216,	274,	346,	33
3227,	2131,	1210,	274,	347,	33
3228,	2119,	1209,	274,	348,	33
3229,	2117,	1199,	274,	349,	33
3230,	2110,	1184,	274,	350,	33
3231,	2096,	1167,	274,	351,	33
3232,	2076,	1151,	274,	352,	33
3233,	2051,	1133,	274,	353,	33
3234,	2021,	1104,	274,	354,	33
3235,	1988,	1068,	274,	355,	33
3236,	1951,	1050,	274,	356,	33
3237,	1924,	1036,	274,	357,	33
3238,	1899,	1014,	274,	358,	33
3239,	1873,	985,	274,	359,	33
3240,	1846,	955,	274,	360,	33
3241,	1503,	564,	274,	1,	35
3242,	1493,	519,	274,	2,	35
3243,	1478,	508,	274,	3,	35
3244,	1458,	467,	274,	4,	35
3245,	1432,	446,	274,	5,	35
3246,	1401,	434,	274,	6,	35
3247,	1376,	413,	274,	7,	35
3248,	1362,	383,	274,	8,	35
3249,	1340,	350,	274,	9,	35
3250,	1311,	323,	274,	10,	35
3251,	1280,	306,	274,	11,	35
3252,	1252,	302,	274,	12,	35
3253,	1230,	298,	274,	13,	35
3254,	1216,	289,	274,	14,	35
3255,	1210,	277,	274,	15,	35
3256,	1206,	3801,	274,	16,	35
3257,	1191,	3695,	274,	17,	35
3258,	1172,	3632,	274,	18,	35
3259,	1153,	3627,	274,	19,	35
3260,	1135,	3604,	274,	20,	35
3261,	1104,	3585,	274,	21,	35
3262,	1067,	3559,	274,	22,	35
3263,	1050,	3529,	274,	23,	35
3264,	1036,	3496,	274,	24,	35
3265,	1015,	3463,	274,	25,	35
3266,	989,	3432,	274,	26,	35
3267,	962,	3404,	274,	27,	35
3268,	939,	3382,	274,	28,	35
3269,	922,	3366,	274,	29,	35
3270,	912,	3354,	274,	30,	35
3271,	908,	3347,	274,	31,	35
3272,	908,	3343,	274,	32,	35
3273,	905,	3341,	274,	33,	35
3274,	901,	3342,	274,	34,	35
3275,	895,	3344,	274,	35,	35
3276,	888,	3349,	274,	36,	35
3277,	879,	3358,	274,	37,	35
3278,	870,	3370,	274,	38,	35
3279,	860,	3387,	274,	39,	35
3280,	850,	3409,	274,	40,	35
3281,	840,	3435,	274,	41,	35
3282,	830,	3464,	274,	42,	35
3283,	818,	3494,	274,	43,	35
3284,	807,	3524,	274,	44,	35
3285,	798,	3552,	274,	45,	35
3286,	791,	3577,	274,	46,	35
3287,	787,	3596,	274,	47,	35
3288,	783,	3616,	274,	48,	35
3289,	778,	3631,	274,	49,	35
3290,	774,	3632,	274,	50,	35
3291,	771,	3699,	274,	51,	35
3292,	769,	3792,	274,	52,	35
3293,	767,	3859,	274,	53,	35
3294,	766,	3927,	274,	54,	35
3295,	767,	3927,	274,	55,	35
3296,	768,	283,	274,	56,	35
3297,	771,	293,	274,	57,	35
3298,	774,	300,	274,	58,	35
3299,	778,	302,	274,	59,	35
3300,	783,	306,	274,	60,	35
3301,	787,	321,	274,	61,	35
3302,	792,	344,	274,	62,	35
3303,	800,	372,	274,	63,	35
3304,	811,	401,	274,	64,	35
3305,	823,	423,	274,	65,	35
3306,	834,	439,	274,	66,	35
3307,	845,	447,	274,	67,	35
3308,	854,	468,	274,	68,	35
3309,	863,	496,	274,	69,	35
3310,	871,	501,	274,	70,	35
3311,	879,	545,	274,	71,	35
3312,	886,	573,	274,	72,	35
3313,	891,	589,	274,	73,	35
3314,	896,	600,	274,	74,	35
3315,	899,	605,	274,	75,	35
3316,	902,	613,	274,	76,	35
3317,	904,	629,	274,	77,	35
3318,	906,	649,	274,	78,	35
3319,	907,	676,	274,	79,	35
3320,	907,	708,	274,	80,	35
3321,	907,	740,	274,	81,	35
3322,	908,	768,	274,	82,	35
3323,	907,	787,	274,	83,	35
3324,	907,	804,	274,	84,	35
3325,	907,	827,	274,	85,	35
3326,	906,	845,	274,	86,	35
3327,	904,	860,	274,	87,	35
3328,	901,	872,	274,	88,	35
3329,	897,	882,	274,	89,	35
3330,	889,	890,	274,	90,	35
3331,	878,	896,	274,	91,	35
3332,	863,	900,	274,	92,	35
3333,	844,	903,	274,	93,	35
3334,	816,	905,	274,	94,	35
3335,	787,	906,	274,	95,	35
3336,	758,	907,	274,	96,	35
3337,	714,	908,	274,	97,	35
3338,	667,	908,	274,	98,	35
3339,	633,	908,	274,	99,	35
3340,	609,	908,	274,	100,	35
3341,	601,	908,	274,	101,	35
3342,	585,	908,	274,	102,	35
3343,	552,	908,	274,	103,	35
3344,	492,	908,	274,	104,	35
3345,	470,	908,	274,	105,	35
3346,	444,	908,	274,	106,	35
3347,	421,	908,	274,	107,	35
3348,	380,	908,	274,	108,	35
3349,	334,	908,	274,	109,	35
3350,	305,	908,	274,	110,	35
3351,	300,	908,	274,	111,	35
3352,	287,	908,	274,	112,	35
3353,	3933,	908,	274,	113,	35
3354,	3804,	908,	274,	114,	35
3355,	3632,	908,	274,	115,	35
3356,	3609,	908,	274,	116,	35
3357,	3556,	908,	274,	117,	35
3358,	3468,	908,	274,	118,	35
3359,	3368,	908,	274,	119,	35
3360,	3330,	908,	274,	120,	35
3361,	3318,	908,	274,	121,	35
3362,	3285,	908,	274,	122,	35
3363,	3260,	909,	274,	123,	35
3364,	3228,	910,	274,	124,	35
3365,	3190,	913,	274,	125,	35
3366,	3151,	917,	274,	126,	35
3367,	3113,	922,	274,	127,	35
3368,	3082,	928,	274,	128,	35
3369,	3058,	937,	274,	129,	35
3370,	3042,	947,	274,	130,	35
3371,	3033,	959,	274,	131,	35
3372,	3028,	973,	274,	132,	35
3373,	3027,	988,	274,	133,	35
3374,	3027,	1002,	274,	134,	35
3375,	3027,	1016,	274,	135,	35
3376,	3027,	1029,	274,	136,	35
3377,	3027,	1039,	274,	137,	35
3378,	3027,	1048,	274,	138,	35
3379,	3027,	1053,	274,	139,	35
3380,	3027,	1067,	274,	140,	35
3381,	3029,	1089,	274,	141,	35
3382,	3034,	1111,	274,	142,	35
3383,	3042,	1129,	274,	143,	35
3384,	3053,	1143,	274,	144,	35
3385,	3067,	1153,	274,	145,	35
3386,	3086,	1163,	274,	146,	35
3387,	3107,	1174,	274,	147,	35
3388,	3130,	1185,	274,	148,	35
3389,	3155,	1195,	274,	149,	35
3390,	3178,	1203,	274,	150,	35
3391,	3201,	1209,	274,	151,	35
3392,	3222,	1210,	274,	152,	35
3393,	3241,	1210,	274,	153,	35
3394,	3257,	1214,	274,	154,	35
3395,	3270,	1218,	274,	155,	35
3396,	3279,	1225,	274,	156,	35
3397,	3298,	1232,	274,	157,	35
3398,	3313,	1241,	274,	158,	35
3399,	3324,	1251,	274,	159,	35
3400,	3329,	1262,	274,	160,	35
3401,	3330,	1273,	274,	161,	35
3402,	3340,	1285,	274,	162,	35
3403,	3369,	1297,	274,	163,	35
3404,	3410,	1308,	274,	164,	35
3405,	3456,	1319,	274,	165,	35
3406,	3498,	1329,	274,	166,	35
3407,	3536,	1338,	274,	167,	35
3408,	3568,	1346,	274,	168,	35
3409,	3591,	1353,	274,	169,	35
3410,	3612,	1360,	274,	170,	35
3411,	3630,	1365,	274,	171,	35
3412,	3632,	1369,	274,	172,	35
3413,	3686,	1373,	274,	173,	35
3414,	3780,	1376,	274,	174,	35
3415,	3843,	1382,	274,	175,	35
3416,	3914,	1388,	274,	176,	35
3417,	3935,	1396,	274,	177,	35
3418,	281,	1404,	274,	178,	35
3419,	290,	1412,	274,	179,	35
3420,	297,	1420,	274,	180,	35
3421,	301,	1427,	274,	181,	35
3422,	302,	1434,	274,	182,	35
3423,	308,	1441,	274,	183,	35
3424,	322,	1447,	274,	184,	35
3425,	343,	1453,	274,	185,	35
3426,	367,	1458,	274,	186,	35
3427,	393,	1463,	274,	187,	35
3428,	415,	1468,	274,	188,	35
3429,	432,	1472,	274,	189,	35
3430,	443,	1476,	274,	190,	35
3431,	448,	1480,	274,	191,	35
3432,	473,	1483,	274,	192,	35
3433,	509,	1486,	274,	193,	35
3434,	498,	1489,	274,	194,	35
3435,	538,	1492,	274,	195,	35
3436,	567,	1495,	274,	196,	35
3437,	583,	1498,	274,	197,	35
3438,	595,	1500,	274,	198,	35
3439,	602,	1502,	274,	199,	35
3440,	605,	1504,	274,	200,	35
3441,	616,	1506,	274,	201,	35
3442,	630,	1508,	274,	202,	35
3443,	649,	1509,	274,	203,	35
3444,	673,	1511,	274,	204,	35
3445,	701,	1512,	274,	205,	35
3446,	731,	1512,	274,	206,	35
3447,	758,	1513,	274,	207,	35
3448,	779,	1513,	274,	208,	35
3449,	793,	1513,	274,	209,	35
3450,	813,	1516,	274,	210,	35
3451,	833,	1518,	274,	211,	35
3452,	849,	1521,	274,	212,	35
3453,	863,	1525,	274,	213,	35
3454,	874,	1529,	274,	214,	35
3455,	884,	1534,	274,	215,	35
3456,	892,	1539,	274,	216,	35
3457,	898,	1545,	274,	217,	35
3458,	903,	1552,	274,	218,	35
3459,	906,	1560,	274,	219,	35
3460,	907,	1568,	274,	220,	35
3461,	908,	1577,	274,	221,	35
3462,	909,	1588,	274,	222,	35
3463,	913,	1599,	274,	223,	35
3464,	920,	1611,	274,	224,	35
3465,	931,	1624,	274,	225,	35
3466,	943,	1637,	274,	226,	35
3467,	958,	1650,	274,	227,	35
3468,	976,	1662,	274,	228,	35
3469,	993,	1674,	274,	229,	35
3470,	1010,	1684,	274,	230,	35
3471,	1026,	1693,	274,	231,	35
3472,	1039,	1700,	274,	232,	35
3473,	1048,	1715,	274,	233,	35
3474,	1056,	1730,	274,	234,	35
3475,	1079,	1743,	274,	235,	35
3476,	1108,	1756,	274,	236,	35
3477,	1132,	1769,	274,	237,	35
3478,	1149,	1781,	274,	238,	35
3479,	1163,	1791,	274,	239,	35
3480,	1181,	1801,	274,	240,	35
3481,	1198,	1808,	274,	241,	35
3482,	1209,	1813,	274,	242,	35
3483,	1212,	1816,	274,	243,	35
3484,	1221,	1816,	274,	244,	35
3485,	1241,	1824,	274,	245,	35
3486,	1271,	1840,	274,	246,	35
3487,	1308,	1861,	274,	247,	35
3488,	1343,	1883,	274,	248,	35
3489,	1369,	1903,	274,	249,	35
3490,	1394,	1924,	274,	250,	35
3491,	1437,	1948,	274,	251,	35
3492,	1471,	1972,	274,	252,	35
3493,	1495,	2011,	274,	253,	35
3494,	1509,	2040,	274,	254,	35
3495,	1513,	2066,	274,	255,	35
3496,	1535,	2087,	274,	256,	35
3497,	1568,	2104,	274,	257,	35
3498,	1613,	2114,	274,	258,	35
3499,	1657,	2119,	274,	259,	35
3500,	1689,	2125,	274,	260,	35
3501,	1718,	2139,	274,	261,	35
3502,	1750,	2157,	274,	262,	35
3503,	1776,	2179,	274,	263,	35
3504,	1796,	2203,	274,	264,	35
3505,	1809,	2229,	274,	265,	35
3506,	1816,	2254,	274,	266,	35
3507,	1817,	2276,	274,	267,	35
3508,	1831,	2294,	274,	268,	35
3509,	1855,	2309,	274,	269,	35
3510,	1880,	2319,	274,	270,	35
3511,	1902,	2327,	274,	271,	35
3512,	1922,	2339,	274,	272,	35
3513,	1943,	2348,	274,	273,	35
3514,	1965,	2357,	274,	274,	35
3515,	1992,	2362,	274,	275,	35
3516,	2013,	2367,	274,	276,	35
3517,	2031,	2370,	274,	277,	35
3518,	2046,	2372,	274,	278,	35
3519,	2059,	2373,	274,	279,	35
3520,	2070,	2374,	274,	280,	35
3521,	2079,	2373,	274,	281,	35
3522,	2086,	2372,	274,	282,	35
3523,	2091,	2369,	274,	283,	35
3524,	2095,	2366,	274,	284,	35
3525,	2098,	2361,	274,	285,	35
3526,	2100,	2356,	274,	286,	35
3527,	2102,	2348,	274,	287,	35
3528,	2102,	2339,	274,	288,	35
3529,	2102,	2329,	274,	289,	35
3530,	2102,	2320,	274,	290,	35
3531,	2101,	2312,	274,	291,	35
3532,	2099,	2301,	274,	292,	35
3533,	2097,	2286,	274,	293,	35
3534,	2095,	2268,	274,	294,	35
3535,	2091,	2248,	274,	295,	35
3536,	2087,	2225,	274,	296,	35
3537,	2082,	2202,	274,	297,	35
3538,	2077,	2180,	274,	298,	35
3539,	2070,	2159,	274,	299,	35
3540,	2063,	2142,	274,	300,	35
3541,	2056,	2128,	274,	301,	35
3542,	2047,	2119,	274,	302,	35
3543,	2038,	2117,	274,	303,	35
3544,	2029,	2108,	274,	304,	35
3545,	2018,	2094,	274,	305,	35
3546,	2007,	2073,	274,	306,	35
3547,	1996,	2048,	274,	307,	35
3548,	1971,	2018,	274,	308,	35
3549,	1969,	1979,	274,	309,	35
3550,	1957,	1950,	274,	310,	35
3551,	1946,	1922,	274,	311,	35
3552,	1936,	1897,	274,	312,	35
3553,	1926,	1872,	274,	313,	35
3554,	1917,	1844,	274,	314,	35
3555,	1908,	1822,	274,	315,	35
3556,	1899,	1816,	274,	316,	35
3557,	1889,	1813,	274,	317,	35
3558,	1880,	1803,	274,	318,	35
3559,	1870,	1786,	274,	319,	35
3560,	1860,	1763,	274,	320,	35
3561,	1849,	1734,	274,	321,	35
3562,	1840,	1698,	274,	322,	35
3563,	1831,	1676,	274,	323,	35
3564,	1824,	1637,	274,	324,	35
3565,	1819,	1590,	274,	325,	35
3566,	1816,	1550,	274,	326,	35
3567,	1816,	1523,	274,	327,	35
3568,	1816,	1512,	274,	328,	35
3569,	1815,	1501,	274,	329,	35
3570,	1813,	1479,	274,	330,	35
3571,	1811,	1444,	274,	331,	35
3572,	1808,	1395,	274,	332,	35
3573,	1804,	1366,	274,	333,	35
3574,	1800,	1331,	274,	334,	35
3575,	1795,	1284,	274,	335,	35
3576,	1789,	1242,	274,	336,	35
3577,	1783,	1216,	274,	337,	35
3578,	1776,	1210,	274,	338,	35
3579,	1769,	1191,	274,	339,	35
3580,	1761,	1161,	274,	340,	35
3581,	1752,	1131,	274,	341,	35
3582,	1743,	1076,	274,	342,	35
3583,	1733,	1045,	274,	343,	35
3584,	1721,	1013,	274,	344,	35
3585,	1709,	967,	274,	345,	35
3586,	1697,	928,	274,	346,	35
3587,	1690,	909,	274,	347,	35
3588,	1681,	907,	274,	348,	35
3589,	1668,	897,	274,	349,	35
3590,	1653,	878,	274,	350,	35
3591,	1636,	851,	274,	351,	35
3592,	1616,	815,	274,	352,	35
3593,	1596,	783,	274,	353,	35
3594,	1576,	744,	274,	354,	35
3595,	1558,	696,	274,	355,	35
3596,	1542,	653,	274,	356,	35
3597,	1528,	625,	274,	357,	35
3598,	1518,	605,	274,	358,	35
3599,	1513,	601,	274,	359,	35
3600,	1510,	587,	274,	360,	35
3601,	317,	1286,	274,	1,	37
3602,	342,	1280,	274,	2,	37
3603,	375,	1274,	274,	3,	37
3604,	407,	1269,	274,	4,	37
3605,	431,	1265,	274,	5,	37
3606,	445,	1262,	274,	6,	37
3607,	464,	1259,	274,	7,	37
3608,	510,	1256,	274,	8,	37
3609,	521,	1255,	274,	9,	37
3610,	567,	1254,	274,	10,	37
3611,	589,	1253,	274,	11,	37
3612,	602,	1254,	274,	12,	37
3613,	610,	1255,	274,	13,	37
3614,	634,	1256,	274,	14,	37
3615,	670,	1259,	274,	15,	37
3616,	722,	1262,	274,	16,	37
3617,	770,	1267,	274,	17,	37
3618,	803,	1272,	274,	18,	37
3619,	845,	1279,	274,	19,	37
3620,	875,	1287,	274,	20,	37
3621,	896,	1296,	274,	21,	37
3622,	907,	1306,	274,	22,	37
3623,	911,	1318,	274,	23,	37
3624,	938,	1329,	274,	24,	37
3625,	986,	1342,	274,	25,	37
3626,	1032,	1353,	274,	26,	37
3627,	1057,	1364,	274,	27,	37
3628,	1119,	1372,	274,	28,	37
3629,	1157,	1382,	274,	29,	37
3630,	1191,	1402,	274,	30,	37
3631,	1210,	1427,	274,	31,	37
3632,	1221,	1450,	274,	32,	37
3633,	1258,	1470,	274,	33,	37
3634,	1311,	1486,	274,	34,	37
3635,	1358,	1499,	274,	35,	37
3636,	1389,	1509,	274,	36,	37
3637,	1445,	1513,	274,	37,	37
3638,	1484,	1521,	274,	38,	37
3639,	1507,	1539,	274,	39,	37
3640,	1514,	1565,	274,	40,	37
3641,	1542,	1599,	274,	41,	37
3642,	1587,	1636,	274,	42,	37
3643,	1641,	1670,	274,	43,	37
3644,	1684,	1693,	274,	44,	37
3645,	1716,	1720,	274,	45,	37
3646,	1753,	1748,	274,	46,	37
3647,	1782,	1773,	274,	47,	37
3648,	1802,	1792,	274,	48,	37
3649,	1814,	1806,	274,	49,	37
3650,	1816,	1814,	274,	50,	37
3651,	1828,	1816,	274,	51,	37
3652,	1855,	1826,	274,	52,	37
3653,	1884,	1850,	274,	53,	37
3654,	1909,	1877,	274,	54,	37
3655,	1934,	1903,	274,	55,	37
3656,	1961,	1928,	274,	56,	37
3657,	1994,	1956,	274,	57,	37
3658,	2021,	1992,	274,	58,	37
3659,	2044,	2024,	274,	59,	37
3660,	2062,	2051,	274,	60,	37
3661,	2077,	2074,	274,	61,	37
3662,	2088,	2093,	274,	62,	37
3663,	2096,	2106,	274,	63,	37
3664,	2101,	2114,	274,	64,	37
3665,	2105,	2118,	274,	65,	37
3666,	2108,	2119,	274,	66,	37
3667,	2109,	2128,	274,	67,	37
3668,	2110,	2138,	274,	68,	37
3669,	2109,	2149,	274,	69,	37
3670,	2109,	2161,	274,	70,	37
3671,	2107,	2174,	274,	71,	37
3672,	2105,	2187,	274,	72,	37
3673,	2102,	2201,	274,	73,	37
3674,	2098,	2215,	274,	74,	37
3675,	2094,	2229,	274,	75,	37
3676,	2088,	2242,	274,	76,	37
3677,	2081,	2254,	274,	77,	37
3678,	2074,	2266,	274,	78,	37
3679,	2066,	2277,	274,	79,	37
3680,	2057,	2287,	274,	80,	37
3681,	2047,	2296,	274,	81,	37
3682,	2038,	2305,	274,	82,	37
3683,	2028,	2312,	274,	83,	37
3684,	2018,	2318,	274,	84,	37
3685,	2009,	2323,	274,	85,	37
3686,	2000,	2332,	274,	86,	37
3687,	1991,	2341,	274,	87,	37
3688,	1972,	2351,	274,	88,	37
3689,	1989,	2361,	274,	89,	37
3690,	1974,	2369,	274,	90,	37
3691,	1967,	2378,	274,	91,	37
3692,	1965,	2386,	274,	92,	37
3693,	1965,	2394,	274,	93,	37
3694,	1965,	2401,	274,	94,	37
3695,	1966,	2407,	274,	95,	37
3696,	1968,	2413,	274,	96,	37
3697,	1973,	2417,	274,	97,	37
3698,	1979,	2420,	274,	98,	37
3699,	1983,	2421,	274,	99,	37
3700,	1982,	2421,	274,	100,	37
3701,	1975,	2422,	274,	101,	37
3702,	1967,	2425,	274,	102,	37
3703,	1963,	2429,	274,	103,	37
3704,	1956,	2434,	274,	104,	37
3705,	1948,	2438,	274,	105,	37
3706,	1938,	2443,	274,	106,	37
3707,	1927,	2446,	274,	107,	37
3708,	1913,	2448,	274,	108,	37
3709,	1898,	2449,	274,	109,	37
3710,	1880,	2448,	274,	110,	37
3711,	1858,	2445,	274,	111,	37
3712,	1833,	2440,	274,	112,	37
3713,	1817,	2434,	274,	113,	37
3714,	1815,	2428,	274,	114,	37
3715,	1805,	2423,	274,	115,	37
3716,	1783,	2421,	274,	116,	37
3717,	1747,	2420,	274,	117,	37
3718,	1697,	2415,	274,	118,	37
3719,	1649,	2405,	274,	119,	37
3720,	1572,	2388,	274,	120,	37
3721,	1519,	2363,	274,	121,	37
3722,	1500,	2326,	274,	122,	37
3723,	1442,	2293,	274,	123,	37
3724,	1365,	2238,	274,	124,	37
3725,	1282,	2177,	274,	125,	37
3726,	1215,	2133,	274,	126,	37
3727,	1186,	2116,	274,	127,	37
3728,	1119,	2087,	274,	128,	37
3729,	1035,	2031,	274,	129,	37
3730,	945,	1957,	274,	130,	37
3731,	908,	1902,	274,	131,	37
3732,	882,	1848,	274,	132,	37
3733,	816,	1816,	274,	133,	37
3734,	737,	1807,	274,	134,	37
3735,	642,	1775,	274,	135,	37
3736,	604,	1725,	274,	136,	37
3737,	572,	1676,	274,	137,	37
3738,	502,	1607,	274,	138,	37
3739,	445,	1543,	274,	139,	37
3740,	403,	1513,	274,	140,	37
3741,	333,	1498,	274,	141,	37
3742,	302,	1460,	274,	142,	37
3743,	288,	1399,	274,	143,	37
3744,	3907,	1361,	274,	144,	37
3745,	3682,	1314,	274,	145,	37
3746,	3614,	1260,	274,	146,	37
3747,	3547,	1224,	274,	147,	37
3748,	3442,	1210,	274,	148,	37
3749,	3347,	1202,	274,	149,	37
3750,	3330,	1177,	274,	150,	37
3751,	3319,	1153,	274,	151,	37
3752,	3303,	1131,	274,	152,	37
3753,	3290,	1095,	274,	153,	37
3754,	3285,	1060,	274,	154,	37
3755,	3289,	1048,	274,	155,	37
3756,	3300,	1037,	274,	156,	37
3757,	3314,	1023,	274,	157,	37
3758,	3327,	1008,	274,	158,	37
3759,	3330,	994,	274,	159,	37
3760,	3369,	982,	274,	160,	37
3761,	3458,	972,	274,	161,	37
3762,	3544,	964,	274,	162,	37
3763,	3600,	959,	274,	163,	37
3764,	3632,	956,	274,	164,	37
3765,	3790,	955,	274,	165,	37
3766,	3932,	956,	274,	166,	37
3767,	288,	959,	274,	167,	37
3768,	301,	963,	274,	168,	37
3769,	310,	969,	274,	169,	37
3770,	349,	977,	274,	170,	37
3771,	402,	987,	274,	171,	37
3772,	437,	998,	274,	172,	37
3773,	458,	1010,	274,	173,	37
3774,	493,	1022,	274,	174,	37
3775,	554,	1033,	274,	175,	37
3776,	589,	1043,	274,	176,	37
3777,	604,	1050,	274,	177,	37
3778,	619,	1059,	274,	178,	37
3779,	653,	1083,	274,	179,	37
3780,	702,	1110,	274,	180,	37
3781,	754,	1132,	274,	181,	37
3782,	788,	1148,	274,	182,	37
3783,	821,	1161,	274,	183,	37
3784,	850,	1177,	274,	184,	37
3785,	871,	1193,	274,	185,	37
3786,	887,	1205,	274,	186,	37
3787,	898,	1210,	274,	187,	37
3788,	904,	1213,	274,	188,	37
3789,	907,	1222,	274,	189,	37
3790,	908,	1238,	274,	190,	37
3791,	909,	1260,	274,	191,	37
3792,	914,	1287,	274,	192,	37
3793,	921,	1316,	274,	193,	37
3794,	929,	1342,	274,	194,	37
3795,	937,	1363,	274,	195,	37
3796,	945,	1375,	274,	196,	37
3797,	951,	1399,	274,	197,	37
3798,	957,	1430,	274,	198,	37
3799,	962,	1456,	274,	199,	37
3800,	965,	1476,	274,	200,	37
3801,	968,	1491,	274,	201,	37
3802,	970,	1502,	274,	202,	37
3803,	971,	1510,	274,	203,	37
3804,	972,	1513,	274,	204,	37
3805,	971,	1517,	274,	205,	37
3806,	971,	1528,	274,	206,	37
3807,	970,	1541,	274,	207,	37
3808,	970,	1557,	274,	208,	37
3809,	969,	1574,	274,	209,	37
3810,	969,	1592,	274,	210,	37
3811,	968,	1610,	274,	211,	37
3812,	969,	1626,	274,	212,	37
3813,	970,	1641,	274,	213,	37
3814,	971,	1652,	274,	214,	37
3815,	973,	1662,	274,	215,	37
3816,	976,	1670,	274,	216,	37
3817,	979,	1677,	274,	217,	37
3818,	983,	1682,	274,	218,	37
3819,	988,	1686,	274,	219,	37
3820,	993,	1689,	274,	220,	37
3821,	999,	1692,	274,	221,	37
3822,	1006,	1694,	274,	222,	37
3823,	1013,	1695,	274,	223,	37
3824,	1020,	1696,	274,	224,	37
3825,	1028,	1697,	274,	225,	37
3826,	1035,	1698,	274,	226,	37
3827,	1042,	1700,	274,	227,	37
3828,	1048,	1702,	274,	228,	37
3829,	1052,	1704,	274,	229,	37
3830,	1061,	1706,	274,	230,	37
3831,	1079,	1708,	274,	231,	37
3832,	1101,	1710,	274,	232,	37
3833,	1122,	1713,	274,	233,	37
3834,	1139,	1716,	274,	234,	37
3835,	1151,	1719,	274,	235,	37
3836,	1164,	1723,	274,	236,	37
3837,	1179,	1728,	274,	237,	37
3838,	1195,	1733,	274,	238,	37
3839,	1207,	1738,	274,	239,	37
3840,	1210,	1744,	274,	240,	37
3841,	1215,	1751,	274,	241,	37
3842,	1229,	1758,	274,	242,	37
3843,	1251,	1766,	274,	243,	37
3844,	1283,	1774,	274,	244,	37
3845,	1319,	1782,	274,	245,	37
3846,	1351,	1789,	274,	246,	37
3847,	1372,	1797,	274,	247,	37
3848,	1400,	1803,	274,	248,	37
3849,	1441,	1808,	274,	249,	37
3850,	1473,	1813,	274,	250,	37
3851,	1494,	1815,	274,	251,	37
3852,	1508,	1816,	274,	252,	37
3853,	1513,	1817,	274,	253,	37
3854,	1526,	1823,	274,	254,	37
3855,	1549,	1835,	274,	255,	37
3856,	1580,	1850,	274,	256,	37
3857,	1615,	1867,	274,	257,	37
3858,	1649,	1883,	274,	258,	37
3859,	1675,	1899,	274,	259,	37
3860,	1692,	1915,	274,	260,	37
3861,	1708,	1931,	274,	261,	37
3862,	1727,	1949,	274,	262,	37
3863,	1742,	1973,	274,	263,	37
3864,	1753,	1995,	274,	264,	37
3865,	1761,	2016,	274,	265,	37
3866,	1767,	2036,	274,	266,	37
3867,	1769,	2053,	274,	267,	37
3868,	1770,	2069,	274,	268,	37
3869,	1767,	2083,	274,	269,	37
3870,	1761,	2094,	274,	270,	37
3871,	1751,	2103,	274,	271,	37
3872,	1737,	2110,	274,	272,	37
3873,	1718,	2114,	274,	273,	37
3874,	1696,	2117,	274,	274,	37
3875,	1676,	2118,	274,	275,	37
3876,	1643,	2119,	274,	276,	37
3877,	1599,	2119,	274,	277,	37
3878,	1557,	2125,	274,	278,	37
3879,	1525,	2128,	274,	279,	37
3880,	1512,	2132,	274,	280,	37
3881,	1498,	2135,	274,	281,	37
3882,	1466,	2137,	274,	282,	37
3883,	1413,	2140,	274,	283,	37
3884,	1368,	2141,	274,	284,	37
3885,	1323,	2142,	274,	285,	37
3886,	1262,	2142,	274,	286,	37
3887,	1220,	2142,	274,	287,	37
3888,	1209,	2140,	274,	288,	37
3889,	1178,	2138,	274,	289,	37
3890,	1140,	2136,	274,	290,	37
3891,	1070,	2133,	274,	291,	37
3892,	1034,	2129,	274,	292,	37
3893,	978,	2126,	274,	293,	37
3894,	925,	2122,	274,	294,	37
3895,	908,	2119,	274,	295,	37
3896,	900,	2119,	274,	296,	37
3897,	875,	2118,	274,	297,	37
3898,	838,	2115,	274,	298,	37
3899,	789,	2110,	274,	299,	37
3900,	743,	2104,	274,	300,	37
3901,	680,	2095,	274,	301,	37
3902,	635,	2083,	274,	302,	37
3903,	605,	2069,	274,	303,	37
3904,	600,	2052,	274,	304,	37
3905,	581,	2032,	274,	305,	37
3906,	543,	2010,	274,	306,	37
3907,	493,	1983,	274,	307,	37
3908,	470,	1959,	274,	308,	37
3909,	445,	1937,	274,	309,	37
3910,	429,	1918,	274,	310,	37
3911,	401,	1900,	274,	311,	37
3912,	363,	1881,	274,	312,	37
3913,	329,	1861,	274,	313,	37
3914,	307,	1841,	274,	314,	37
3915,	302,	1824,	274,	315,	37
3916,	297,	1816,	274,	316,	37
3917,	287,	1816,	274,	317,	37
3918,	3935,	1813,	274,	318,	37
3919,	3908,	1806,	274,	319,	37
3920,	3813,	1796,	274,	320,	37
3921,	3707,	1783,	274,	321,	37
3922,	3632,	1767,	274,	322,	37
3923,	3626,	1749,	274,	323,	37
3924,	3599,	1730,	274,	324,	37
3925,	3577,	1707,	274,	325,	37
3926,	3545,	1691,	274,	326,	37
3927,	3508,	1674,	274,	327,	37
3928,	3469,	1652,	274,	328,	37
3929,	3431,	1627,	274,	329,	37
3930,	3398,	1600,	274,	330,	37
3931,	3371,	1576,	274,	331,	37
3932,	3353,	1555,	274,	332,	37
3933,	3342,	1538,	274,	333,	37
3934,	3336,	1525,	274,	334,	37
3935,	3333,	1517,	274,	335,	37
3936,	3332,	1513,	274,	336,	37
3937,	3332,	1511,	274,	337,	37
3938,	3334,	1506,	274,	338,	37
3939,	3337,	1500,	274,	339,	37
3940,	3344,	1492,	274,	340,	37
3941,	3356,	1482,	274,	341,	37
3942,	3374,	1472,	274,	342,	37
3943,	3399,	1459,	274,	343,	37
3944,	3431,	1445,	274,	344,	37
3945,	3466,	1430,	274,	345,	37
3946,	3502,	1415,	274,	346,	37
3947,	3536,	1399,	274,	347,	37
3948,	3567,	1385,	274,	348,	37
3949,	3592,	1376,	274,	349,	37
3950,	3615,	1371,	274,	350,	37
3951,	3632,	1365,	274,	351,	37
3952,	3640,	1359,	274,	352,	37
3953,	3741,	1351,	274,	353,	37
3954,	3822,	1343,	274,	354,	37
3955,	3914,	1334,	274,	355,	37
3956,	3935,	1326,	274,	356,	37
3957,	286,	1317,	274,	357,	37
3958,	296,	1309,	274,	358,	37
3959,	302,	1301,	274,	359,	37
3960,	303,	1293,	274,	360,	37
3961,	1213,	2941,	274,	1,	40
3962,	1213,	2887,	274,	2,	40
3963,	1213,	2826,	274,	3,	40
3964,	1212,	2773,	274,	4,	40
3965,	1212,	2745,	274,	5,	40
3966,	1211,	2731,	274,	6,	40
3967,	1210,	2724,	274,	7,	40
3968,	1210,	2724,	274,	8,	40
3969,	1210,	2722,	274,	9,	40
3970,	1210,	2721,	274,	10,	40
3971,	1210,	2722,	274,	11,	40
3972,	1210,	2723,	274,	12,	40
3973,	1209,	2724,	274,	13,	40
3974,	1207,	2724,	274,	14,	40
3975,	1205,	2731,	274,	15,	40
3976,	1202,	2740,	274,	16,	40
3977,	1199,	2755,	274,	17,	40
3978,	1195,	2779,	274,	18,	40
3979,	1190,	2813,	274,	19,	40
3980,	1185,	2853,	274,	20,	40
3981,	1179,	2887,	274,	21,	40
3982,	1173,	3296,	274,	22,	40
3983,	1167,	3280,	274,	23,	40
3984,	1161,	3271,	274,	24,	40
3985,	1156,	3258,	274,	25,	40
3986,	1150,	3241,	274,	26,	40
3987,	1145,	3221,	274,	27,	40
3988,	1137,	3197,	274,	28,	40
3989,	1128,	3171,	274,	29,	40
3990,	1116,	3143,	274,	30,	40
3991,	1103,	3116,	274,	31,	40
3992,	1089,	3090,	274,	32,	40
3993,	1073,	3068,	274,	33,	40
3994,	1059,	3051,	274,	34,	40
3995,	1052,	3039,	274,	35,	40
3996,	1049,	3031,	274,	36,	40
3997,	1044,	3027,	274,	37,	40
3998,	1037,	3027,	274,	38,	40
3999,	1029,	3027,	274,	39,	40
4000,	1021,	3026,	274,	40,	40
4001,	1012,	3025,	274,	41,	40
4002,	1003,	3025,	274,	42,	40
4003,	993,	3025,	274,	43,	40
4004,	985,	3026,	274,	44,	40
4005,	976,	3026,	274,	45,	40
4006,	969,	3027,	274,	46,	40
4007,	962,	3027,	274,	47,	40
4008,	957,	3030,	274,	48,	40
4009,	952,	3039,	274,	49,	40
4010,	949,	3057,	274,	50,	40
4011,	947,	3083,	274,	51,	40
4012,	946,	3118,	274,	52,	40
4013,	946,	3160,	274,	53,	40
4014,	947,	3202,	274,	54,	40
4015,	949,	3240,	274,	55,	40
4016,	953,	3270,	274,	56,	40
4017,	958,	3302,	274,	57,	40
4018,	966,	3327,	274,	58,	40
4019,	975,	3337,	274,	59,	40
4020,	986,	3421,	274,	60,	40
4021,	999,	3525,	274,	61,	40
4022,	1013,	3594,	274,	62,	40
4023,	1026,	3632,	274,	63,	40
4024,	1039,	3787,	274,	64,	40
4025,	1048,	3933,	274,	65,	40
4026,	1055,	279,	274,	66,	40
4027,	1077,	297,	274,	67,	40
4028,	1104,	303,	274,	68,	40
4029,	1127,	332,	274,	69,	40
4030,	1144,	386,	274,	70,	40
4031,	1155,	431,	274,	71,	40
4032,	1166,	448,	274,	72,	40
4033,	1178,	495,	274,	73,	40
4034,	1188,	559,	274,	74,	40
4035,	1197,	594,	274,	75,	40
4036,	1203,	605,	274,	76,	40
4037,	1206,	644,	274,	77,	40
4038,	1208,	709,	274,	78,	40
4039,	1209,	778,	274,	79,	40
4040,	1209,	830,	274,	80,	40
4041,	1208,	874,	274,	81,	40
4042,	1206,	901,	274,	82,	40
4043,	1201,	908,	274,	83,	40
4044,	1191,	932,	274,	84,	40
4045,	1177,	990,	274,	85,	40
4046,	1160,	1039,	274,	86,	40
4047,	1141,	1075,	274,	87,	40
4048,	1104,	1137,	274,	88,	40
4049,	1054,	1168,	274,	89,	40
4050,	1030,	1198,	274,	90,	40
4051,	979,	1210,	274,	91,	40
4052,	926,	1217,	274,	92,	40
4053,	908,	1236,	274,	93,	40
4054,	894,	1261,	274,	94,	40
4055,	855,	1288,	274,	95,	40
4056,	791,	1312,	274,	96,	40
4057,	717,	1331,	274,	97,	40
4058,	635,	1345,	274,	98,	40
4059,	603,	1355,	274,	99,	40
4060,	566,	1361,	274,	100,	40
4061,	477,	1364,	274,	101,	40
4062,	438,	1366,	274,	102,	40
4063,	372,	1366,	274,	103,	40
4064,	305,	1365,	274,	104,	40
4065,	288,	1363,	274,	105,	40
4066,	3808,	1359,	274,	106,	40
4067,	3605,	1354,	274,	107,	40
4068,	3433,	1346,	274,	108,	40
4069,	3320,	1337,	274,	109,	40
4070,	3222,	1326,	274,	110,	40
4071,	3057,	1313,	274,	111,	40
4072,	3002,	1298,	274,	112,	40
4073,	2890,	1283,	274,	113,	40
4074,	2760,	1268,	274,	114,	40
4075,	2720,	1255,	274,	115,	40
4076,	2640,	1243,	274,	116,	40
4077,	2523,	1233,	274,	117,	40
4078,	2453,	1225,	274,	118,	40
4079,	2421,	1219,	274,	119,	40
4080,	2403,	1214,	274,	120,	40
4081,	2366,	1212,	274,	121,	40
4082,	2321,	1210,	274,	122,	40
4083,	2286,	1210,	274,	123,	40
4084,	2246,	1210,	274,	124,	40
4085,	2213,	1209,	274,	125,	40
4086,	2192,	1208,	274,	126,	40
4087,	2181,	1206,	274,	127,	40
4088,	2177,	1205,	274,	128,	40
4089,	2181,	1204,	274,	129,	40
4090,	2192,	1203,	274,	130,	40
4091,	2210,	1202,	274,	131,	40
4092,	2238,	1201,	274,	132,	40
4093,	2271,	1201,	274,	133,	40
4094,	2303,	1201,	274,	134,	40
4095,	2329,	1201,	274,	135,	40
4096,	2365,	1202,	274,	136,	40
4097,	2394,	1202,	274,	137,	40
4098,	2414,	1203,	274,	138,	40
4099,	2421,	1204,	274,	139,	40
4100,	2439,	1204,	274,	140,	40
4101,	2483,	1205,	274,	141,	40
4102,	2528,	1206,	274,	142,	40
4103,	2595,	1206,	274,	143,	40
4104,	2672,	1207,	274,	144,	40
4105,	2715,	1207,	274,	145,	40
4106,	2727,	1208,	274,	146,	40
4107,	2760,	1208,	274,	147,	40
4108,	2826,	1208,	274,	148,	40
4109,	2893,	1209,	274,	149,	40
4110,	2946,	1209,	274,	150,	40
4111,	3002,	1209,	274,	151,	40
4112,	3026,	1208,	274,	152,	40
4113,	3041,	1208,	274,	153,	40
4114,	3096,	1207,	274,	154,	40
4115,	3163,	1207,	274,	155,	40
4116,	3220,	1206,	274,	156,	40
4117,	3260,	1204,	274,	157,	40
4118,	3286,	1203,	274,	158,	40
4119,	3317,	1201,	274,	159,	40
4120,	3329,	1199,	274,	160,	40
4121,	3338,	1196,	274,	161,	40
4122,	3388,	1193,	274,	162,	40
4123,	3455,	1190,	274,	163,	40
4124,	3514,	1186,	274,	164,	40
4125,	3560,	1182,	274,	165,	40
4126,	3591,	1178,	274,	166,	40
4127,	3617,	1174,	274,	167,	40
4128,	3632,	1169,	274,	168,	40
4129,	3644,	1165,	274,	169,	40
4130,	3737,	1160,	274,	170,	40
4131,	3812,	1156,	274,	171,	40
4132,	3884,	1152,	274,	172,	40
4133,	3933,	1148,	274,	173,	40
4134,	275,	1144,	274,	174,	40
4135,	285,	1139,	274,	175,	40
4136,	293,	1133,	274,	176,	40
4137,	299,	1126,	274,	177,	40
4138,	302,	1118,	274,	178,	40
4139,	303,	1110,	274,	179,	40
4140,	308,	1101,	274,	180,	40
4141,	321,	1091,	274,	181,	40
4142,	340,	1082,	274,	182,	40
4143,	363,	1072,	274,	183,	40
4144,	387,	1064,	274,	184,	40
4145,	410,	1057,	274,	185,	40
4146,	427,	1053,	274,	186,	40
4147,	440,	1051,	274,	187,	40
4148,	447,	1049,	274,	188,	40
4149,	462,	1047,	274,	189,	40
4150,	488,	1044,	274,	190,	40
4151,	492,	1041,	274,	191,	40
4152,	521,	1038,	274,	192,	40
4153,	556,	1035,	274,	193,	40
4154,	576,	1031,	274,	194,	40
4155,	590,	1028,	274,	195,	40
4156,	599,	1024,	274,	196,	40
4157,	604,	1021,	274,	197,	40
4158,	607,	1018,	274,	198,	40
4159,	622,	1014,	274,	199,	40
4160,	637,	1012,	274,	200,	40
4161,	657,	1009,	274,	201,	40
4162,	682,	1007,	274,	202,	40
4163,	710,	1004,	274,	203,	40
4164,	738,	1003,	274,	204,	40
4165,	762,	1001,	274,	205,	40
4166,	781,	1000,	274,	206,	40
4167,	793,	1000,	274,	207,	40
4168,	811,	1000,	274,	208,	40
4169,	829,	1000,	274,	209,	40
4170,	844,	1001,	274,	210,	40
4171,	856,	1002,	274,	211,	40
4172,	866,	1003,	274,	212,	40
4173,	874,	1005,	274,	213,	40
4174,	881,	1008,	274,	214,	40
4175,	887,	1011,	274,	215,	40
4176,	892,	1015,	274,	216,	40
4177,	896,	1020,	274,	217,	40
4178,	899,	1025,	274,	218,	40
4179,	902,	1030,	274,	219,	40
4180,	904,	1036,	274,	220,	40
4181,	906,	1042,	274,	221,	40
4182,	907,	1047,	274,	222,	40
4183,	908,	1052,	274,	223,	40
4184,	908,	1059,	274,	224,	40
4185,	908,	1076,	274,	225,	40
4186,	910,	1099,	274,	226,	40
4187,	913,	1122,	274,	227,	40
4188,	919,	1140,	274,	228,	40
4189,	928,	1154,	274,	229,	40
4190,	939,	1169,	274,	230,	40
4191,	954,	1187,	274,	231,	40
4192,	973,	1203,	274,	232,	40
4193,	993,	1210,	274,	233,	40
4194,	1014,	1216,	274,	234,	40
4195,	1033,	1234,	274,	235,	40
4196,	1048,	1267,	274,	236,	40
4197,	1061,	1312,	274,	237,	40
4198,	1101,	1355,	274,	238,	40
4199,	1137,	1383,	274,	239,	40
4200,	1159,	1440,	274,	240,	40
4201,	1185,	1485,	274,	241,	40
4202,	1207,	1510,	274,	242,	40
4203,	1213,	1526,	274,	243,	40
4204,	1234,	1580,	274,	244,	40
4205,	1279,	1658,	274,	245,	40
4206,	1335,	1714,	274,	246,	40
4207,	1373,	1773,	274,	247,	40
4208,	1429,	1809,	274,	248,	40
4209,	1481,	1820,	274,	249,	40
4210,	1509,	1879,	274,	250,	40
4211,	1523,	1947,	274,	251,	40
4212,	1573,	2041,	274,	252,	40
4213,	1647,	2107,	274,	253,	40
4214,	1697,	2132,	274,	254,	40
4215,	1754,	2209,	274,	255,	40
4216,	1795,	2304,	274,	256,	40
4217,	1815,	2368,	274,	257,	40
4218,	1827,	2411,	274,	258,	40
4219,	1879,	2423,	274,	259,	40
4220,	1930,	2470,	274,	260,	40
4221,	1998,	2526,	274,	261,	40
4222,	2062,	2625,	274,	262,	40
4223,	2105,	2684,	274,	263,	40
4224,	2119,	2720,	274,	264,	40
4225,	2146,	2731,	274,	265,	40
4226,	2193,	2760,	274,	266,	40
4227,	2248,	2810,	274,	267,	40
4228,	2295,	2863,	274,	268,	40
4229,	2322,	2897,	274,	269,	40
4230,	2352,	2919,	274,	270,	40
4231,	2373,	2945,	274,	271,	40
4232,	2387,	2964,	274,	272,	40
4233,	2396,	2973,	274,	273,	40
4234,	2402,	2976,	274,	274,	40
4235,	2406,	2973,	274,	275,	40
4236,	2407,	2964,	274,	276,	40
4237,	2406,	2947,	274,	277,	40
4238,	2404,	2925,	274,	278,	40
4239,	2399,	2904,	274,	279,	40
4240,	2392,	2884,	274,	280,	40
4241,	2382,	2849,	274,	281,	40
4242,	2368,	2804,	274,	282,	40
4243,	2350,	2764,	274,	283,	40
4244,	2324,	2737,	274,	284,	40
4245,	2307,	2724,	274,	285,	40
4246,	2276,	2714,	274,	286,	40
4247,	2236,	2683,	274,	287,	40
4248,	2193,	2632,	274,	288,	40
4249,	2156,	2560,	274,	289,	40
4250,	2129,	2516,	274,	290,	40
4251,	2118,	2478,	274,	291,	40
4252,	2105,	2438,	274,	292,	40
4253,	2077,	2421,	274,	293,	40
4254,	2037,	2416,	274,	294,	40
4255,	1989,	2397,	274,	295,	40
4256,	1939,	2369,	274,	296,	40
4257,	1903,	2332,	274,	297,	40
4258,	1869,	2301,	274,	298,	40
4259,	1834,	2259,	274,	299,	40
4260,	1816,	2214,	274,	300,	40
4261,	1814,	2177,	274,	301,	40
4262,	1803,	2150,	274,	302,	40
4263,	1785,	2132,	274,	303,	40
4264,	1760,	2119,	274,	304,	40
4265,	1732,	2118,	274,	305,	40
4266,	1698,	2114,	274,	306,	40
4267,	1677,	2107,	274,	307,	40
4268,	1644,	2099,	274,	308,	40
4269,	1606,	2089,	274,	309,	40
4270,	1571,	2077,	274,	310,	40
4271,	1543,	2065,	274,	311,	40
4272,	1523,	2052,	274,	312,	40
4273,	1513,	2037,	274,	313,	40
4274,	1510,	2021,	274,	314,	40
4275,	1502,	2002,	274,	315,	40
4276,	1489,	1966,	274,	316,	40
4277,	1474,	1956,	274,	317,	40
4278,	1454,	1935,	274,	318,	40
4279,	1431,	1915,	274,	319,	40
4280,	1405,	1893,	274,	320,	40
4281,	1383,	1868,	274,	321,	40
4282,	1371,	1840,	274,	322,	40
4283,	1361,	1819,	274,	323,	40
4284,	1348,	1816,	274,	324,	40
4285,	1332,	1806,	274,	325,	40
4286,	1316,	1783,	274,	326,	40
4287,	1300,	1746,	274,	327,	40
4288,	1285,	1696,	274,	328,	40
4289,	1272,	1644,	274,	329,	40
4290,	1260,	1566,	274,	330,	40
4291,	1250,	1516,	274,	331,	40
4292,	1242,	1495,	274,	332,	40
4293,	1236,	1429,	274,	333,	40
4294,	1230,	1356,	274,	334,	40
4295,	1226,	1264,	274,	335,	40
4296,	1223,	1210,	274,	336,	40
4297,	1220,	1170,	274,	337,	40
4298,	1218,	1085,	274,	338,	40
4299,	1217,	1010,	274,	339,	40
4300,	1216,	920,	274,	340,	40
4301,	1215,	902,	274,	341,	40
4302,	1214,	855,	274,	342,	40
4303,	1214,	778,	274,	343,	40
4304,	1213,	672,	274,	344,	40
4305,	1213,	605,	274,	345,	40
4306,	1213,	581,	274,	346,	40
4307,	1213,	494,	274,	347,	40
4308,	1213,	443,	274,	348,	40
4309,	1213,	386,	274,	349,	40
4310,	1213,	311,	274,	350,	40
4311,	1213,	295,	274,	351,	40
4312,	1213,	3907,	274,	352,	40
4313,	1213,	3632,	274,	353,	40
4314,	1214,	3553,	274,	354,	40
4315,	1214,	3366,	274,	355,	40
4316,	1214,	3314,	274,	356,	40
4317,	1214,	3241,	274,	357,	40
4318,	1214,	3125,	274,	358,	40
4319,	1214,	3031,	274,	359,	40
4320,	1214,	3009,	274,	360,	40
4321,	1110,	583,	274,	1,	43
4322,	1118,	528,	274,	2,	43
4323,	1127,	485,	274,	3,	43
4324,	1137,	447,	274,	4,	43
4325,	1146,	434,	274,	5,	43
4326,	1155,	409,	274,	6,	43
4327,	1166,	378,	274,	7,	43
4328,	1178,	350,	274,	8,	43
4329,	1192,	330,	274,	9,	43
4330,	1203,	317,	274,	10,	43
4331,	1210,	309,	274,	11,	43
4332,	1212,	306,	274,	12,	43
4333,	1218,	304,	274,	13,	43
4334,	1233,	304,	274,	14,	43
4335,	1254,	305,	274,	15,	43
4336,	1281,	308,	274,	16,	43
4337,	1311,	313,	274,	17,	43
4338,	1340,	323,	274,	18,	43
4339,	1363,	337,	274,	19,	43
4340,	1377,	357,	274,	20,	43
4341,	1406,	382,	274,	21,	43
4342,	1439,	407,	274,	22,	43
4343,	1466,	428,	274,	23,	43
4344,	1485,	443,	274,	24,	43
4345,	1499,	453,	274,	25,	43
4346,	1509,	481,	274,	26,	43
4347,	1513,	507,	274,	27,	43
4348,	1518,	562,	274,	28,	43
4349,	1530,	589,	274,	29,	43
4350,	1546,	603,	274,	30,	43
4351,	1564,	616,	274,	31,	43
4352,	1584,	648,	274,	32,	43
4353,	1604,	701,	274,	33,	43
4354,	1622,	763,	274,	34,	43
4355,	1638,	805,	274,	35,	43
4356,	1652,	854,	274,	36,	43
4357,	1663,	888,	274,	37,	43
4358,	1673,	906,	274,	38,	43
4359,	1680,	912,	274,	39,	43
4360,	1686,	953,	274,	40,	43
4361,	1690,	1018,	274,	41,	43
4362,	1693,	1056,	274,	42,	43
4363,	1696,	1134,	274,	43,	43
4364,	1697,	1178,	274,	44,	43
4365,	1701,	1210,	274,	45,	43
4366,	1705,	1229,	274,	46,	43
4367,	1708,	1291,	274,	47,	43
4368,	1711,	1358,	274,	48,	43
4369,	1714,	1410,	274,	49,	43
4370,	1717,	1477,	274,	50,	43
4371,	1720,	1509,	274,	51,	43
4372,	1723,	1528,	274,	52,	43
4373,	1726,	1588,	274,	53,	43
4374,	1729,	1664,	274,	54,	43
4375,	1733,	1715,	274,	55,	43
4376,	1737,	1768,	274,	56,	43
4377,	1741,	1802,	274,	57,	43
4378,	1746,	1816,	274,	58,	43
4379,	1752,	1833,	274,	59,	43
4380,	1758,	1882,	274,	60,	43
4381,	1765,	1927,	274,	61,	43
4382,	1772,	1980,	274,	62,	43
4383,	1779,	2043,	274,	63,	43
4384,	1787,	2087,	274,	64,	43
4385,	1794,	2113,	274,	65,	43
4386,	1801,	2119,	274,	66,	43
4387,	1807,	2143,	274,	67,	43
4388,	1812,	2179,	274,	68,	43
4389,	1815,	2221,	274,	69,	43
4390,	1816,	2265,	274,	70,	43
4391,	1817,	2300,	274,	71,	43
4392,	1826,	2321,	274,	72,	43
4393,	1841,	2346,	274,	73,	43
4394,	1862,	2368,	274,	74,	43
4395,	1884,	2385,	274,	75,	43
4396,	1905,	2398,	274,	76,	43
4397,	1928,	2407,	274,	77,	43
4398,	1955,	2414,	274,	78,	43
4399,	1992,	2419,	274,	79,	43
4400,	2028,	2421,	274,	80,	43
4401,	2060,	2421,	274,	81,	43
4402,	2088,	2422,	274,	82,	43
4403,	2109,	2425,	274,	83,	43
4404,	2118,	2430,	274,	84,	43
4405,	2128,	2435,	274,	85,	43
4406,	2155,	2441,	274,	86,	43
4407,	2193,	2448,	274,	87,	43
4408,	2242,	2454,	274,	88,	43
4409,	2289,	2459,	274,	89,	43
4410,	2321,	2465,	274,	90,	43
4411,	2359,	2470,	274,	91,	43
4412,	2389,	2474,	274,	92,	43
4413,	2410,	2478,	274,	93,	43
4414,	2421,	2481,	274,	94,	43
4415,	2426,	2484,	274,	95,	43
4416,	2456,	2486,	274,	96,	43
4417,	2494,	2486,	274,	97,	43
4418,	2532,	2486,	274,	98,	43
4419,	2581,	2484,	274,	99,	43
4420,	2654,	2481,	274,	100,	43
4421,	2698,	2477,	274,	101,	43
4422,	2722,	2471,	274,	102,	43
4423,	2731,	2463,	274,	103,	43
4424,	2759,	2453,	274,	104,	43
4425,	2812,	2442,	274,	105,	43
4426,	2874,	2431,	274,	106,	43
4427,	2914,	2423,	274,	107,	43
4428,	2971,	2421,	274,	108,	43
4429,	3012,	2419,	274,	109,	43
4430,	3027,	2412,	274,	110,	43
4431,	3047,	2399,	274,	111,	43
4432,	3106,	2378,	274,	112,	43
4433,	3173,	2348,	274,	113,	43
4434,	3229,	2314,	274,	114,	43
4435,	3268,	2269,	274,	115,	43
4436,	3300,	2206,	274,	116,	43
4437,	3326,	2150,	274,	117,	43
4438,	3331,	2119,	274,	118,	43
4439,	3378,	2100,	274,	119,	43
4440,	3456,	2044,	274,	120,	43
4441,	3525,	1960,	274,	121,	43
4442,	3575,	1894,	274,	122,	43
4443,	3605,	1830,	274,	123,	43
4444,	3631,	1813,	274,	124,	43
4445,	3638,	1778,	274,	125,	43
4446,	3732,	1709,	274,	126,	43
4447,	3810,	1636,	274,	127,	43
4448,	3873,	1542,	274,	128,	43
4449,	3923,	1509,	274,	129,	43
4450,	3935,	1460,	274,	130,	43
4451,	3935,	1372,	274,	131,	43
4452,	3935,	1299,	274,	132,	43
4453,	3935,	1223,	274,	133,	43
4454,	3935,	1201,	274,	134,	43
4455,	3935,	1148,	274,	135,	43
4456,	3935,	1058,	274,	136,	43
4457,	3935,	1007,	274,	137,	43
4458,	3935,	932,	274,	138,	43
4459,	3935,	908,	274,	139,	43
4460,	3907,	892,	274,	140,	43
4461,	3823,	854,	274,	141,	43
4462,	3728,	797,	274,	142,	43
4463,	3632,	747,	274,	143,	43
4464,	3606,	678,	274,	144,	43
4465,	3549,	631,	274,	145,	43
4466,	3434,	605,	274,	146,	43
4467,	3330,	598,	274,	147,	43
4468,	3297,	580,	274,	148,	43
4469,	3221,	550,	274,	149,	43
4470,	3081,	502,	274,	150,	43
4471,	3018,	514,	274,	151,	43
4472,	2903,	478,	274,	152,	43
4473,	2761,	458,	274,	153,	43
4474,	2705,	448,	274,	154,	43
4475,	2538,	446,	274,	155,	43
4476,	2424,	445,	274,	156,	43
4477,	2371,	445,	274,	157,	43
4478,	2214,	445,	274,	158,	43
4479,	2109,	446,	274,	159,	43
4480,	1951,	447,	274,	160,	43
4481,	1820,	451,	274,	161,	43
4482,	1768,	467,	274,	162,	43
4483,	1636,	484,	274,	163,	43
4484,	1513,	512,	274,	164,	43
4485,	1420,	494,	274,	165,	43
4486,	1291,	526,	274,	166,	43
4487,	1210,	556,	274,	167,	43
4488,	1130,	575,	274,	168,	43
4489,	1016,	589,	274,	169,	43
4490,	912,	599,	274,	170,	43
4491,	891,	604,	274,	171,	43
4492,	820,	610,	274,	172,	43
4493,	728,	624,	274,	173,	43
4494,	633,	643,	274,	174,	43
4495,	601,	668,	274,	175,	43
4496,	563,	698,	274,	176,	43
4497,	509,	731,	274,	177,	43
4498,	447,	759,	274,	178,	43
4499,	425,	780,	274,	179,	43
4500,	384,	794,	274,	180,	43
4501,	344,	813,	274,	181,	43
4502,	319,	831,	274,	182,	43
4503,	307,	844,	274,	183,	43
4504,	303,	855,	274,	184,	43
4505,	302,	863,	274,	185,	43
4506,	302,	870,	274,	186,	43
4507,	303,	875,	274,	187,	43
4508,	308,	880,	274,	188,	43
4509,	318,	883,	274,	189,	43
4510,	339,	885,	274,	190,	43
4511,	369,	887,	274,	191,	43
4512,	405,	888,	274,	192,	43
4513,	433,	889,	274,	193,	43
4514,	447,	890,	274,	194,	43
4515,	488,	890,	274,	195,	43
4516,	520,	890,	274,	196,	43
4517,	577,	890,	274,	197,	43
4518,	601,	890,	274,	198,	43
4519,	616,	890,	274,	199,	43
4520,	659,	889,	274,	200,	43
4521,	733,	889,	274,	201,	43
4522,	791,	889,	274,	202,	43
4523,	850,	889,	274,	203,	43
4524,	889,	889,	274,	204,	43
4525,	907,	889,	274,	205,	43
4526,	919,	890,	274,	206,	43
4527,	976,	891,	274,	207,	43
4528,	1037,	893,	274,	208,	43
4529,	1082,	894,	274,	209,	43
4530,	1147,	896,	274,	210,	43
4531,	1184,	899,	274,	211,	43
4532,	1210,	901,	274,	212,	43
4533,	1218,	904,	274,	213,	43
4534,	1248,	906,	274,	214,	43
4535,	1291,	907,	274,	215,	43
4536,	1334,	908,	274,	216,	43
4537,	1363,	908,	274,	217,	43
4538,	1380,	912,	274,	218,	43
4539,	1413,	920,	274,	219,	43
4540,	1443,	933,	274,	220,	43
4541,	1465,	952,	274,	221,	43
4542,	1480,	977,	274,	222,	43
4543,	1491,	1003,	274,	223,	43
4544,	1499,	1027,	274,	224,	43
4545,	1504,	1045,	274,	225,	43
4546,	1507,	1058,	274,	226,	43
4547,	1510,	1097,	274,	227,	43
4548,	1511,	1134,	274,	228,	43
4549,	1512,	1156,	274,	229,	43
4550,	1512,	1180,	274,	230,	43
4551,	1513,	1203,	274,	231,	43
4552,	1513,	1210,	274,	232,	43
4553,	1513,	1221,	274,	233,	43
4554,	1513,	1250,	274,	234,	43
4555,	1512,	1294,	274,	235,	43
4556,	1512,	1341,	274,	236,	43
4557,	1512,	1372,	274,	237,	43
4558,	1511,	1418,	274,	238,	43
4559,	1511,	1469,	274,	239,	43
4560,	1510,	1500,	274,	240,	43
4561,	1509,	1513,	274,	241,	43
4562,	1509,	1537,	274,	242,	43
4563,	1508,	1592,	274,	243,	43
4564,	1508,	1660,	274,	244,	43
4565,	1508,	1705,	274,	245,	43
4566,	1508,	1758,	274,	246,	43
4567,	1508,	1796,	274,	247,	43
4568,	1508,	1815,	274,	248,	43
4569,	1508,	1828,	274,	249,	43
4570,	1508,	1881,	274,	250,	43
4571,	1508,	1935,	274,	251,	43
4572,	1508,	2010,	274,	252,	43
4573,	1508,	2077,	274,	253,	43
4574,	1508,	2115,	274,	254,	43
4575,	1508,	2134,	274,	255,	43
4576,	1508,	2192,	274,	256,	43
4577,	1508,	2270,	274,	257,	43
4578,	1508,	2323,	274,	258,	43
4579,	1508,	2375,	274,	259,	43
4580,	1508,	2408,	274,	260,	43
4581,	1508,	2421,	274,	261,	43
4582,	1507,	2433,	274,	262,	43
4583,	1507,	2474,	274,	263,	43
4584,	1506,	2513,	274,	264,	43
4585,	1505,	2556,	274,	265,	43
4586,	1504,	2619,	274,	266,	43
4587,	1503,	2670,	274,	267,	43
4588,	1501,	2701,	274,	268,	43
4589,	1499,	2719,	274,	269,	43
4590,	1497,	2724,	274,	270,	43
4591,	1494,	2731,	274,	271,	43
4592,	1490,	2742,	274,	272,	43
4593,	1486,	2754,	274,	273,	43
4594,	1481,	2767,	274,	274,	43
4595,	1475,	2779,	274,	275,	43
4596,	1468,	2790,	274,	276,	43
4597,	1460,	2798,	274,	277,	43
4598,	1451,	2804,	274,	278,	43
4599,	1440,	2807,	274,	279,	43
4600,	1429,	2808,	274,	280,	43
4601,	1417,	2806,	274,	281,	43
4602,	1403,	2803,	274,	282,	43
4603,	1391,	2798,	274,	283,	43
4604,	1381,	2793,	274,	284,	43
4605,	1374,	2787,	274,	285,	43
4606,	1370,	2781,	274,	286,	43
4607,	1364,	2776,	274,	287,	43
4608,	1357,	2771,	274,	288,	43
4609,	1350,	2766,	274,	289,	43
4610,	1341,	2763,	274,	290,	43
4611,	1333,	2761,	274,	291,	43
4612,	1324,	2760,	274,	292,	43
4613,	1316,	2760,	274,	293,	43
4614,	1308,	2761,	274,	294,	43
4615,	1301,	2765,	274,	295,	43
4616,	1294,	2771,	274,	296,	43
4617,	1289,	2780,	274,	297,	43
4618,	1284,	2794,	274,	298,	43
4619,	1280,	2813,	274,	299,	43
4620,	1277,	2838,	274,	300,	43
4621,	1276,	2867,	274,	301,	43
4622,	1276,	2893,	274,	302,	43
4623,	1276,	2915,	274,	303,	43
4624,	1278,	2953,	274,	304,	43
4625,	1280,	2991,	274,	305,	43
4626,	1284,	3017,	274,	306,	43
4627,	1288,	3027,	274,	307,	43
4628,	1293,	3041,	274,	308,	43
4629,	1298,	3085,	274,	309,	43
4630,	1304,	3144,	274,	310,	43
4631,	1309,	3199,	274,	311,	43
4632,	1315,	3242,	274,	312,	43
4633,	1322,	3271,	274,	313,	43
4634,	1327,	3297,	274,	314,	43
4635,	1333,	3320,	274,	315,	43
4636,	1338,	3329,	274,	316,	43
4637,	1343,	3331,	274,	317,	43
4638,	1347,	3352,	274,	318,	43
4639,	1351,	3382,	274,	319,	43
4640,	1354,	3410,	274,	320,	43
4641,	1357,	3429,	274,	321,	43
4642,	1359,	3437,	274,	322,	43
4643,	1360,	3433,	274,	323,	43
4644,	1361,	3416,	274,	324,	43
4645,	1361,	3387,	274,	325,	43
4646,	1360,	3351,	274,	326,	43
4647,	1359,	3330,	274,	327,	43
4648,	1356,	3325,	274,	328,	43
4649,	1353,	3293,	274,	329,	43
4650,	1348,	3251,	274,	330,	43
4651,	1341,	3174,	274,	331,	43
4652,	1332,	3064,	274,	332,	43
4653,	1321,	3022,	274,	333,	43
4654,	1309,	2938,	274,	334,	43
4655,	1294,	2827,	274,	335,	43
4656,	1279,	2729,	274,	336,	43
4657,	1263,	2673,	274,	337,	43
4658,	1249,	2519,	274,	338,	43
4659,	1236,	2423,	274,	339,	43
4660,	1226,	2380,	274,	340,	43
4661,	1217,	2253,	274,	341,	43
4662,	1212,	2119,	274,	342,	43
4663,	1210,	2029,	274,	343,	43
4664,	1209,	1881,	274,	344,	43
4665,	1204,	1812,	274,	345,	43
4666,	1196,	1730,	274,	346,	43
4667,	1185,	1596,	274,	347,	43
4668,	1175,	1510,	274,	348,	43
4669,	1165,	1417,	274,	349,	43
4670,	1156,	1303,	274,	350,	43
4671,	1149,	1210,	274,	351,	43
4672,	1142,	1155,	274,	352,	43
4673,	1134,	1048,	274,	353,	43
4674,	1125,	951,	274,	354,	43
4675,	1117,	907,	274,	355,	43
4676,	1110,	875,	274,	356,	43
4677,	1105,	801,	274,	357,	43
4678,	1102,	722,	274,	358,	43
4679,	1102,	638,	274,	359,	43
4680,	1104,	604,	274,	360,	43
