[2017-08-05 23:33:26] :: Cryo Server starting, using serial port /dev/ttyTHS0
[2017-08-05 23:33:26] :: Server up and running on port 9001!
[2017-08-05 23:33:38] :: Cryo Server starting, using serial port /dev/ttyTHS0
[2017-08-05 23:33:38] :: Server up and running on port 9001!
[2017-08-08 16:56:11] :: Cryo Server starting, using serial port /dev/ttyTHS0
[2017-08-08 16:56:11] :: Server up and running on port 9001!
[2017-08-08 18:49:50] :: 	<Maximum load.. denied client.>
[2017-08-08 18:49:53] :: 	<Maximum load.. denied client.>
[2017-08-08 18:49:57] :: Cryo Server starting, using serial port /dev/ttyTHS0
[2017-08-08 18:49:57] :: Server up and running on port 9001!
[2017-08-08 18:52:18] :: Cryo Server starting, using serial port /dev/ttyTHS0
[2017-08-08 18:52:18] :: Server up and running on port 9001!
[2017-08-08 18:53:48] :: Cryo Server starting, using serial port /dev/ttyTHS0
[2017-08-08 18:53:48] :: Server up and running on port 9001!
[2017-08-08 18:57:38] :: Cryo Server starting, using serial port /dev/ttyTHS0
[2017-08-08 18:57:38] :: Server up and running on port 9001!
[2017-08-08 19:02:04] :: Cryo Server starting, using serial port /dev/ttyTHS0
[2017-08-08 19:02:04] :: Server up and running on port 9001!
[2017-08-08 19:11:01] :: Cryo Server starting, using serial port /dev/ttyTHS0
[2017-08-08 19:11:01] :: Server up and running on port 9001!
[2017-08-08 19:11:15] :: Cryo Server starting, using serial port /dev/ttyTHS0
[2017-08-08 19:11:15] :: Server up and running on port 9001!
[2017-08-08 19:17:19] :: Cryo Server starting, using serial port /dev/ttyTHS0
[2017-08-08 19:17:19] :: Server up and running on port 9001!
[2017-08-08 19:21:57] :: Cryo Server starting, using serial port /dev/ttyTHS0
[2017-08-08 19:21:57] :: Server up and running on port 9001!
[2017-08-08 19:27:58] :: Cryo Server starting, using serial port /dev/ttyTHS0
[2017-08-08 19:27:58] :: Server up and running on port 9001!
[2017-08-08 19:28:28] :: Cryo Server starting, using serial port /dev/ttyTHS0
[2017-08-08 19:28:28] :: Server up and running on port 9001!
[2017-08-08 19:29:56] :: Cryo Server starting, using serial port /dev/ttyTHS0
[2017-08-08 19:29:56] :: Server up and running on port 9001!
[2017-08-08 19:31:47] :: Cryo Server starting, using serial port /dev/ttyTHS0
[2017-08-08 19:31:47] :: Server up and running on port 9001!
[2017-08-08 19:31:57] :: Cryo Server starting, using serial port /dev/ttyTHS0
[2017-08-08 19:31:57] :: Server up and running on port 9001!
[2017-08-08 19:36:47] :: Cryo Server starting, using serial port /dev/ttyTHS0
[2017-08-08 19:36:47] :: Server up and running on port 9001!
[2017-08-08 19:41:24] :: Cryo Server starting, using serial port /dev/ttyTHS0
[2017-08-08 19:41:24] :: Server up and running on port 9001!
[2017-08-08 19:43:46] :: Cryo Server starting, using serial port /dev/ttyTHS0
[2017-08-08 19:43:46] :: Server up and running on port 9001!
[2017-08-08 19:49:07] :: Cryo Server starting, using serial port /dev/ttyTHS0
[2017-08-08 19:49:07] :: Server up and running on port 9001!
[2017-08-08 19:52:18] :: Cryo Server starting, using serial port /dev/ttyTHS0
[2017-08-08 19:52:18] :: Server up and running on port 9001!
[2017-08-08 19:54:51] :: Cryo Server starting, using serial port /dev/ttyTHS0
[2017-08-08 19:54:51] :: Server up and running on port 9001!
[2017-08-08 19:56:52] :: Cryo Server starting, using serial port /dev/ttyTHS0
[2017-08-08 19:56:52] :: Server up and running on port 9001!
[2017-08-09 14:55:54] :: Cryo Server starting, using serial port /dev/ttyTHS0
[2017-08-09 14:55:54] :: Server up and running on port 9001!
[2017-08-09 15:07:59] :: Cryo Server starting, using serial port /dev/ttyTHS0
[2017-08-09 15:07:59] :: Server up and running on port 9001!
[2017-08-09 17:00:55] :: Cryo Server starting, using serial port /dev/ttyTHS0
[2017-08-09 17:00:55] :: Server up and running on port 9001!
[2017-08-10 00:33:51] :: Cryo Server starting, using serial port /dev/ttyTHS0
[2017-08-10 00:33:51] :: Server up and running on port 9001!
[2017-08-10 14:58:59] :: Cryo Server starting, using serial port /dev/ttyTHS0
[2017-08-10 14:58:59] :: Server up and running on port 9001!
[2017-08-10 15:24:12] :: Cryo Server starting, using serial port /dev/ttyTHS0
[2017-08-10 15:24:12] :: Server up and running on port 9001!
[2017-08-10 15:33:29] :: Cryo Server starting, using serial port /dev/ttyTHS0
[2017-08-10 15:33:29] :: Server up and running on port 9001!
[2017-08-10 15:33:56] :: Cryo Server starting, using serial port /dev/ttyTHS0
[2017-08-10 15:33:56] :: Server up and running on port 9001!
[2017-08-10 17:28:26] :: Cryo Server starting, using serial port /dev/ttyTHS0
[2017-08-10 17:28:26] :: Server up and running on port 9001!
[2017-08-10 18:18:07] :: Cryo Server starting, using serial port /dev/ttyTHS0
[2017-08-10 18:18:07] :: Server up and running on port 9001!
[2000-01-01 00:35:48] :: Cryo Server starting, using serial port /dev/ttyTHS0
[2000-01-01 00:35:48] :: Server up and running on port 9001!
[2017-08-14 20:38:30] :: Cryo Server starting, using serial port /dev/ttyTHS0
[2017-08-14 20:38:30] :: Server up and running on port 9001!
[2017-08-14 20:55:59] :: Cryo Server starting, using serial port /dev/ttyTHS0
[2017-08-14 20:55:59] :: Server up and running on port 9001!
[2017-08-14 20:56:30] :: Cryo Server starting, using serial port /dev/ttyTHS0
[2017-08-14 20:56:30] :: Server up and running on port 9001!
[2017-08-14 20:56:41] :: Cryo Server starting, using serial port /dev/ttyTHS0
[2017-08-14 20:56:41] :: Server up and running on port 9001!
[2017-08-14 20:59:24] :: Cryo Server starting, using serial port /dev/ttyTHS0
[2017-08-14 20:59:24] :: Server up and running on port 9001!
[2017-08-14 21:00:21] :: Cryo Server starting, using serial port /dev/ttyTHS0
[2017-08-14 21:00:21] :: Server up and running on port 9001!
[2017-08-14 21:14:56] :: Cryo Server starting, using serial port /dev/ttyTHS0
[2017-08-14 21:14:56] :: Server up and running on port 9001!
[2017-08-14 21:18:14] :: Cryo Server starting, using serial port /dev/ttyTHS0
[2017-08-14 21:18:14] :: Server up and running on port 9001!
[2017-08-17 22:01:13] :: Cryo Server starting, using serial port /dev/ttyTHS0
[2017-08-17 22:01:13] :: Server up and running on port 9001!
[2017-08-18 15:02:47] :: Cryo Server starting, using serial port /dev/ttyTHS0
[2017-08-18 15:02:47] :: Server up and running on port 9001!
[2017-08-18 15:24:24] :: Cryo Server starting, using serial port /dev/ttyTHS0
[2017-08-18 15:24:24] :: Can't bind local address.
[2017-08-18 15:24:35] :: Cryo Server starting, using serial port /dev/ttyTHS0
[2017-08-18 15:24:35] :: Server up and running on port 9001!
[2017-08-18 15:36:00] :: Cryo Server starting, using serial port /dev/ttyTHS0
[2017-08-18 15:36:00] :: Server up and running on port 9001!
[2017-08-18 16:19:29] :: Cryo Server starting, using serial port /dev/ttyTHS0
[2017-08-18 16:19:29] :: Server up and running on port 9001!
[2017-08-18 17:58:34] :: Cryo Server starting, using serial port /dev/ttyTHS0
[2017-08-18 17:58:34] :: Server up and running on port 9001!
[2017-08-18 18:00:03] :: Cryo Server starting, using serial port /dev/ttyTHS0
[2017-08-18 18:00:03] :: Server up and running on port 9001!
[2017-08-18 18:19:00] :: Cryo Server starting, using serial port /dev/ttyTHS0
[2017-08-18 18:19:00] :: Server up and running on port 9001!
[2017-08-18 18:19:40] :: Cryo Server starting, using serial port /dev/ttyTHS0
[2017-08-18 18:19:40] :: Server up and running on port 9001!
[2017-08-18 18:21:24] :: Cryo Server starting, using serial port /dev/ttyTHS0
[2017-08-18 18:21:24] :: Server up and running on port 9001!
[2017-08-18 18:22:11] :: Cryo Server starting, using serial port /dev/ttyTHS0
[2017-08-18 18:22:11] :: Server up and running on port 9001!
[2017-08-18 18:23:04] :: Cryo Server starting, using serial port /dev/ttyTHS0
[2017-08-18 18:23:04] :: Server up and running on port 9001!
[2017-08-18 18:23:50] :: Cryo Server starting, using serial port /dev/ttyTHS0
[2017-08-18 18:23:50] :: Server up and running on port 9001!
[2017-08-18 18:24:27] :: Cryo Server starting, using serial port /dev/ttyTHS0
[2017-08-18 18:24:27] :: Server up and running on port 9001!
[2017-08-18 18:24:45] :: Cryo Server starting, using serial port /dev/ttyTHS0
[2017-08-18 18:24:45] :: Server up and running on port 9001!
[2017-08-18 18:25:13] :: Cryo Server starting, using serial port /dev/ttyTHS0
[2017-08-18 18:25:13] :: Server up and running on port 9001!
[2017-08-18 18:25:39] :: Cryo Server starting, using serial port /dev/ttyTHS0
[2017-08-18 18:25:39] :: Server up and running on port 9001!
[2017-08-18 18:26:17] :: Cryo Server starting, using serial port /dev/ttyTHS0
[2017-08-18 18:26:17] :: Server up and running on port 9001!
[2017-08-18 18:27:51] :: Cryo Server starting, using serial port /dev/ttyTHS0
[2017-08-18 18:27:51] :: Server up and running on port 9001!
[2017-08-18 18:40:05] :: Cryo Server starting, using serial port /dev/ttyTHS0
[2017-08-18 18:40:05] :: Server up and running on port 9001!
[2017-08-18 18:44:28] :: Cryo Server starting, using serial port /dev/ttyTHS0
[2017-08-18 18:44:28] :: Server up and running on port 9001!
[2017-08-18 20:46:28] :: Cryo Server starting, using serial port /dev/ttyTHS0
[2017-08-18 20:46:28] :: Can't bind local address.
[2017-08-18 20:48:30] :: Cryo Server starting, using serial port /dev/ttyTHS0
[2017-08-18 20:48:30] :: Can't bind local address.
[2017-08-18 20:48:42] :: Cryo Server starting, using serial port /dev/ttyTHS0
[2017-08-18 20:48:42] :: Can't bind local address.
[2017-08-18 20:48:44] :: Cryo Server starting, using serial port /dev/ttyTHS0
[2017-08-18 20:48:44] :: Can't bind local address.
[2017-08-18 20:48:45] :: Cryo Server starting, using serial port /dev/ttyTHS0
[2017-08-18 20:48:45] :: Can't bind local address.
[2017-08-18 20:53:12] :: Cryo Server starting, using serial port /dev/ttyTHS0
[2017-08-18 20:53:12] :: Can't bind local address.
[2017-08-18 20:55:20] :: Cryo Server starting, using serial port /dev/ttyTHS0
[2017-08-18 20:55:20] :: Can't bind local address.
[2017-08-18 20:57:38] :: Cryo Server starting, using serial port /dev/ttyTHS0
[2017-08-18 20:57:38] :: Can't bind local address.
[2017-08-18 20:58:50] :: Cryo Server starting, using serial port /dev/ttyTHS0
[2017-08-18 20:58:50] :: Server up and running on port 9001!
[2017-08-19 20:17:49] :: Cryo Server starting, using serial port /dev/ttyTHS0
[2017-08-19 20:17:49] :: Server up and running on port 9001!
[2017-08-19 20:46:53] :: Cryo Server starting, using serial port /dev/ttyTHS0
[2017-08-19 20:46:53] :: Server up and running on port 9001!
[2017-08-19 22:03:17] :: Cryo Server starting, using serial port /dev/ttyTHS0
[2017-08-19 22:03:17] :: Server up and running on port 9001!
[2017-08-19 22:26:05] :: Cryo Server starting, using serial port /dev/ttyTHS0
[2017-08-19 22:26:05] :: Server up and running on port 9001!
[2017-08-19 22:28:14] :: Cryo Server starting, using serial port /dev/ttyTHS0
[2017-08-19 22:28:14] :: Server up and running on port 9001!
[2017-08-20 00:52:18] :: Cryo Server starting, using serial port /dev/ttyTHS0
[2017-08-20 00:52:18] :: Server up and running on port 9001!
[2017-08-20 00:52:28] :: Cryo Server starting, using serial port /dev/ttyTHS0
[2017-08-20 00:52:28] :: Server up and running on port 9001!
[2017-08-20 00:53:18] :: Cryo Server starting, using serial port /dev/ttyTHS0
[2017-08-20 00:53:18] :: Server up and running on port 9001!
[2017-08-20 00:53:32] :: Cryo Server starting, using serial port /dev/ttyTHS0
[2017-08-20 00:53:32] :: Server up and running on port 9001!
[2017-08-20 01:05:35] :: Cryo Server starting, using serial port /dev/ttyTHS0
[2017-08-20 01:05:35] :: Server up and running on port 9001!
[2017-08-21 00:20:44] :: Cryo Server starting, using serial port /dev/ttyTHS0
[2017-08-21 00:20:44] :: Server up and running on port 9001!
[2017-08-21 02:47:18] :: Cryo Server starting, using serial port /dev/ttyTHS0
[2017-08-21 02:47:18] :: Server up and running on port 9001!
[2017-08-21 02:48:46] :: Cryo Server starting, using serial port /dev/ttyTHS0
[2017-08-21 02:48:46] :: Server up and running on port 9001!
[2017-08-21 02:53:04] :: Cryo Server starting, using serial port /dev/ttyTHS0
[2017-08-21 02:53:04] :: Server up and running on port 9001!
[2017-08-21 02:55:46] :: Cryo Server starting, using serial port /dev/ttyTHS0
[2017-08-21 02:55:46] :: Server up and running on port 9001!
[2017-08-21 03:06:53] :: Cryo Server starting, using serial port /dev/ttyTHS0
[2017-08-21 03:06:53] :: Server up and running on port 9001!
[2017-08-21 03:33:28] :: Cryo Server starting, using serial port /dev/ttyTHS0
[2017-08-21 03:33:28] :: Server up and running on port 9001!
[2017-08-21 15:37:13] :: Cryo Server starting, using serial port /dev/ttyTHS0
[2017-08-21 15:37:13] :: Server up and running on port 9001!
[2017-08-21 17:47:02] :: Cryo Server starting, using serial port /dev/ttyTHS0
[2017-08-21 17:47:02] :: Server up and running on port 9001!
[2017-08-21 21:55:13] :: Cryo Server starting, using serial port /dev/ttyTHS0
[2017-08-21 21:55:13] :: Server up and running on port 9001!
[2017-08-21 22:07:11] :: Cryo Server starting, using serial port /dev/ttyTHS0
[2017-08-21 22:07:11] :: Server up and running on port 9001!
[2017-08-21 22:10:19] :: Cryo Server starting, using serial port /dev/ttyTHS0
[2017-08-21 22:10:19] :: Server up and running on port 9001!
[2017-08-21 22:11:13] :: Cryo Server starting, using serial port /dev/ttyTHS0
[2017-08-21 22:11:13] :: Server up and running on port 9001!
[2017-08-21 22:25:39] :: Cryo Server starting, using serial port /dev/ttyTHS0
[2017-08-21 22:25:39] :: Server up and running on port 9001!
[2017-08-21 22:26:27] :: Cryo Server starting, using serial port /dev/ttyTHS0
[2017-08-21 22:26:27] :: Server up and running on port 9001!
[2017-08-21 22:27:38] :: Cryo Server starting, using serial port /dev/ttyTHS0
[2017-08-21 22:27:38] :: Server up and running on port 9001!
[2017-08-21 22:28:41] :: Cryo Server starting, using serial port /dev/ttyTHS0
[2017-08-21 22:28:41] :: Server up and running on port 9001!
[2017-08-21 22:29:28] :: Cryo Server starting, using serial port /dev/ttyTHS0
[2017-08-21 22:29:28] :: Server up and running on port 9001!
[2017-08-21 22:32:50] :: Cryo Server starting, using serial port /dev/ttyTHS0
[2017-08-21 22:32:50] :: Server up and running on port 9001!
[2017-08-21 22:43:00] :: Cryo Server starting, using serial port /dev/ttyTHS0
[2017-08-21 22:43:00] :: Server up and running on port 9001!
[2017-08-21 22:55:09] :: Cryo Server starting, using serial port /dev/ttyTHS0
[2017-08-21 22:55:09] :: Server up and running on port 9001!
[2017-08-21 22:57:38] :: Cryo Server starting, using serial port /dev/ttyTHS0
[2017-08-21 22:57:38] :: Server up and running on port 9001!
[2017-09-20 06:11:36] :: ONR Transmitter Server starting, using serial port /dev/ttyTHS0
[2017-09-20 06:11:36] :: Server up and running on TCP port 9001!
[2017-09-20 06:11:53] :: (5)->  ?
[2017-09-20 06:11:56] :: (5)->  setpower
[2017-09-20 06:12:04] :: (5)->  setpower synth 1
[2017-09-20 06:12:23] :: (5)->  setpower vco 1
[2017-09-20 06:12:29] :: (5)->  setpower 
[2017-09-20 06:12:46] :: (5)->  setpower vco 0
[2017-09-20 06:35:18] :: ONR Transmitter Server starting, using serial port /dev/ttyTHS0
[2017-09-20 06:35:18] :: Server up and running on TCP port 9001!
[2017-09-20 06:35:24] :: (4)->  setpower
[2017-09-20 06:35:30] :: (4)->  setpower synth 1
[2017-09-20 06:35:35] :: (4)->  setpower ant 1
[2017-09-20 06:35:40] :: (4)->  setpower
[2017-09-20 06:35:54] :: (4)->  setpower ant 3
[2017-09-20 06:35:59] :: (4)->  setpower ant 4
[2017-09-20 06:36:26] :: (4)->  setpower
[2017-09-20 06:37:35] :: ONR Transmitter Server starting, using serial port /dev/ttyTHS0
[2017-09-20 06:37:35] :: Server up and running on TCP port 9001!
[2017-09-20 06:37:41] :: (4)->  setpower synth 1
[2017-09-20 06:37:48] :: (4)->  setpower ant 4
[2017-09-20 06:37:52] :: (4)->  setpower
[2017-09-20 06:38:07] :: (4)->  setpower ant 3
[2017-09-20 06:38:14] :: (4)->  setpower ant 2
[2017-09-20 06:38:18] :: (4)->  setpower
[2017-09-20 06:38:23] :: (4)->  setpower ant 1
[2017-09-20 06:38:28] :: (4)->  setpower 
[2017-09-20 06:38:42] :: (4)->  setpower usevco 1
[2017-09-20 06:38:47] :: (4)->  setpower 
[2017-09-20 06:40:44] :: (4)->  setpower 0
[2017-09-20 06:40:50] :: (4)->  quit
[2017-09-20 06:41:05] :: ONR Transmitter Server starting, using serial port /dev/ttyTHS0
[2017-09-20 06:41:05] :: Server up and running on TCP port 9001!
[2017-09-20 06:41:15] :: (4)->  setpower syn 1
[2017-09-20 06:41:19] :: (4)->  setpower usevco 1
[2017-09-20 06:41:24] :: (4)->  setpower 
[2017-09-20 06:41:32] :: (4)->  setpower ant 4
[2017-09-20 06:41:36] :: (4)->  setpower
[2017-09-20 06:42:04] :: (4)->  setpower 0
[2017-09-20 06:42:26] :: (4)->  setpower 43
[2017-09-20 06:42:46] :: (4)->  status
[2017-09-20 06:45:03] :: (4)->  status
[2017-09-20 06:47:34] :: (4)->  status
[2017-09-20 06:47:44] :: (4)->  setpower
[2017-09-20 06:48:57] :: (4)->  ?
[2017-09-20 06:49:03] :: (4)->  readadc 3
[2017-09-20 06:49:08] :: (4)->  readadc 4
[2017-09-20 06:49:13] :: (4)->  readadc 1
[2017-09-20 06:49:16] :: (4)->  readadc 2
[2017-09-20 06:49:21] :: (4)->  readadc 10
[2017-09-20 06:51:01] :: ONR Transmitter Server starting, using serial port /dev/ttyTHS0
[2017-09-20 06:51:01] :: Server up and running on TCP port 9001!
[2017-09-20 06:51:10] :: (4)->  readadc 3
[2017-09-20 06:51:14] :: (4)->  readadc 4
[2017-09-20 06:51:20] :: (4)->  readadc 3
[2017-09-20 06:51:22] :: (4)->  readadc 4
[2017-09-20 06:51:35] :: (4)->  status
[2017-09-20 06:53:11] :: (4)->  status
[2017-09-20 06:54:11] :: ONR Transmitter Server starting, using serial port /dev/ttyTHS0
[2017-09-20 06:54:11] :: Server up and running on TCP port 9001!
[2017-09-20 06:54:16] :: (4)->  status
[2017-09-20 06:54:50] :: ONR Transmitter Server starting, using serial port /dev/ttyTHS0
[2017-09-20 06:54:50] :: Server up and running on TCP port 9001!
[2017-09-20 06:54:54] :: (4)->  setpower
[2017-09-20 06:54:58] :: (4)->  setpower 43
[2017-09-20 06:55:07] :: (4)->  status
[2017-09-20 06:56:10] :: (4)->  status
[2017-09-20 07:00:43] :: ONR Transmitter Server starting, using serial port /dev/ttyTHS0
[2017-09-20 07:00:43] :: Server up and running on TCP port 9001!
[2017-09-20 07:00:47] :: (4)->  status
[2017-09-20 07:00:54] :: (4)->  setpower 43
[2017-09-20 07:01:00] :: (4)->  setpower PAs 1
[2017-09-20 07:01:05] :: (4)->  setpower
[2017-09-20 07:01:12] :: (4)->  setpower PAs 0
[2017-09-20 07:12:38] :: ONR Transmitter Server starting, using serial port /dev/ttyTHS0
[2017-09-20 07:12:38] :: Server up and running on TCP port 9001!
[2017-09-20 07:12:42] :: ONR Transmitter Server starting, using serial port /dev/ttyTHS0
[2017-09-20 07:12:42] :: Server up and running on TCP port 9001!
[2017-09-20 07:12:47] :: (4)->  status
[2017-09-20 07:12:53] :: (4)->  setpower 43
[2017-09-20 07:12:56] :: (4)->  setpower
[2017-09-20 07:12:58] :: (4)->  status
[2017-09-20 07:14:48] :: ONR Transmitter Server starting, using serial port /dev/ttyTHS0
[2017-09-20 07:14:48] :: Server up and running on TCP port 9001!
[2017-09-20 07:14:53] :: (4)->  setpower 43
[2017-09-20 07:15:37] :: ONR Transmitter Server starting, using serial port /dev/ttyTHS0
[2017-09-20 07:15:37] :: Server up and running on TCP port 9001!
[2017-09-20 07:15:44] :: (5)->  setpower
[2017-09-20 07:15:47] :: (5)->  setpower 43
[2017-09-20 07:16:40] :: (5)->  setpower PAs 1
[2017-09-20 07:16:48] :: (5)->  status
[2017-09-20 07:17:12] :: (5)->  status
[2017-09-20 07:17:22] :: (5)->  readadc 3
[2017-09-20 07:17:26] :: (5)->  readadc 4
[2017-09-20 07:17:40] :: (5)->  status
[2017-09-20 07:17:57] :: (5)->  status
[2017-09-20 07:18:02] :: (5)->  readadc 4
[2017-09-20 07:18:06] :: (5)->  readadc 4
[2017-09-20 07:18:11] :: (5)->  status
[2017-09-20 07:18:22] :: (5)->  status
[2017-09-20 07:18:35] :: (5)->  status
[2017-09-20 07:18:45] :: (5)->  status
[2017-09-20 07:18:56] :: (5)->  status
[2017-09-20 07:19:28] :: (5)->  status
[2017-09-20 07:19:40] :: (5)->  status
[2017-09-20 07:20:20] :: (5)->  status
[2017-09-20 07:20:30] :: (5)->  status
[2017-09-20 07:20:33] :: (5)->  setpower
[2017-09-20 07:20:37] :: (5)->  status
[2017-09-20 07:20:44] :: (5)->  readadc 4
[2017-09-20 07:20:50] :: (5)->  status
[2017-09-20 07:21:54] :: (5)->  status
[2017-09-20 07:22:04] :: (5)->  readadc 4
[2017-09-20 07:22:35] :: (5)->  status
[2017-09-20 07:23:05] :: (5)->  readadc 4
[2017-09-20 07:23:12] :: (5)->  status
[2017-09-20 07:23:36] :: (5)->  readadc 4
[2017-09-20 07:23:39] :: (5)->  status
[2017-09-20 07:25:16] :: (5)->  status
[2017-09-20 07:28:08] :: ONR Transmitter Server starting, using serial port /dev/ttyTHS0
[2017-09-20 07:28:08] :: Server up and running on TCP port 9001!
[2017-09-20 07:28:19] :: (4)->  setpower 43
[2017-09-20 07:28:32] :: (4)->  setpower PAs 1
[2017-09-20 07:28:34] :: (4)->  status
[2017-09-20 07:28:45] :: (4)->  status
[2017-09-20 07:29:21] :: (4)->  status
[2017-09-20 07:30:25] :: (4)->  status
[2017-09-20 07:31:42] :: (4)->  status
[2017-09-20 07:33:05] :: (4)->  status
[2017-09-20 07:34:10] :: (4)->  status
[2017-09-20 07:35:29] :: (4)->  setpower 43
[2017-09-20 07:35:32] :: (4)->  quit
[2017-09-20 07:35:48] :: ONR Transmitter Server starting, using serial port /dev/ttyTHS0
[2017-09-20 07:35:48] :: Server up and running on TCP port 9001!
[2017-09-20 07:35:53] :: (4)->  status
[2017-09-20 07:36:05] :: (4)->  setpower 43
[2017-09-20 07:36:10] :: (4)->  status
[2017-09-20 07:36:15] :: (4)->  readadc 4
[2017-09-20 07:36:38] :: (4)->  status
[2017-09-20 07:37:09] :: (4)->  status
[2017-09-20 07:38:31] :: (4)->  status
[2017-09-20 07:39:15] :: (4)->  status
[2017-09-20 07:40:07] :: (4)->  status
[2017-09-20 07:40:52] :: (4)->  status
[2017-09-20 07:42:00] :: (4)->  status
[2017-09-20 07:43:24] :: (4)->  status
[2017-09-20 07:45:05] :: (4)->  status
[2017-09-20 07:45:37] :: (4)->  status
[2017-09-20 07:46:32] :: (4)->  status
[2017-09-20 07:46:56] :: (4)->  status
[2017-09-20 07:47:24] :: (4)->  status
[2017-09-20 07:47:42] :: (4)->  status
[2017-09-20 07:47:49] :: (4)->  status
[2017-09-20 07:47:56] :: (4)->  status
[2017-09-20 07:49:53] :: ONR Transmitter Server starting, using serial port /dev/ttyTHS0
[2017-09-20 07:49:53] :: Server up and running on TCP port 9001!
[2017-09-20 07:49:58] :: (4)->  setpower
[2017-09-20 07:50:01] :: (4)->  setpower 43
[2017-09-20 07:50:23] :: (4)->  setpower PAs 1
[2017-09-20 07:50:27] :: (4)->  setpower 
[2017-09-20 07:51:02] :: (4)->  setpower PAs 0
[2017-09-20 07:51:10] :: (4)->  status
[2017-09-20 07:53:16] :: ONR Transmitter Server starting, using serial port /dev/ttyTHS0
[2017-09-20 07:53:16] :: Server up and running on TCP port 9001!
[2017-09-20 07:53:33] :: (4)->  setpower 43
[2017-09-20 07:53:39] :: (4)->  status
[2017-09-20 07:54:36] :: (4)->  status
[2017-09-20 07:56:52] :: (4)->  status
[2017-09-20 16:50:38] :: ONR Transmitter Server starting, using serial port /dev/ttyTHS0
[2017-09-20 16:50:38] :: Server up and running on TCP port 9001!
[2017-09-20 16:50:42] :: (4)->  status
[2017-09-20 16:50:47] :: (4)->  setpower 43
[2017-09-20 16:50:57] :: (4)->  status
[2017-09-20 16:51:06] :: (4)->  setdac 0 0
[2017-09-20 16:51:12] :: (4)->  readadc 4
[2017-09-20 16:51:31] :: (4)->  readadc 4
[2017-09-20 16:51:34] :: (4)->  setpower 43
[2017-09-20 16:51:36] :: (4)->  readadc 4
[2017-09-20 16:51:39] :: (4)->  readadc 4
[2017-09-20 16:51:50] :: (4)->  readadc 4
[2017-09-20 16:51:51] :: (4)->  readadc 4
[2017-09-20 16:51:52] :: (4)->  readadc 4
[2017-09-20 16:51:53] :: (4)->  readadc 4
[2017-09-20 16:52:12] :: (4)->  readadc 4
[2017-09-20 16:52:18] :: (4)->  status
[2017-09-20 16:52:31] :: (4)->  status
[2017-09-20 16:52:41] :: (4)->  status
[2017-09-20 16:57:43] :: (5)->  getudp
[2017-09-20 16:58:57] :: (4)->  status
[2017-09-20 17:00:02] :: (4)->  status
[2017-09-20 17:01:23] :: (4)->  status
[2017-09-20 17:01:58] :: (4)->  status
[2017-09-20 17:02:22] :: (4)->  status
[2017-09-20 17:03:51] :: (5)->  status
[2017-09-20 17:03:54] :: (4)->  status
[2017-09-20 17:08:47] :: (5)->  status
[2017-09-20 17:08:54] :: (4)->  status
[2017-09-20 17:09:01] :: (4)->  status
[2017-09-20 17:17:21] :: (5)->  status
[2017-09-20 17:17:31] :: (5)->  help
[2017-09-20 17:17:33] :: (5)->  setmode
[2017-09-20 17:17:34] :: (5)->  help
[2017-09-20 17:17:38] :: (5)->  q
[2017-09-20 17:17:42] :: (5)->  
[2017-09-20 17:17:44] :: (5)->  help
[2017-09-20 17:17:49] :: (5)->  
[2017-09-20 17:18:14] :: (5)->  ÿôÿý
[2017-09-20 17:18:16] :: (5)->  ÿû
[2017-09-20 17:18:18] :: (5)->  q
[2017-09-20 17:18:28] :: (5)->  setpower
[2017-09-20 17:19:06] :: (5)->  setpower ant
[2017-09-20 17:19:25] :: (5)->  setpower
[2017-09-20 17:19:32] :: (5)->  setpower 43
[2017-09-20 17:19:33] :: (5)->  setpower
[2017-09-20 17:19:51] :: (5)->  setpower ant 1
[2017-09-20 17:19:52] :: (5)->  setpower
[2017-09-20 17:19:55] :: (5)->  setpower ant 2
[2017-09-20 17:19:58] :: (5)->  setpower
[2017-09-20 17:20:01] :: (5)->  setpower ant 2
[2017-09-20 17:20:03] :: (5)->  setpower 
[2017-09-20 17:20:13] :: (5)->  setpower ant 3
[2017-09-20 17:20:14] :: (5)->  setpower
[2017-09-20 17:20:30] :: (5)->  setpower ant 4
[2017-09-20 17:20:31] :: (5)->  setpower
[2017-09-20 17:20:40] :: (5)->  setpower ant 1
[2017-09-20 17:20:41] :: (5)->  setpower
[2017-09-20 17:21:11] :: (5)->  setpower synth 0
[2017-09-20 17:21:12] :: (5)->  setpower
[2017-09-20 17:21:14] :: (5)->  setpower synth 1
[2017-09-20 17:21:17] :: (5)->  initsynth
[2017-09-20 17:21:21] :: (5)->  setpower
[2017-09-20 17:21:43] :: (5)->  setpower PAs 1
[2017-09-20 17:21:49] :: (5)->  setpower PAs 0
[2017-09-20 17:33:24] :: (4)->  setpower read
[2017-09-20 17:33:35] :: (4)->  setpower
[2017-09-20 17:42:52] :: ONR Transmitter Server starting, using serial port /dev/ttyTHS0
[2017-09-20 17:42:52] :: Server up and running on TCP port 9001!
[2017-09-20 17:42:56] :: (4)->  status
[2017-09-20 17:42:59] :: (4)->  setpower
[2017-09-20 17:43:02] :: (4)->  status
[2017-09-20 17:43:09] :: (5)->  help
[2017-09-20 17:43:11] :: (5)->  setpower
[2017-09-20 17:45:41] :: (4)->  setpower ant 0
[2017-09-20 17:45:49] :: (4)->  setpower ant 5
[2017-09-20 17:46:08] :: ONR Transmitter Server starting, using serial port /dev/ttyTHS0
[2017-09-20 17:46:08] :: Can't bind local address.
[2017-09-20 17:46:24] :: ONR Transmitter Server starting, using serial port /dev/ttyTHS0
[2017-09-20 17:46:24] :: Server up and running on TCP port 9001!
[2017-09-20 17:46:30] :: (4)->  setpower
[2017-09-20 17:46:36] :: (4)->  setpower ant 3
[2017-09-20 17:46:48] :: (4)->  setpower PA1 1
[2017-09-20 17:46:56] :: (4)->  setpower pa1 1
[2017-09-20 17:47:01] :: (4)->  setpower PAs 0
[2017-09-20 17:47:05] :: (4)->  status
[2017-09-20 17:51:51] :: ONR Transmitter Server starting, using serial port /dev/ttyTHS0
[2017-09-20 17:51:51] :: Server up and running on TCP port 9001!
[2017-09-20 17:51:55] :: (4)->  status
[2017-09-20 17:53:53] :: (4)->  status
[2017-09-20 18:25:13] :: ONR Transmitter Server starting, using serial port /dev/ttyTHS0
[2017-09-20 18:25:13] :: Server up and running on TCP port 9001!
[2017-09-20 18:27:15] :: ONR Transmitter Server starting, using serial port /dev/ttyTHS0
[2017-09-20 18:27:15] :: Server up and running on TCP port 9001!
[2017-09-20 18:28:28] :: ONR Transmitter Server starting, using serial port /dev/ttyTHS0
[2017-09-20 18:28:28] :: Server up and running on TCP port 9001!
[2017-09-20 18:29:36] :: ONR Transmitter Server starting, using serial port /dev/ttyTHS0
[2017-09-20 18:29:36] :: Server up and running on TCP port 9001!
[2017-09-20 18:30:28] :: ONR Transmitter Server starting, using serial port /dev/ttyTHS0
[2017-09-20 18:30:28] :: Server up and running on TCP port 9001!
[2017-09-20 18:30:37] :: (5)->  status
[2017-09-20 18:31:36] :: (5)->  status
[2017-09-20 18:31:56] :: (5)->  setpower
[2017-09-20 18:34:03] :: ONR Transmitter Server starting, using serial port /dev/ttyTHS0
[2017-09-20 18:34:03] :: Server up and running on TCP port 9001!
[2017-09-20 18:34:08] :: (4)->  status
[2017-09-20 18:45:52] :: ONR Transmitter Server starting, using serial port /dev/ttyTHS0
[2017-09-20 18:45:52] :: Server up and running on TCP port 9001!
[2017-09-20 18:45:57] :: (4)->  status
[2017-09-20 18:57:58] :: (4)->  status
[2017-09-20 18:58:38] :: (4)->  status
[2017-09-20 19:07:06] :: (4)->  ?
[2017-09-20 19:07:56] :: ONR Transmitter Server starting, using serial port /dev/ttyTHS0
[2017-09-20 19:07:56] :: Server up and running on TCP port 9001!
[2017-09-20 19:08:02] :: (5)->  point
[2017-09-20 19:08:05] :: (5)->  point 2
[2017-09-20 19:08:09] :: (5)->  point 0
[2017-09-20 19:09:27] :: ONR Transmitter Server starting, using serial port /dev/ttyTHS0
[2017-09-20 19:09:27] :: Server up and running on TCP port 9001!
[2017-09-20 19:09:31] :: (4)->  point
[2017-09-20 19:09:34] :: (4)->  point 2
[2017-09-20 19:09:37] :: (4)->  point 0
[2017-09-20 19:25:47] :: ONR Transmitter Server starting, using serial port /dev/ttyTHS0
[2017-09-20 19:25:47] :: Server up and running on TCP port 9001!
[2017-09-20 19:25:51] :: (4)->  status
[2017-09-20 20:31:27] :: (4)->  setpower
[2017-09-20 22:18:43] :: Server up and running on TCP port 9001!
[2017-09-20 22:18:58] :: (4)->  status
[2017-09-20 22:20:43] :: (4)->  status
[2017-09-20 22:23:29] :: Server up and running on TCP port 9001!
[2017-09-20 22:37:43] :: (5)->  initsynth
[2017-09-20 22:39:35] :: Server up and running on TCP port 9001!
[2017-09-20 22:42:36] :: (4)->  setpower
[2017-09-20 22:42:42] :: (4)->  setpower usevco 1
[2017-09-20 22:43:38] :: (4)->  status
[2017-09-20 22:44:53] :: (4)->  status
[2017-09-20 22:44:55] :: (4)->  status
[2017-09-20 22:44:56] :: (4)->  status
[2017-09-20 22:45:12] :: (4)->  setdac 3 2660
[2017-09-20 22:51:12] :: Server up and running on TCP port 9001!
[2017-09-20 22:51:30] :: (4)->  setdac 3 2660
[2017-09-20 22:55:16] :: Server up and running on TCP port 9001!
[2017-09-20 22:55:21] :: (5)->  status
[2017-09-20 22:56:21] :: (5)->  setdac 3 2656
[2017-09-20 22:56:31] :: (5)->  setdac 3 2700
[2017-09-20 22:58:34] :: Server up and running on TCP port 9001!
[2017-09-20 22:58:38] :: (4)->  status
[2017-09-20 22:59:08] :: (4)->  setpower
[2017-09-20 22:59:16] :: (4)->  setpower ant 4
[2017-09-20 22:59:57] :: (4)->  setpower
[2017-09-20 23:00:21] :: (4)->  status
[2017-09-20 23:00:50] :: (4)->  setdac 3 2656
[2017-09-20 23:01:19] :: (5)->  setpower
[2017-09-20 23:01:30] :: (5)->  setpower ant 1
[2017-09-20 23:02:07] :: Server up and running on TCP port 9001!
[2017-09-20 23:02:17] :: (4)->  status
[2017-09-20 23:02:39] :: (4)->  status   
[2017-09-20 23:03:00] :: (4)->  status   
[2017-09-20 23:03:01] :: (5)->  setpower ant 4
[2017-09-20 23:03:04] :: (4)->  status   
[2017-09-20 23:03:17] :: (5)->  setpower ant 2
[2017-09-20 23:03:36] :: (4)->  status   
[2017-09-20 23:04:42] :: (4)->  status   
[2017-09-20 23:06:26] :: (4)->  status   
[2017-09-20 23:11:25] :: (4)->  initvco
[2017-09-20 23:11:30] :: (4)->  initsynth
[2017-09-20 23:16:59] :: (5)->  setpower ant 4
[2017-09-20 23:18:06] :: (4)->  initsynth
[2017-09-20 23:20:35] :: (4)->  initsynth
[2017-09-20 23:25:32] :: (4)->  initsynth
[2017-09-20 23:34:27] :: (5)->  help 
[2017-09-20 23:34:37] :: (5)->  initsynth
[2017-09-21 00:12:27] :: (5)->  q
[2000-01-01 00:03:14] :: Server up and running on TCP port 9001!
[2017-09-26 04:44:34] :: Server up and running on TCP port 9001!
[2017-09-26 04:54:22] :: Server up and running on TCP port 9001!
[2017-09-26 04:57:34] :: Server up and running on TCP port 9001!
[2017-09-26 05:02:12] :: Server up and running on TCP port 9001!
[2017-09-26 05:04:34] :: Server up and running on TCP port 9001!
[2017-09-26 05:05:40] :: Server up and running on TCP port 9001!
[2017-09-26 05:10:02] :: Server up and running on TCP port 9001!
[2017-09-26 05:12:54] :: Server up and running on TCP port 9001!
[2017-09-26 05:14:38] :: Server up and running on TCP port 9001!
[2017-09-26 05:16:13] :: Server up and running on TCP port 9001!
[2017-09-26 05:18:15] :: Server up and running on TCP port 9001!
[2017-09-26 05:20:17] :: Server up and running on TCP port 9001!
[2017-09-26 05:28:02] :: Server up and running on TCP port 9001!
[2017-09-26 05:37:18] :: Server up and running on TCP port 9001!
[2017-09-26 05:42:06] :: Server up and running on TCP port 9001!
[2017-09-26 05:42:19] :: Server up and running on TCP port 9001!
[2017-09-27 17:34:22] :: Server up and running on TCP port 9001!
[2017-09-27 17:34:34] :: (4)->  help
[2017-09-27 17:34:40] :: (4)->  initsynth
[2017-09-27 17:37:02] :: (4)->  initsynth
[2017-09-27 17:37:16] :: (4)->  setpower vco 0
[2017-09-27 17:37:27] :: (4)->  setpower
[2017-09-27 17:37:30] :: (4)->  setpower vco 1
[2017-09-27 17:38:00] :: (4)->  setpower syn 0
[2017-09-27 17:38:07] :: (4)->  setpower syn 1
[2017-09-27 17:38:26] :: (4)->  initsynth
[2017-09-27 17:52:40] :: (4)->  q
[2017-09-27 18:15:30] :: (4)->  initsynth
[2017-09-27 18:18:07] :: (4)->  initsynth
[2017-09-27 18:18:18] :: (4)->  initsynth
[2017-09-27 18:22:51] :: (4)->  initsynth
[2017-09-27 18:34:28] :: (4)->  
[2017-09-27 18:43:29] :: (4)->  initsynth
[2017-09-27 18:54:04] :: Server up and running on TCP port 9001!
[2017-09-27 18:54:09] :: (4)->  initsynth
[2017-09-27 18:54:16] :: (4)->  setfreq 
[2017-09-27 18:54:20] :: (4)->  
[2017-09-27 18:54:23] :: (4)->  setfreq 1
[2017-09-27 18:54:39] :: (4)->  setfreq 1
[2017-09-27 19:23:57] :: (4)->  q
[2017-09-27 20:48:25] :: Server up and running on TCP port 9001!
[2017-09-27 20:48:32] :: (4)->  initsynth
[2017-09-27 20:48:46] :: (4)->  initsynth
[2017-09-27 20:57:57] :: Server up and running on TCP port 9001!
[2017-09-27 20:58:02] :: (4)->  initsynth
[2017-09-27 20:58:09] :: (4)->  setfreq 8650
[2017-09-27 21:17:33] :: Server up and running on TCP port 9001!
[2017-09-27 21:17:37] :: (4)->  initsynth
[2017-09-27 21:17:44] :: (4)->  setfreq 7800
[2017-09-27 21:17:49] :: (4)->  
[2017-09-27 21:17:58] :: (4)->  setfreq 8650
[2017-09-27 21:18:06] :: (4)->  initsynth
[2017-09-27 21:20:23] :: Server up and running on TCP port 9001!
[2017-09-27 21:20:28] :: (4)->  initsynth
[2017-09-27 21:20:40] :: (4)->  setfreq 6800
[2017-09-27 21:20:56] :: (4)->  setfreq 8650
[2017-09-27 21:23:49] :: Server up and running on TCP port 9001!
[2017-09-27 21:23:53] :: (4)->  initsynth
[2017-09-27 21:23:59] :: (4)->  setfreq 8800
[2017-09-27 21:24:09] :: (4)->  setfreq 8650
[2017-09-27 21:25:13] :: Server up and running on TCP port 9001!
[2017-09-27 21:25:18] :: (5)->  initsynth
[2017-09-27 21:25:24] :: (5)->  setfreq 8700
[2017-09-27 21:25:36] :: (5)->  setfreq 7820
[2017-09-27 21:25:47] :: (5)->  setfreq 8650.123456
[2017-09-27 21:26:32] :: (5)->  setfreq 8650
[2017-09-27 21:26:59] :: Server up and running on TCP port 9001!
[2017-09-27 23:22:59] :: (4)->  
[2017-09-27 23:23:57] :: (5)->  setpower
[2017-09-27 23:23:57] :: (5)->  setpower pa3 1
[2017-09-27 23:24:08] :: (5)->  setpower
[2017-09-27 23:24:08] :: (5)->  setpower pa3 1
[2017-09-27 23:24:10] :: (5)->  setmode
[2017-09-27 23:24:10] :: (5)->  setmode 1
[2017-09-27 23:25:30] :: (5)->  setpower
[2017-09-27 23:25:30] :: (5)->  setpower vco15 0
[2017-09-27 23:25:31] :: (5)->  setpower
[2017-09-27 23:25:31] :: (5)->  setpower pa1 1
[2017-09-27 23:25:32] :: (5)->  setpower
[2017-09-27 23:25:32] :: (5)->  setpower pa2 1
[2017-09-27 23:25:43] :: (5)->  setpower
[2017-09-27 23:25:43] :: (5)->  setpower vco55 0
[2017-09-27 23:25:45] :: (5)->  setpower
[2017-09-27 23:25:45] :: (5)->  setpower vco55 0
[2017-09-27 23:25:46] :: (5)->  setpower
[2017-09-27 23:25:46] :: (5)->  setpower vco55 0
[2017-09-27 23:25:49] :: (5)->  setpower
[2017-09-27 23:25:49] :: (5)->  setpower vco15 0
[2017-09-27 23:25:51] :: (5)->  setpower
[2017-09-27 23:25:51] :: (5)->  setpower vco15 0
[2017-09-27 23:25:55] :: (5)->  setpower
[2017-09-27 23:25:55] :: (5)->  setpower pa1 0
[2017-09-27 23:25:56] :: (5)->  setpower
[2017-09-27 23:25:56] :: (5)->  setpower pa1 1
[2017-09-27 23:25:57] :: (5)->  setpower
[2017-09-27 23:25:57] :: (5)->  setpower pa1 0
[2017-09-27 23:25:59] :: (5)->  setpower
[2017-09-27 23:25:59] :: (5)->  setpower pa2 0
[2017-09-27 23:26:01] :: (5)->  setpower
[2017-09-27 23:26:01] :: (5)->  setpower pa2 1
[2017-09-27 23:26:02] :: (5)->  setpower
[2017-09-27 23:26:02] :: (5)->  setpower pa1 1
[2017-09-27 23:26:03] :: (7)->  setpower
[2017-09-27 23:26:03] :: (5)->  setpower vco15 0
[2017-09-27 23:26:07] :: (5)->  setpower
[2017-09-27 23:26:07] :: (5)->  setpower vco55 0
[2017-09-27 23:26:08] :: (5)->  setpower
[2017-09-27 23:26:08] :: (5)->  setpower vco55 0
[2017-09-27 23:27:15] :: (4)->  setpower
[2017-09-27 23:27:59] :: (4)->  setpower
[2017-09-27 23:28:02] :: (4)->  q
[2017-09-27 23:28:08] :: (4)->  setpower 
[2017-09-27 23:28:14] :: (4)->  setpower 
[2017-09-27 23:28:21] :: (4)->  setpower 
[2017-09-27 23:28:24] :: (5)->  setpower
[2017-09-27 23:28:24] :: (5)->  setpower pa1 0
[2017-09-27 23:28:27] :: (4)->  setpower 
[2017-09-27 23:28:30] :: (4)->  setpower 
[2017-09-27 23:28:32] :: (5)->  setpower
[2017-09-27 23:28:32] :: (5)->  setpower pa2 0
[2017-09-27 23:28:33] :: (4)->  setpower 
[2017-09-27 23:30:00] :: (5)->  setpower
[2017-09-27 23:30:00] :: (5)->  setpower vco15 0
[2017-09-27 23:30:02] :: (5)->  setpower
[2017-09-27 23:30:02] :: (5)->  setpower vco55 0
[2017-09-27 23:30:04] :: (5)->  setpower
[2017-09-27 23:30:04] :: (5)->  setpower vco15 0
[2017-09-27 23:30:05] :: (5)->  setpower
[2017-09-27 23:30:05] :: (5)->  setpower pa1 1
[2017-09-27 23:30:07] :: (5)->  setpower
[2017-09-27 23:30:07] :: (5)->  setpower pa2 1
[2017-09-27 23:30:09] :: (5)->  setpower
[2017-09-27 23:30:09] :: (5)->  setpower vco55 0
[2017-09-27 23:30:10] :: (5)->  setpower
[2017-09-27 23:30:10] :: (5)->  setpower vco15 0
[2017-09-27 23:30:11] :: (5)->  setpower
[2017-09-27 23:30:11] :: (8)->  setpower pa1 0
[2017-09-27 23:30:12] :: (5)->  setpower
[2017-09-27 23:30:12] :: (5)->  setpower pa2 0
[2017-09-27 23:30:13] :: (5)->  setpower
[2017-09-27 23:30:13] :: (5)->  setpower vco55 0
[2017-09-27 23:30:15] :: (5)->  setpower
[2017-09-27 23:30:15] :: (5)->  setpower vco15 0
[2017-09-27 23:30:16] :: (5)->  setpower
[2017-09-27 23:30:16] :: (5)->  setpower pa1 1
[2017-09-27 23:30:17] :: (5)->  setpower
[2017-09-27 23:30:17] :: (5)->  setpower pa2 1
[2017-09-27 23:31:01] :: (5)->  setpower
[2017-09-27 23:31:01] :: (5)->  setpower pa1 0
[2017-09-27 23:31:08] :: (5)->  setpower
[2017-09-27 23:31:08] :: (5)->  setpower pa2 0
[2017-09-27 23:38:36] :: (4)->  help
[2017-09-27 23:39:47] :: (5)->  setpower
[2017-09-27 23:39:47] :: (5)->  setpower vco15 0
[2017-09-27 23:39:49] :: (5)->  setpower
[2017-09-27 23:39:49] :: (5)->  setpower vco15 0
[2017-09-27 23:39:51] :: (5)->  setpower
[2017-09-27 23:39:51] :: (5)->  setpower vco15 0
[2017-09-27 23:39:52] :: (5)->  setpower
[2017-09-27 23:39:52] :: (5)->  setpower vco15 0
[2017-09-27 23:39:54] :: (5)->  setpower
[2017-09-27 23:39:54] :: (5)->  setpower vco55 0
[2017-09-27 23:39:55] :: (5)->  setpower
[2017-09-27 23:39:55] :: (5)->  setpower vco55 0
[2017-09-27 23:39:57] :: (5)->  setpower
[2017-09-27 23:39:57] :: (5)->  setpower vco55 0
[2017-09-27 23:39:58] :: (5)->  setpower
[2017-09-27 23:39:58] :: (5)->  setpower vco55 0
[2017-09-27 23:40:01] :: (5)->  setpower
[2017-09-27 23:40:01] :: (5)->  setpower vco55 0
[2017-09-27 23:40:02] :: (5)->  setpower
[2017-09-27 23:40:02] :: (5)->  setpower vco55 0
[2017-09-27 23:40:09] :: (7)->  setpower
[2017-09-27 23:40:09] :: (5)->  setpower vco55 0
[2017-09-27 23:40:14] :: (5)->  setpower
[2017-09-27 23:40:14] :: (5)->  setpower vco15 0
[2017-09-27 23:40:16] :: (5)->  setpower
[2017-09-27 23:40:16] :: (5)->  setpower pa1 1
[2017-09-27 23:40:19] :: (5)->  setpower
[2017-09-27 23:40:19] :: (5)->  setpower pa2 1
[2017-09-27 23:40:22] :: (5)->  setpower
[2017-09-27 23:40:22] :: (5)->  setpower pa2 0
[2017-09-27 23:40:27] :: (5)->  setpower
[2017-09-27 23:40:27] :: (5)->  setpower pa1 0
[2017-09-27 23:50:25] :: (5)->  setpower
[2017-09-27 23:50:25] :: (5)->  setpower vco55 0
[2017-09-27 23:50:28] :: (5)->  setpower
[2017-09-27 23:50:28] :: (5)->  setpower vco55 0
[2017-09-27 23:50:49] :: Server up and running on TCP port 9001!
[2017-09-27 23:51:12] :: (4)->  setpower
[2017-09-27 23:51:12] :: (4)->  setpower vco55 0
[2017-09-27 23:52:33] :: (4)->  setpower
[2017-09-27 23:52:44] :: (4)->  setpower vco55 0
[2017-09-27 23:52:52] :: (4)->  setpower vco55 1
[2017-09-27 23:53:14] :: (4)->  setpower pa3 0
[2017-09-27 23:53:22] :: (4)->  setpower usevco 1
[2017-09-27 23:53:34] :: (4)->  setpower ant 1
[2017-09-27 23:53:39] :: (4)->  setpower ant 2
[2017-09-27 23:53:49] :: (4)->  setpower ant 4
[2017-09-27 23:53:54] :: (4)->  setpower ant1
[2017-09-27 23:54:03] :: (4)->  setpower ant 1
[2017-09-27 23:55:08] :: (5)->  setpower
[2017-09-27 23:55:08] :: (5)->  setpower vco55 0
[2017-09-28 00:01:22] :: Server up and running on TCP port 9001!
[2017-09-28 00:01:26] :: (4)->  setpower
[2017-09-28 00:01:31] :: (4)->  setpower vco55 1
[2017-09-28 00:01:32] :: (4)->  setpower
[2017-09-28 00:01:39] :: (4)->  initsynth
[2017-09-28 00:02:01] :: (4)->  initsynth
[2017-09-28 00:03:15] :: (4)->  setpower syn 0
[2017-09-28 00:03:20] :: (4)->  setpower
[2017-09-28 00:03:26] :: (4)->  setpower syn 1
[2017-09-28 00:03:33] :: (4)->  initsynth
[2017-09-28 00:03:44] :: (4)->  setfreq 8650
[2017-09-28 00:05:01] :: (4)->  initsynth
[2017-09-28 00:05:28] :: (4)->  setpower syn 0
[2017-09-28 00:05:32] :: (4)->  setpower syn 1
[2017-09-28 00:05:37] :: (4)->  initsynth
[2017-09-28 00:05:55] :: (4)->  setfreq 8700
[2017-09-28 00:06:04] :: (4)->  setfreq 8600
[2017-09-28 00:06:10] :: (4)->  setoiwer 8650
[2017-09-28 00:06:19] :: (4)->  setfreq 8650
[2017-09-28 00:06:34] :: (4)->  setpower syn 0
[2017-09-28 00:06:42] :: (4)->  setpower syn 1
[2017-09-28 00:14:35] :: (4)->  setfreq 8650
[2017-09-28 00:14:52] :: (4)->  setfreq 8700
[2017-09-28 00:15:02] :: (4)->  setfreq 8650
[2017-09-28 00:15:16] :: (4)->  initsynth
[2017-09-28 00:16:02] :: (4)->  setpower syn 0
[2017-09-28 00:16:05] :: (4)->  setpower syn 1
[2017-09-28 00:16:14] :: (4)->  initsynth
[2017-09-28 00:18:22] :: (4)->  setpower syn 0
[2017-09-28 00:18:26] :: (4)->  setpower syn 1
[2017-09-28 00:18:30] :: (4)->  initsynth
[2017-09-28 00:18:38] :: (4)->  setfreq 8700
[2017-09-28 00:21:18] :: (4)->  setpower syn 0
[2017-09-28 00:21:22] :: (4)->  setpower syn 1
[2017-09-28 00:21:31] :: (4)->  setpower syn 0
[2017-09-28 00:21:34] :: (4)->  setpower syn 1
[2017-09-28 00:21:41] :: (4)->  initsynth 
[2017-09-28 00:21:47] :: (4)->  setfreq 8700
[2017-09-28 00:22:04] :: (4)->  setpower 8700.123456
[2017-09-28 00:22:19] :: (4)->  setfreq 8700.123456
[2017-09-28 00:22:32] :: (4)->  setfreq 8700
[2017-09-28 00:22:38] :: (4)->  setpower 8700.123
[2017-09-28 00:22:47] :: (4)->  setfreq 8700.123
[2017-09-28 00:24:06] :: Server up and running on TCP port 9001!
[2017-09-28 00:24:23] :: (5)->  setpower
[2017-09-28 00:24:23] :: (5)->  setpower vco55 0
[2017-09-28 00:25:25] :: (4)->  setpower
[2017-09-28 00:27:26] :: Server up and running on TCP port 9001!
[2017-09-28 00:27:29] :: (4)->  setpower
[2017-09-28 00:27:33] :: (4)->  setpower msb 1
[2017-09-28 00:27:34] :: (4)->  setpower
[2017-09-28 00:28:11] :: Server up and running on TCP port 9001!
[2017-09-28 00:28:16] :: (4)->  setpower
[2017-09-28 00:28:19] :: (4)->  setpower ant 1
[2017-09-28 00:28:20] :: (4)->  setpower
[2017-09-28 00:28:23] :: (4)->  setpower msb 1
[2017-09-28 00:28:24] :: (4)->  setpower
[2017-09-28 00:28:26] :: (4)->  setpower lsb 1
[2017-09-28 00:28:27] :: (4)->  setpower
[2017-09-28 00:28:31] :: (4)->  setpower msb 0
[2017-09-28 00:28:31] :: (4)->  setpower
[2017-09-28 00:28:34] :: (4)->  setpower lsb 0
[2017-09-28 00:28:35] :: (4)->  setpower
[2017-09-28 00:42:32] :: (4)->  setpower
[2017-09-28 00:42:38] :: (4)->  setpower vco55 1
[2017-09-28 00:42:39] :: (4)->  setpower
[2017-09-28 00:42:40] :: (4)->  initsynth
[2017-09-28 14:59:17] :: (4)->  setpower
[2017-09-28 15:02:27] :: (4)->  setpower pa1 1
[2017-09-28 15:02:55] :: (4)->  setpower pa1 0
[2017-09-28 15:03:37] :: (4)->  setpower pa2 1
[2017-09-28 15:06:57] :: (4)->  help
[2017-09-28 15:07:04] :: (4)->  setfreq 8600
[2017-09-28 15:07:15] :: (4)->  setpower 8650
[2017-09-28 15:07:22] :: (4)->  setfreq 8650
[2017-09-28 15:12:22] :: (4)->  setpower pa2 0
[2017-09-28 15:34:43] :: (4)->  setpower pa2 1
[2017-09-28 15:37:24] :: Server up and running on TCP port 9001!
[2017-09-28 15:37:37] :: (4)->  setfreq 8650
[2017-09-28 15:37:48] :: (4)->  initsynth
[2017-09-28 15:40:22] :: (4)->  setpower pa2 0
[2017-09-28 15:41:07] :: (4)->  setfreq 8650
[2017-09-28 15:47:47] :: (4)->  setpower syn 0
[2017-09-28 15:47:51] :: (4)->  setpower syn 1
[2017-09-28 16:09:31] :: (4)->  initsynth
[2017-09-28 16:09:35] :: (4)->  setpower syn 0
[2017-09-28 16:09:38] :: (4)->  setpower syn 1
[2017-09-28 16:09:41] :: (4)->  initsynth
[2017-09-28 16:09:45] :: (4)->  setpower pa2 1
[2017-09-28 16:18:15] :: (4)->  setpower pa2 0
[2017-09-28 16:20:29] :: (4)->  setpower pa2 1
[2017-09-28 16:38:22] :: (4)->  setpower pa2 0
[2017-09-28 16:38:45] :: Server up and running on TCP port 9001!
[2017-09-28 17:26:41] :: (4)->  setpower pa2 1
[2017-09-28 17:32:47] :: (4)->  setpower pa2 0
[2017-09-28 17:32:54] :: (4)->  getudp
[2017-09-28 17:33:59] :: (4)->  setpower pa2 1
[2017-09-28 17:36:15] :: (4)->  setpower pa2 0
[2017-09-28 17:38:52] :: (4)->  setpower pa2 1
[2017-09-28 17:52:28] :: Server up and running on TCP port 9001!
[2017-09-28 18:02:00] :: Server up and running on TCP port 9001!
[2017-09-28 18:02:48] :: Server up and running on TCP port 9001!
[2017-09-28 18:03:45] :: Server up and running on TCP port 9001!
[2017-09-28 18:04:03] :: (4)->  setpower pa2 0
[2017-09-28 18:04:04] :: (4)->  setpower
[2017-09-28 18:06:14] :: Server up and running on TCP port 9001!
[2017-09-28 18:08:09] :: Server up and running on TCP port 9001!
[2017-09-28 18:09:34] :: (4)->  setpower
[2017-09-28 18:09:34] :: (4)->  setpower pa2 1
[2017-09-28 18:10:12] :: (4)->  setpower
[2017-09-28 18:10:12] :: (4)->  setpower pa2 0
[2017-09-28 18:10:26] :: (4)->  setpower
[2017-09-28 18:10:26] :: (4)->  setpower pa1 1
[2017-09-28 18:10:36] :: (4)->  setpower
[2017-09-28 18:10:36] :: (4)->  setpower pa1 0
[2017-09-28 18:17:42] :: (4)->  setpower pa2 1
[2017-09-28 18:21:17] :: (5)->  setpower
[2017-09-28 18:21:17] :: (5)->  setpower pa2 0
[2017-09-28 18:28:40] :: Server up and running on TCP port 9001!
[2017-09-28 18:45:12] :: Server up and running on TCP port 9001!
[2017-09-28 18:46:28] :: Server up and running on TCP port 9001!
[2017-09-28 18:47:00] :: (5)->  setpower
[2017-09-28 18:47:00] :: (5)->  setpower pa2 1
[2017-09-28 18:49:16] :: (4)->  help
[2017-09-28 18:49:25] :: (4)->  status
[2017-09-28 18:51:17] :: (5)->  setpower
[2017-09-28 18:51:17] :: (5)->  setpower pa2 0
[2017-09-28 23:17:21] :: Server up and running on TCP port 9001!
[2017-09-28 23:24:45] :: (4)->  setpower syn 1
[2017-09-28 23:24:46] :: (4)->  initsynth
[2017-09-28 23:25:47] :: (5)->  setpower
[2017-09-28 23:25:47] :: (5)->  setpower vco55 0
[2017-09-29 15:25:31] :: Server up and running on TCP port 9001!
[2017-09-29 15:25:42] :: (5)->  setpower
[2017-09-29 15:25:42] :: (5)->  setpower pa2 1
[2017-09-29 15:25:46] :: (4)->  initsynth
[2017-09-29 15:25:53] :: (4)->  setfreq 8650
[2017-09-29 15:26:04] :: (5)->  setpower
[2017-09-29 15:26:04] :: (5)->  setpower usevco 0
[2017-09-29 15:26:11] :: (5)->  setpower
[2017-09-29 15:26:11] :: (5)->  setpower usevco 1
[2017-09-29 15:26:28] :: (4)->  setpower
[2017-09-29 15:26:30] :: (4)->  setpower syn 0
[2017-09-29 15:26:55] :: (6)->  setpower
[2017-09-29 15:26:55] :: (5)->  setpower pa2 0
[2017-09-29 15:27:03] :: (4)->  q
[2017-09-29 15:31:46] :: (4)->  setpower
[2017-09-29 15:31:46] :: (4)->  setpower lsb 1
[2017-09-29 15:31:53] :: (4)->  setpower
[2017-09-29 15:31:53] :: (4)->  setpower lsb 0
[2017-09-29 15:34:00] :: (5)->  setpower
[2017-09-29 15:34:01] :: (4)->  setpower msb 1
[2017-09-29 15:34:23] :: (4)->  setpower
[2017-09-29 15:34:24] :: (5)->  setpower
[2017-09-29 15:34:24] :: (5)->  setpower msb 0
[2017-09-29 15:34:24] :: (4)->  setpower
[2017-09-29 15:34:25] :: (6)->  setpower
[2017-09-29 15:34:25] :: (6)->  setpower msb 1
[2017-09-29 15:34:26] :: (4)->  setpower
[2017-09-29 15:34:27] :: (6)->  setpower
[2017-09-29 15:34:27] :: (5)->  setpower msb 0
[2017-09-29 15:34:27] :: (4)->  setpower
[2017-09-29 15:34:28] :: (5)->  setpower
[2017-09-29 15:34:28] :: (5)->  setpower msb 1
[2017-09-29 15:34:29] :: (4)->  setpower
[2017-09-29 15:34:32] :: (4)->  setpower
[2017-09-29 15:34:32] :: (4)->  setpower msb 0
[2017-09-29 15:34:37] :: (5)->  setpower
[2017-09-29 15:34:38] :: (4)->  setpower
[2017-09-29 15:34:38] :: (4)->  setpower msb 1
[2017-09-29 15:34:39] :: (5)->  setpower
[2017-09-29 15:34:39] :: (6)->  setpower
[2017-09-29 15:34:39] :: (6)->  setpower msb 0
[2017-09-29 15:34:40] :: (5)->  setpower
[2017-09-29 15:34:41] :: (4)->  setpower
[2017-09-29 15:34:41] :: (4)->  setpower msb 1
[2017-09-29 15:34:42] :: (5)->  setpower
[2017-09-29 15:34:42] :: (4)->  setpower
[2017-09-29 15:34:42] :: (4)->  setpower msb 0
[2017-09-29 15:34:46] :: (4)->  setpower
[2017-09-29 15:34:47] :: (5)->  setpower
[2017-09-29 15:34:47] :: (5)->  setpower msb 1
[2017-09-29 15:34:48] :: (4)->  setpower
[2017-09-29 15:34:49] :: (5)->  setpower
[2017-09-29 15:34:49] :: (5)->  setpower msb 0
[2017-09-29 15:34:49] :: (4)->  setpower
[2017-09-29 15:34:50] :: (5)->  setpower
[2017-09-29 15:34:50] :: (5)->  setpower msb 1
[2017-09-29 15:34:51] :: (4)->  setpower
[2017-09-29 15:34:52] :: (5)->  setpower
[2017-09-29 15:34:52] :: (5)->  setpower msb 0
[2017-09-29 15:34:52] :: (4)->  setpower
[2017-09-29 15:34:53] :: (5)->  setpower
[2017-09-29 15:34:53] :: (5)->  setpower msb 1
[2017-09-29 15:34:54] :: (4)->  setpower
[2017-09-29 15:34:55] :: (5)->  setpower
[2017-09-29 15:34:55] :: (5)->  setpower msb 0
[2017-09-29 15:34:55] :: (4)->  setpower
[2017-09-29 15:34:56] :: (5)->  setpower
[2017-09-29 15:34:56] :: (5)->  setpower msb 1
[2017-09-29 15:34:57] :: (4)->  setpower
[2017-09-29 15:34:58] :: (6)->  setpower
[2017-09-29 15:34:58] :: (8)->  setpower msb 0
[2017-09-29 15:34:58] :: (4)->  setpower
[2017-09-29 15:34:59] :: (5)->  setpower
[2017-09-29 15:34:59] :: (5)->  setpower msb 1
[2017-09-29 15:35:00] :: (4)->  setpower
[2017-09-29 15:35:01] :: (5)->  setpower
[2017-09-29 15:35:01] :: (5)->  setpower msb 0
[2017-09-29 15:35:01] :: (4)->  setpower
[2017-09-29 15:35:02] :: (6)->  setpower
[2017-09-29 15:35:02] :: (5)->  setpower msb 1
[2017-09-29 15:35:03] :: (4)->  setpower
[2017-09-29 15:35:04] :: (5)->  setpower
[2017-09-29 15:35:04] :: (6)->  setpower msb 0
[2017-09-29 15:35:04] :: (4)->  setpower
[2017-09-29 15:35:05] :: (5)->  setpower
[2017-09-29 15:35:05] :: (5)->  setpower msb 1
[2017-09-29 15:35:06] :: (4)->  setpower
[2017-09-29 15:35:07] :: (5)->  setpower
[2017-09-29 15:35:07] :: (5)->  setpower msb 0
[2017-09-29 15:35:07] :: (4)->  setpower
[2017-09-29 15:35:08] :: (5)->  setpower
[2017-09-29 15:35:08] :: (5)->  setpower msb 1
[2017-09-29 15:35:09] :: (4)->  setpower
[2017-09-29 15:35:10] :: (5)->  setpower
[2017-09-29 15:35:10] :: (5)->  setpower msb 0
[2017-09-29 15:35:10] :: (4)->  setpower
[2017-09-29 15:35:11] :: (5)->  setpower
[2017-09-29 15:35:11] :: (5)->  setpower msb 1
[2017-09-29 15:35:12] :: (4)->  setpower
[2017-09-29 15:35:13] :: (5)->  setpower
[2017-09-29 15:35:13] :: (5)->  setpower msb 0
[2017-09-29 15:35:13] :: (4)->  setpower
[2017-09-29 15:35:14] :: (5)->  setpower
[2017-09-29 15:35:14] :: (5)->  setpower msb 1
[2017-09-29 15:35:15] :: (4)->  setpower
[2017-09-29 15:35:16] :: (5)->  setpower
[2017-09-29 15:35:16] :: (5)->  setpower msb 0
[2017-09-29 15:35:16] :: (4)->  setpower
[2017-09-29 15:35:17] :: (5)->  setpower
[2017-09-29 15:35:17] :: (5)->  setpower msb 1
[2017-09-29 15:35:18] :: (4)->  setpower
[2017-09-29 15:35:19] :: (4)->  setpower
[2017-09-29 15:35:19] :: (4)->  setpower msb 0
[2017-09-29 15:42:23] :: (4)->  setpower
[2017-09-29 15:42:23] :: (5)->  setpower
[2017-09-29 15:42:23] :: (5)->  setpower msb 1
[2017-09-29 15:42:24] :: (4)->  setpower
[2017-09-29 15:42:25] :: (5)->  setpower
[2017-09-29 15:42:25] :: (5)->  setpower msb 0
[2017-09-29 15:42:26] :: (4)->  setpower
[2017-09-29 15:42:26] :: (5)->  setpower
[2017-09-29 15:42:26] :: (5)->  setpower msb 1
[2017-09-29 15:42:27] :: (4)->  setpower
[2017-09-29 15:42:28] :: (5)->  setpower
[2017-09-29 15:42:28] :: (5)->  setpower msb 0
[2017-09-29 15:42:29] :: (4)->  setpower
[2017-09-29 15:42:29] :: (5)->  setpower
[2017-09-29 15:42:29] :: (5)->  setpower msb 1
[2017-09-29 15:42:30] :: (4)->  setpower
[2017-09-29 15:42:31] :: (5)->  setpower
[2017-09-29 15:42:31] :: (5)->  setpower msb 0
[2017-09-29 15:42:32] :: (4)->  setpower
[2017-09-29 15:42:32] :: (5)->  setpower
[2017-09-29 15:42:32] :: (5)->  setpower msb 1
[2017-09-29 15:42:33] :: (4)->  setpower
[2017-09-29 15:42:34] :: (5)->  setpower
[2017-09-29 15:42:34] :: (5)->  setpower msb 0
[2017-09-29 15:42:35] :: (4)->  setpower
[2017-09-29 15:42:35] :: (6)->  setpower
[2017-09-29 15:42:35] :: (5)->  setpower msb 1
[2017-09-29 15:42:36] :: (4)->  setpower
[2017-09-29 15:42:37] :: (5)->  setpower
[2017-09-29 15:42:37] :: (5)->  setpower msb 0
[2017-09-29 15:42:38] :: (4)->  setpower
[2017-09-29 15:42:38] :: (5)->  setpower
[2017-09-29 15:42:39] :: (5)->  setpower msb 1
[2017-09-29 15:42:39] :: (4)->  setpower
[2017-09-29 15:42:40] :: (5)->  setpower
[2017-09-29 15:42:40] :: (5)->  setpower msb 0
[2017-09-29 15:42:41] :: (4)->  setpower
[2017-09-29 15:42:42] :: (5)->  setpower
[2017-09-29 15:42:42] :: (5)->  setpower msb 1
[2017-09-29 15:42:42] :: (4)->  setpower
[2017-09-29 15:42:43] :: (5)->  setpower
[2017-09-29 15:42:43] :: (5)->  setpower msb 0
[2017-09-29 15:42:44] :: (4)->  setpower
[2017-09-29 15:42:45] :: (5)->  setpower
[2017-09-29 15:42:45] :: (5)->  setpower msb 1
[2017-09-29 15:42:45] :: (4)->  setpower
[2017-09-29 15:42:46] :: (6)->  setpower
[2017-09-29 15:42:46] :: (6)->  setpower msb 0
[2017-09-29 15:42:47] :: (4)->  setpower
[2017-09-29 15:42:48] :: (6)->  setpower
[2017-09-29 15:42:48] :: (5)->  setpower msb 1
[2017-09-29 15:42:48] :: (4)->  setpower
[2017-09-29 15:42:49] :: (5)->  setpower
[2017-09-29 15:42:49] :: (5)->  setpower msb 0
[2017-09-29 15:42:50] :: (4)->  setpower
[2017-09-29 15:42:51] :: (6)->  setpower
[2017-09-29 15:42:51] :: (6)->  setpower msb 1
[2017-09-29 15:42:51] :: (4)->  setpower
[2017-09-29 15:42:52] :: (5)->  setpower
[2017-09-29 15:42:52] :: (5)->  setpower msb 0
[2017-09-29 15:42:53] :: (4)->  setpower
[2017-09-29 15:42:54] :: (5)->  setpower
[2017-09-29 15:42:54] :: (5)->  setpower msb 1
[2017-09-29 15:42:54] :: (4)->  setpower
[2017-09-29 15:42:55] :: (5)->  setpower
[2017-09-29 15:42:55] :: (5)->  setpower msb 0
[2017-09-29 15:42:56] :: (4)->  setpower
[2017-09-29 15:42:57] :: (5)->  setpower
[2017-09-29 15:42:57] :: (5)->  setpower msb 1
[2017-09-29 15:42:57] :: (4)->  setpower
[2017-09-29 15:42:58] :: (5)->  setpower
[2017-09-29 15:42:58] :: (5)->  setpower msb 0
[2017-09-29 15:42:59] :: (4)->  setpower
[2017-09-29 15:43:00] :: (5)->  setpower
[2017-09-29 15:43:00] :: (5)->  setpower msb 1
[2017-09-29 15:43:00] :: (4)->  setpower
[2017-09-29 15:43:01] :: (6)->  setpower
[2017-09-29 15:43:01] :: (5)->  setpower msb 0
[2017-09-29 15:43:02] :: (4)->  setpower
[2017-09-29 15:43:03] :: (5)->  setpower
[2017-09-29 15:43:03] :: (5)->  setpower msb 1
[2017-09-29 15:43:03] :: (4)->  setpower
[2017-09-29 15:43:05] :: (4)->  setpower
[2017-09-29 15:43:06] :: (5)->  setpower
[2017-09-29 15:43:06] :: (5)->  setpower msb 0
[2017-09-29 15:43:06] :: (4)->  setpower
[2017-09-29 15:43:07] :: (5)->  setpower
[2017-09-29 15:43:07] :: (5)->  setpower msb 1
[2017-09-29 15:43:08] :: (4)->  setpower
[2017-09-29 15:43:09] :: (5)->  setpower
[2017-09-29 15:43:09] :: (5)->  setpower msb 0
[2017-09-29 15:43:10] :: (4)->  setpower
[2017-09-29 15:43:10] :: (5)->  setpower
[2017-09-29 15:43:10] :: (5)->  setpower msb 1
[2017-09-29 15:43:11] :: (4)->  setpower
[2017-09-29 15:43:12] :: (5)->  setpower
[2017-09-29 15:43:12] :: (5)->  setpower msb 0
[2017-09-29 15:43:13] :: (4)->  setpower
[2017-09-29 15:43:14] :: (4)->  setpower
[2017-09-29 15:43:15] :: (5)->  setpower
[2017-09-29 15:43:15] :: (5)->  setpower msb 1
[2017-09-29 15:43:16] :: (4)->  setpower
[2017-09-29 15:43:17] :: (5)->  setpower
[2017-09-29 15:43:17] :: (5)->  setpower msb 0
[2017-09-29 15:43:17] :: (4)->  setpower
[2017-09-29 15:43:18] :: (5)->  setpower
[2017-09-29 15:43:18] :: (5)->  setpower msb 1
[2017-09-29 15:43:19] :: (4)->  setpower
[2017-09-29 15:43:20] :: (5)->  setpower
[2017-09-29 15:43:20] :: (5)->  setpower msb 0
[2017-09-29 15:43:20] :: (4)->  setpower
[2017-09-29 15:43:21] :: (6)->  setpower
[2017-09-29 15:43:21] :: (5)->  setpower msb 1
[2017-09-29 15:43:22] :: (4)->  setpower
[2017-09-29 15:43:23] :: (5)->  setpower
[2017-09-29 15:43:23] :: (5)->  setpower msb 0
[2017-09-29 15:43:23] :: (4)->  setpower
[2017-09-29 15:43:24] :: (5)->  setpower
[2017-09-29 15:43:24] :: (5)->  setpower msb 1
[2017-09-29 15:43:25] :: (4)->  setpower
[2017-09-29 15:43:26] :: (5)->  setpower
[2017-09-29 15:43:26] :: (5)->  setpower msb 0
[2017-09-29 15:43:26] :: (4)->  setpower
[2017-09-29 15:43:27] :: (5)->  setpower
[2017-09-29 15:43:27] :: (5)->  setpower msb 1
[2017-09-29 15:43:28] :: (4)->  setpower
[2017-09-29 15:43:29] :: (5)->  setpower
[2017-09-29 15:43:29] :: (5)->  setpower msb 0
[2017-09-29 15:43:29] :: (4)->  setpower
[2017-09-29 15:43:30] :: (5)->  setpower
[2017-09-29 15:43:30] :: (5)->  setpower msb 1
[2017-09-29 15:43:31] :: (4)->  setpower
[2017-09-29 15:43:32] :: (6)->  setpower
[2017-09-29 15:43:32] :: (5)->  setpower msb 0
[2017-09-29 15:43:32] :: (4)->  setpower
[2017-09-29 15:43:33] :: (5)->  setpower
[2017-09-29 15:43:33] :: (5)->  setpower msb 1
[2017-09-29 15:43:34] :: (4)->  setpower
[2017-09-29 15:43:35] :: (5)->  setpower
[2017-09-29 15:43:35] :: (5)->  setpower msb 0
[2017-09-29 15:43:35] :: (4)->  setpower
[2017-09-29 15:43:36] :: (5)->  setpower
[2017-09-29 15:43:36] :: (5)->  setpower msb 1
[2017-09-29 15:43:37] :: (4)->  setpower
[2017-09-29 15:43:38] :: (5)->  setpower
[2017-09-29 15:43:38] :: (5)->  setpower msb 0
[2017-09-29 15:43:38] :: (4)->  setpower
[2017-09-29 15:43:39] :: (5)->  setpower
[2017-09-29 15:43:39] :: (5)->  setpower msb 1
[2017-09-29 15:43:40] :: (4)->  setpower
[2017-09-29 15:43:41] :: (5)->  setpower
[2017-09-29 15:43:41] :: (5)->  setpower msb 0
[2017-09-29 15:43:41] :: (4)->  setpower
[2017-09-29 15:43:42] :: (5)->  setpower
[2017-09-29 15:43:42] :: (5)->  setpower msb 1
[2017-09-29 15:43:43] :: (4)->  setpower
[2017-09-29 15:43:44] :: (5)->  setpower
[2017-09-29 15:43:44] :: (5)->  setpower msb 0
[2017-09-29 15:43:45] :: (4)->  setpower
[2017-09-29 15:43:45] :: (5)->  setpower
[2017-09-29 15:43:45] :: (5)->  setpower msb 1
[2017-09-29 15:43:46] :: (4)->  setpower
[2017-09-29 15:43:47] :: (5)->  setpower
[2017-09-29 15:43:47] :: (5)->  setpower msb 0
[2017-09-29 15:43:48] :: (4)->  setpower
[2017-09-29 15:43:48] :: (5)->  setpower
[2017-09-29 15:43:48] :: (5)->  setpower msb 1
[2017-09-29 15:43:49] :: (4)->  setpower
[2017-09-29 15:43:50] :: (5)->  setpower
[2017-09-29 15:43:50] :: (5)->  setpower msb 0
[2017-09-29 15:43:51] :: (4)->  setpower
[2017-09-29 15:43:51] :: (6)->  setpower
[2017-09-29 15:43:51] :: (5)->  setpower msb 1
[2017-09-29 15:43:52] :: (4)->  setpower
[2017-09-29 15:43:53] :: (6)->  setpower
[2017-09-29 15:43:53] :: (6)->  setpower msb 0
[2017-09-29 15:43:54] :: (4)->  setpower
[2017-09-29 15:43:54] :: (5)->  setpower
[2017-09-29 15:43:54] :: (5)->  setpower msb 1
[2017-09-29 15:43:55] :: (4)->  setpower
[2017-09-29 15:43:56] :: (5)->  setpower
[2017-09-29 15:43:56] :: (6)->  setpower msb 0
[2017-09-29 15:43:57] :: (4)->  setpower
[2017-09-29 15:43:57] :: (5)->  setpower
[2017-09-29 15:43:57] :: (6)->  setpower msb 1
[2017-09-29 15:43:58] :: (4)->  setpower
[2017-09-29 15:43:59] :: (6)->  setpower
[2017-09-29 15:43:59] :: (6)->  setpower msb 0
[2017-09-29 15:44:00] :: (4)->  setpower
[2017-09-29 15:44:01] :: (5)->  setpower
[2017-09-29 15:44:01] :: (5)->  setpower msb 1
[2017-09-29 15:44:01] :: (4)->  setpower
[2017-09-29 15:44:02] :: (5)->  setpower
[2017-09-29 15:44:02] :: (5)->  setpower msb 0
[2017-09-29 15:44:03] :: (4)->  setpower
[2017-09-29 15:44:04] :: (5)->  setpower
[2017-09-29 15:44:04] :: (5)->  setpower msb 1
[2017-09-29 15:44:04] :: (4)->  setpower
[2017-09-29 15:44:05] :: (5)->  setpower
[2017-09-29 15:44:05] :: (5)->  setpower msb 0
[2017-09-29 15:44:06] :: (4)->  setpower
[2017-09-29 15:44:07] :: (5)->  setpower
[2017-09-29 15:44:07] :: (5)->  setpower msb 1
[2017-09-29 15:44:07] :: (4)->  setpower
[2017-09-29 15:44:08] :: (5)->  setpower
[2017-09-29 15:44:08] :: (5)->  setpower msb 0
[2017-09-29 15:44:09] :: (4)->  setpower
[2017-09-29 15:44:10] :: (5)->  setpower
[2017-09-29 15:44:10] :: (5)->  setpower msb 1
[2017-09-29 15:44:10] :: (4)->  setpower
[2017-09-29 15:44:11] :: (5)->  setpower
[2017-09-29 15:44:11] :: (5)->  setpower msb 0
[2017-09-29 15:44:12] :: (4)->  setpower
[2017-09-29 15:44:13] :: (5)->  setpower
[2017-09-29 15:44:13] :: (5)->  setpower msb 1
[2017-09-29 15:44:13] :: (4)->  setpower
[2017-09-29 15:44:14] :: (5)->  setpower
[2017-09-29 15:44:14] :: (6)->  setpower msb 0
[2017-09-29 15:44:15] :: (4)->  setpower
[2017-09-29 15:44:16] :: (5)->  setpower
[2017-09-29 15:44:16] :: (5)->  setpower msb 1
[2017-09-29 15:44:16] :: (4)->  setpower
[2017-09-29 15:44:17] :: (6)->  setpower
[2017-09-29 15:44:17] :: (5)->  setpower msb 0
[2017-09-29 15:44:18] :: (4)->  setpower
[2017-09-29 15:44:19] :: (5)->  setpower
[2017-09-29 15:44:19] :: (5)->  setpower msb 1
[2017-09-29 15:44:19] :: (4)->  setpower
[2017-09-29 15:44:20] :: (6)->  setpower
[2017-09-29 15:44:20] :: (5)->  setpower msb 0
[2017-09-29 15:44:21] :: (4)->  setpower
[2017-09-29 15:44:22] :: (5)->  setpower
[2017-09-29 15:44:22] :: (5)->  setpower msb 1
[2017-09-29 15:44:22] :: (4)->  setpower
[2017-09-29 15:44:23] :: (6)->  setpower
[2017-09-29 15:44:23] :: (5)->  setpower msb 0
[2017-09-29 15:44:24] :: (4)->  setpower
[2017-09-29 15:44:25] :: (5)->  setpower
[2017-09-29 15:44:25] :: (5)->  setpower msb 1
[2017-09-29 15:44:25] :: (4)->  setpower
[2017-09-29 15:44:26] :: (5)->  setpower
[2017-09-29 15:44:26] :: (5)->  setpower msb 0
[2017-09-29 15:44:27] :: (4)->  setpower
[2017-09-29 15:44:28] :: (6)->  setpower
[2017-09-29 15:44:28] :: (6)->  setpower msb 1
[2017-09-29 15:44:28] :: (4)->  setpower
[2017-09-29 15:44:29] :: (5)->  setpower
[2017-09-29 15:44:29] :: (5)->  setpower msb 0
[2017-09-29 15:44:30] :: (4)->  setpower
[2017-09-29 15:44:31] :: (5)->  setpower
[2017-09-29 15:44:31] :: (5)->  setpower msb 1
[2017-09-29 15:44:32] :: (4)->  setpower
[2017-09-29 15:44:32] :: (5)->  setpower
[2017-09-29 15:44:32] :: (5)->  setpower msb 0
[2017-09-29 15:44:33] :: (4)->  setpower
[2017-09-29 15:44:34] :: (6)->  setpower
[2017-09-29 15:44:34] :: (5)->  setpower msb 1
[2017-09-29 15:44:35] :: (4)->  setpower
[2017-09-29 15:44:35] :: (5)->  setpower
[2017-09-29 15:44:35] :: (5)->  setpower msb 0
[2017-09-29 15:44:36] :: (4)->  setpower
[2017-09-29 15:44:37] :: (5)->  setpower
[2017-09-29 15:44:37] :: (5)->  setpower msb 1
[2017-09-29 15:44:38] :: (4)->  setpower
[2017-09-29 15:44:38] :: (5)->  setpower
[2017-09-29 15:44:38] :: (5)->  setpower msb 0
[2017-09-29 15:44:39] :: (4)->  setpower
[2017-09-29 15:44:40] :: (5)->  setpower
[2017-09-29 15:44:40] :: (5)->  setpower msb 1
[2017-09-29 15:44:41] :: (4)->  setpower
[2017-09-29 15:44:41] :: (5)->  setpower
[2017-09-29 15:44:41] :: (5)->  setpower msb 0
[2017-09-29 15:44:42] :: (4)->  setpower
[2017-09-29 15:44:43] :: (5)->  setpower
[2017-09-29 15:44:43] :: (5)->  setpower msb 1
[2017-09-29 15:44:44] :: (4)->  setpower
[2017-09-29 15:44:44] :: (5)->  setpower
[2017-09-29 15:44:44] :: (5)->  setpower msb 0
[2017-09-29 15:44:45] :: (4)->  setpower
[2017-09-29 15:44:46] :: (5)->  setpower
[2017-09-29 15:44:46] :: (5)->  setpower msb 1
[2017-09-29 15:44:47] :: (4)->  setpower
[2017-09-29 15:44:47] :: (5)->  setpower
[2017-09-29 15:44:47] :: (5)->  setpower msb 0
[2017-09-29 15:44:48] :: (4)->  setpower
[2017-09-29 15:44:49] :: (5)->  setpower
[2017-09-29 15:44:49] :: (5)->  setpower msb 1
[2017-09-29 15:44:50] :: (4)->  setpower
[2017-09-29 15:44:51] :: (5)->  setpower
[2017-09-29 15:44:51] :: (5)->  setpower msb 0
[2017-09-29 15:44:51] :: (4)->  setpower
[2017-09-29 15:44:52] :: (5)->  setpower
[2017-09-29 15:44:52] :: (5)->  setpower msb 1
[2017-09-29 15:44:53] :: (4)->  setpower
[2017-09-29 15:44:54] :: (5)->  setpower
[2017-09-29 15:44:54] :: (5)->  setpower msb 0
[2017-09-29 15:44:54] :: (4)->  setpower
[2017-09-29 15:44:55] :: (6)->  setpower
[2017-09-29 15:44:55] :: (6)->  setpower msb 1
[2017-09-29 15:44:56] :: (4)->  setpower
[2017-09-29 15:44:57] :: (5)->  setpower
[2017-09-29 15:44:57] :: (5)->  setpower msb 0
[2017-09-29 15:44:57] :: (4)->  setpower
[2017-09-29 15:44:58] :: (5)->  setpower
[2017-09-29 15:44:58] :: (5)->  setpower msb 1
[2017-09-29 15:44:59] :: (4)->  setpower
[2017-09-29 15:45:00] :: (5)->  setpower
[2017-09-29 15:45:00] :: (5)->  setpower msb 0
[2017-09-29 15:45:00] :: (4)->  setpower
[2017-09-29 15:45:01] :: (5)->  setpower
[2017-09-29 15:45:01] :: (6)->  setpower msb 1
[2017-09-29 15:45:02] :: (4)->  setpower
[2017-09-29 15:45:03] :: (5)->  setpower
[2017-09-29 15:45:03] :: (5)->  setpower msb 0
[2017-09-29 15:45:03] :: (4)->  setpower
[2017-09-29 15:45:04] :: (5)->  setpower
[2017-09-29 15:45:04] :: (5)->  setpower msb 1
[2017-09-29 15:45:05] :: (4)->  setpower
[2017-09-29 15:45:06] :: (5)->  setpower
[2017-09-29 15:45:06] :: (5)->  setpower msb 0
[2017-09-29 15:45:06] :: (4)->  setpower
[2017-09-29 15:45:07] :: (5)->  setpower
[2017-09-29 15:45:07] :: (5)->  setpower msb 1
[2017-09-29 15:45:08] :: (4)->  setpower
[2017-09-29 15:45:09] :: (5)->  setpower
[2017-09-29 15:45:09] :: (5)->  setpower msb 0
[2017-09-29 15:45:09] :: (4)->  setpower
[2017-09-29 15:45:10] :: (5)->  setpower
[2017-09-29 15:45:10] :: (5)->  setpower msb 1
[2017-09-29 15:45:11] :: (4)->  setpower
[2017-09-29 15:45:12] :: (6)->  setpower
[2017-09-29 15:45:12] :: (5)->  setpower msb 0
[2017-09-29 15:45:12] :: (4)->  setpower
[2017-09-29 15:45:13] :: (5)->  setpower
[2017-09-29 15:45:13] :: (5)->  setpower msb 1
[2017-09-29 15:45:14] :: (4)->  setpower
[2017-09-29 15:45:15] :: (5)->  setpower
[2017-09-29 15:45:15] :: (5)->  setpower msb 0
[2017-09-29 15:45:15] :: (4)->  setpower
[2017-09-29 15:45:16] :: (5)->  setpower
[2017-09-29 15:45:16] :: (5)->  setpower msb 1
[2017-09-29 15:45:17] :: (4)->  setpower
[2017-09-29 15:45:18] :: (5)->  setpower
[2017-09-29 15:45:18] :: (5)->  setpower msb 0
[2017-09-29 15:45:19] :: (4)->  setpower
[2017-09-29 15:45:19] :: (5)->  setpower
[2017-09-29 15:45:19] :: (5)->  setpower msb 1
[2017-09-29 15:45:20] :: (4)->  setpower
[2017-09-29 15:45:21] :: (5)->  setpower
[2017-09-29 15:45:21] :: (5)->  setpower msb 0
[2017-09-29 15:45:22] :: (4)->  setpower
[2017-09-29 15:45:22] :: (5)->  setpower
[2017-09-29 15:45:22] :: (5)->  setpower msb 1
[2017-09-29 15:45:23] :: (4)->  setpower
[2017-09-29 15:45:24] :: (6)->  setpower
[2017-09-29 15:45:24] :: (5)->  setpower msb 0
[2017-09-29 15:45:25] :: (4)->  setpower
[2017-09-29 15:45:25] :: (5)->  setpower
[2017-09-29 15:45:25] :: (5)->  setpower msb 1
[2017-09-29 15:45:26] :: (4)->  setpower
[2017-09-29 15:45:27] :: (5)->  setpower
[2017-09-29 15:45:27] :: (6)->  setpower msb 0
[2017-09-29 15:45:28] :: (4)->  setpower
[2017-09-29 15:45:28] :: (5)->  setpower
[2017-09-29 15:45:28] :: (5)->  setpower msb 1
[2017-09-29 15:45:29] :: (4)->  setpower
[2017-09-29 15:45:30] :: (5)->  setpower
[2017-09-29 15:45:30] :: (5)->  setpower msb 0
[2017-09-29 15:45:31] :: (4)->  setpower
[2017-09-29 15:45:31] :: (5)->  setpower
[2017-09-29 15:45:31] :: (5)->  setpower msb 1
[2017-09-29 15:45:32] :: (4)->  setpower
[2017-09-29 15:45:33] :: (5)->  setpower
[2017-09-29 15:45:33] :: (5)->  setpower msb 0
[2017-09-29 15:45:34] :: (4)->  setpower
[2017-09-29 15:45:34] :: (5)->  setpower
[2017-09-29 15:45:34] :: (5)->  setpower msb 1
[2017-09-29 15:45:35] :: (4)->  setpower
[2017-09-29 15:45:36] :: (5)->  setpower
[2017-09-29 15:45:36] :: (5)->  setpower msb 0
[2017-09-29 15:45:37] :: (4)->  setpower
[2017-09-29 15:45:38] :: (5)->  setpower
[2017-09-29 15:45:38] :: (5)->  setpower msb 1
[2017-09-29 15:45:38] :: (4)->  setpower
[2017-09-29 15:45:39] :: (5)->  setpower
[2017-09-29 15:45:39] :: (5)->  setpower msb 0
[2017-09-29 15:45:40] :: (4)->  setpower
[2017-09-29 15:45:41] :: (5)->  setpower
[2017-09-29 15:45:41] :: (5)->  setpower msb 1
[2017-09-29 15:45:41] :: (4)->  setpower
[2017-09-29 15:45:42] :: (5)->  setpower
[2017-09-29 15:45:42] :: (5)->  setpower msb 0
[2017-09-29 15:45:43] :: (4)->  setpower
[2017-09-29 15:45:44] :: (5)->  setpower
[2017-09-29 15:45:44] :: (5)->  setpower msb 1
[2017-09-29 15:45:44] :: (4)->  setpower
[2017-09-29 15:45:45] :: (5)->  setpower
[2017-09-29 15:45:45] :: (5)->  setpower msb 0
[2017-09-29 15:45:46] :: (4)->  setpower
[2017-09-29 15:45:47] :: (5)->  setpower
[2017-09-29 15:45:47] :: (5)->  setpower msb 1
[2017-09-29 15:45:53] :: (4)->  setpower
[2017-09-29 15:45:53] :: (4)->  setpower msb 0
[2017-09-29 15:51:51] :: (4)->  setpower
[2017-09-29 15:51:51] :: (4)->  setpower usevco 0
[2017-09-29 15:55:29] :: (4)->  setpower
[2017-09-29 15:55:31] :: (4)->  setpower syn 1
[2017-09-29 15:55:36] :: (4)->  initsynth 1
[2017-09-29 15:55:38] :: (4)->  initsynth
[2017-09-29 15:55:43] :: (4)->  setpower
[2017-09-29 15:55:46] :: (4)->  setpower usevco 1
[2017-09-29 15:55:48] :: (4)->  setpower
[2017-09-29 15:55:51] :: (4)->  setpower pa2 1
[2017-09-29 15:56:01] :: (6)->  setpower
[2017-09-29 15:56:01] :: (6)->  setpower pa2 0
[2017-09-29 15:56:16] :: (4)->  setpower syn 0
[2017-09-29 15:56:59] :: (4)->  setpower syn 1
[2017-09-29 15:57:05] :: (5)->  setpower
[2017-09-29 15:57:05] :: (5)->  setpower vco55 0
[2017-09-29 15:57:23] :: (5)->  setpower
[2017-09-29 15:57:23] :: (5)->  setpower vco55 1
[2017-09-29 15:57:26] :: (6)->  setpower
[2017-09-29 15:57:26] :: (5)->  setpower vco15 0
[2017-09-29 15:57:33] :: (5)->  setpower
[2017-09-29 15:57:33] :: (5)->  setpower vco55 0
[2017-09-29 15:58:03] :: (4)->  setpower syn 1
[2017-09-29 15:58:11] :: (5)->  setpower
[2017-09-29 15:58:11] :: (6)->  setpower pa2 1
[2017-09-29 15:58:22] :: (4)->  initsynth
[2017-09-29 15:58:28] :: (5)->  setpower
[2017-09-29 15:58:28] :: (5)->  setpower usevco 0
[2017-09-29 15:58:39] :: (4)->  q
[2017-09-29 15:59:21] :: (4)->  setpower
[2017-09-29 15:59:21] :: (4)->  setpower pa2 0
[2017-09-29 15:59:28] :: (4)->  setpower
[2017-09-29 15:59:28] :: (4)->  setpower usevco 1
[2017-09-29 15:59:51] :: (4)->  setpower
[2017-09-29 15:59:52] :: (5)->  setpower
[2017-09-29 15:59:52] :: (5)->  setpower msb 1
[2017-09-29 15:59:53] :: (4)->  setpower
[2017-09-29 15:59:54] :: (5)->  setpower
[2017-09-29 15:59:54] :: (5)->  setpower msb 0
[2017-09-29 15:59:54] :: (4)->  setpower
[2017-09-29 15:59:55] :: (5)->  setpower
[2017-09-29 15:59:55] :: (5)->  setpower msb 1
[2017-09-29 15:59:56] :: (4)->  setpower
[2017-09-29 15:59:57] :: (5)->  setpower
[2017-09-29 15:59:57] :: (5)->  setpower msb 0
[2017-09-29 15:59:57] :: (4)->  setpower
[2017-09-29 15:59:58] :: (5)->  setpower
[2017-09-29 15:59:58] :: (5)->  setpower msb 1
[2017-09-29 15:59:59] :: (4)->  setpower
[2017-09-29 16:00:00] :: (5)->  setpower
[2017-09-29 16:00:00] :: (5)->  setpower msb 0
[2017-09-29 16:00:00] :: (4)->  setpower
[2017-09-29 16:00:01] :: (5)->  setpower
[2017-09-29 16:00:01] :: (5)->  setpower msb 1
[2017-09-29 16:00:02] :: (4)->  setpower
[2017-09-29 16:00:03] :: (5)->  setpower
[2017-09-29 16:00:03] :: (5)->  setpower msb 0
[2017-09-29 16:00:03] :: (4)->  setpower
[2017-09-29 16:00:04] :: (5)->  setpower
[2017-09-29 16:00:04] :: (5)->  setpower msb 1
[2017-09-29 16:00:05] :: (4)->  setpower
[2017-09-29 16:00:06] :: (6)->  setpower
[2017-09-29 16:00:06] :: (6)->  setpower msb 0
[2017-09-29 16:00:06] :: (4)->  setpower
[2017-09-29 16:00:07] :: (6)->  setpower
[2017-09-29 16:00:07] :: (5)->  setpower msb 1
[2017-09-29 16:00:08] :: (4)->  setpower
[2017-09-29 16:00:09] :: (5)->  setpower
[2017-09-29 16:00:09] :: (5)->  setpower msb 0
[2017-09-29 16:00:09] :: (4)->  setpower
[2017-09-29 16:00:10] :: (5)->  setpower
[2017-09-29 16:00:10] :: (5)->  setpower msb 1
[2017-09-29 16:00:11] :: (4)->  setpower
[2017-09-29 16:00:12] :: (5)->  setpower
[2017-09-29 16:00:12] :: (5)->  setpower msb 0
[2017-09-29 16:00:13] :: (4)->  setpower
[2017-09-29 16:00:13] :: (5)->  setpower
[2017-09-29 16:00:13] :: (5)->  setpower msb 1
[2017-09-29 16:00:14] :: (4)->  setpower
[2017-09-29 16:00:15] :: (5)->  setpower
[2017-09-29 16:00:15] :: (5)->  setpower msb 0
[2017-09-29 16:00:16] :: (4)->  setpower
[2017-09-29 16:00:16] :: (5)->  setpower
[2017-09-29 16:00:16] :: (5)->  setpower msb 1
[2017-09-29 16:00:17] :: (4)->  setpower
[2017-09-29 16:00:18] :: (5)->  setpower
[2017-09-29 16:00:18] :: (6)->  setpower msb 0
[2017-09-29 16:00:19] :: (4)->  setpower
[2017-09-29 16:00:19] :: (5)->  setpower
[2017-09-29 16:00:19] :: (6)->  setpower msb 1
[2017-09-29 16:00:20] :: (4)->  setpower
[2017-09-29 16:00:21] :: (5)->  setpower
[2017-09-29 16:00:21] :: (6)->  setpower msb 0
[2017-09-29 16:00:22] :: (4)->  setpower
[2017-09-29 16:00:22] :: (6)->  setpower
[2017-09-29 16:00:22] :: (5)->  setpower msb 1
[2017-09-29 16:00:23] :: (4)->  setpower
[2017-09-29 16:00:24] :: (5)->  setpower
[2017-09-29 16:00:24] :: (6)->  setpower msb 0
[2017-09-29 16:00:25] :: (4)->  setpower
[2017-09-29 16:00:25] :: (5)->  setpower
[2017-09-29 16:00:25] :: (5)->  setpower msb 1
[2017-09-29 16:00:26] :: (4)->  setpower
[2017-09-29 16:00:27] :: (5)->  setpower
[2017-09-29 16:00:27] :: (5)->  setpower msb 0
[2017-09-29 16:00:28] :: (4)->  setpower
[2017-09-29 16:00:28] :: (6)->  setpower
[2017-09-29 16:00:28] :: (5)->  setpower msb 1
[2017-09-29 16:00:29] :: (4)->  setpower
[2017-09-29 16:00:30] :: (5)->  setpower
[2017-09-29 16:00:30] :: (5)->  setpower msb 0
[2017-09-29 16:00:31] :: (4)->  setpower
[2017-09-29 16:00:31] :: (5)->  setpower
[2017-09-29 16:00:31] :: (5)->  setpower msb 1
[2017-09-29 16:00:32] :: (4)->  setpower
[2017-09-29 16:00:33] :: (5)->  setpower
[2017-09-29 16:00:33] :: (5)->  setpower msb 0
[2017-09-29 16:01:37] :: (4)->  setpower
[2017-09-29 16:12:01] :: (4)->  setpower
[2017-09-29 16:12:01] :: (4)->  setpower usevco 0
[2017-09-29 16:12:07] :: (5)->  setpower
[2017-09-29 16:12:07] :: (4)->  setpower usevco 1
[2017-09-29 16:12:12] :: (4)->  setmode
[2017-09-29 16:12:12] :: (4)->  setmode 1
[2017-09-29 16:12:24] :: (5)->  setmode
[2017-09-29 16:12:24] :: (5)->  settx 1
[2017-09-29 16:12:59] :: (4)->  setpower
[2017-09-29 16:12:59] :: (5)->  setpower vco15 0
[2017-09-29 16:13:06] :: (4)->  setpower
[2017-09-29 16:13:06] :: (4)->  setpower usevco 0
[2017-09-29 16:13:09] :: (4)->  setpower
[2017-09-29 16:13:09] :: (4)->  setpower usevco 1
[2017-09-29 16:13:15] :: (4)->  setpower
[2017-09-29 16:13:15] :: (4)->  setpower vco15 1
[2017-09-29 16:13:21] :: (4)->  setpower
[2017-09-29 16:13:21] :: (4)->  setpower usevco 0
[2017-09-29 16:13:27] :: (4)->  setpower
[2017-09-29 16:13:27] :: (4)->  setpower usevco 1
[2017-09-29 16:13:32] :: (4)->  setpower
[2017-09-29 16:13:32] :: (4)->  setpower vco55 0
[2017-09-29 16:13:36] :: (4)->  setpower
[2017-09-29 16:13:36] :: (4)->  setpower usevco 0
[2017-09-29 16:13:40] :: (4)->  setpower
[2017-09-29 16:13:40] :: (4)->  setpower usevco 1
[2017-09-29 16:13:43] :: (5)->  setpower
[2017-09-29 16:13:43] :: (4)->  setpower usevco 0
[2017-09-29 16:13:45] :: (4)->  setpower
[2017-09-29 16:13:45] :: (4)->  setpower usevco 1
[2017-09-29 16:13:48] :: (4)->  setpower
[2017-09-29 16:13:48] :: (4)->  setpower vco15 0
[2017-09-29 16:13:53] :: (4)->  setpower
[2017-09-29 16:13:54] :: (4)->  setpower usevco 0
[2017-09-29 16:13:56] :: (4)->  setpower
[2017-09-29 16:13:56] :: (4)->  setpower usevco 1
[2017-09-29 16:13:58] :: (4)->  setpower
[2017-09-29 16:13:58] :: (4)->  setpower usevco 0
[2017-09-29 16:14:00] :: (4)->  setpower
[2017-09-29 16:14:00] :: (4)->  setpower usevco 1
[2017-09-29 16:14:02] :: (4)->  setpower
[2017-09-29 16:14:02] :: (4)->  setpower vco55 1
[2017-09-29 16:14:04] :: (5)->  setpower
[2017-09-29 16:14:04] :: (5)->  setpower usevco 0
[2017-09-29 16:14:05] :: (4)->  setpower
[2017-09-29 16:14:05] :: (4)->  setpower usevco 1
[2017-09-29 16:14:07] :: (4)->  setpower
[2017-09-29 16:14:07] :: (4)->  setpower vco15 1
[2017-09-29 16:14:09] :: (4)->  setpower
[2017-09-29 16:14:09] :: (4)->  setpower usevco 0
[2017-09-29 16:14:10] :: (4)->  setpower
[2017-09-29 16:14:10] :: (5)->  setpower usevco 1
[2017-09-29 16:14:12] :: (4)->  setpower
[2017-09-29 16:14:12] :: (4)->  setpower usevco 0
[2017-09-29 16:14:18] :: (4)->  setpower
[2017-09-29 16:14:18] :: (4)->  setpower usevco 1
[2017-09-29 16:14:20] :: (4)->  setpower
[2017-09-29 16:14:20] :: (4)->  setpower vco15 0
[2017-09-29 16:14:21] :: (4)->  setpower
[2017-09-29 16:14:21] :: (5)->  setpower vco55 0
[2017-09-29 16:14:24] :: (5)->  setpower
[2017-09-29 16:14:24] :: (5)->  setpower vco55 1
[2017-09-29 16:14:25] :: (4)->  setpower
[2017-09-29 16:14:25] :: (5)->  setpower vco15 1
[2017-09-29 16:14:39] :: (5)->  setpower
[2017-09-29 16:14:39] :: (4)->  setpower usevco 0
[2017-09-29 16:14:41] :: (5)->  setpower
[2017-09-29 16:14:41] :: (5)->  setpower usevco 1
[2017-09-29 16:15:23] :: (4)->  setpower
[2017-09-29 16:15:24] :: (5)->  setpower
[2017-09-29 16:15:24] :: (5)->  setpower msb 1
[2017-09-29 16:15:25] :: (4)->  setpower
[2017-09-29 16:15:25] :: (5)->  setpower
[2017-09-29 16:15:25] :: (5)->  setpower msb 0
[2017-09-29 16:15:26] :: (4)->  setpower
[2017-09-29 16:15:27] :: (5)->  setpower
[2017-09-29 16:15:27] :: (5)->  setpower msb 1
[2017-09-29 16:15:28] :: (4)->  setpower
[2017-09-29 16:15:28] :: (5)->  setpower
[2017-09-29 16:15:28] :: (5)->  setpower msb 0
[2017-09-29 16:15:29] :: (4)->  setpower
[2017-09-29 16:15:30] :: (5)->  setpower
[2017-09-29 16:15:30] :: (5)->  setpower msb 1
[2017-09-29 16:15:31] :: (4)->  setpower
[2017-09-29 16:15:31] :: (5)->  setpower
[2017-09-29 16:15:31] :: (5)->  setpower msb 0
[2017-09-29 16:15:32] :: (4)->  setpower
[2017-09-29 16:15:33] :: (5)->  setpower
[2017-09-29 16:15:33] :: (5)->  setpower msb 1
[2017-09-29 16:15:34] :: (4)->  setpower
[2017-09-29 16:15:34] :: (5)->  setpower
[2017-09-29 16:15:34] :: (5)->  setpower msb 0
[2017-09-29 16:15:35] :: (4)->  setpower
[2017-09-29 16:15:36] :: (5)->  setpower
[2017-09-29 16:15:36] :: (5)->  setpower msb 1
[2017-09-29 16:15:37] :: (4)->  setpower
[2017-09-29 16:15:37] :: (5)->  setpower
[2017-09-29 16:15:37] :: (5)->  setpower msb 0
[2017-09-29 16:15:38] :: (4)->  setpower
[2017-09-29 16:15:39] :: (5)->  setpower
[2017-09-29 16:15:39] :: (5)->  setpower msb 1
[2017-09-29 16:15:40] :: (4)->  setpower
[2017-09-29 16:15:40] :: (6)->  setpower
[2017-09-29 16:15:41] :: (5)->  setpower msb 0
[2017-09-29 16:15:41] :: (4)->  setpower
[2017-09-29 16:15:42] :: (5)->  setpower
[2017-09-29 16:15:42] :: (5)->  setpower msb 1
[2017-09-29 16:15:43] :: (4)->  setpower
[2017-09-29 16:15:43] :: (5)->  setpower
[2017-09-29 16:15:44] :: (6)->  setpower msb 0
[2017-09-29 16:15:44] :: (4)->  setpower
[2017-09-29 16:15:45] :: (6)->  setpower
[2017-09-29 16:15:45] :: (5)->  setpower msb 1
[2017-09-29 16:15:46] :: (4)->  setpower
[2017-09-29 16:15:47] :: (5)->  setpower
[2017-09-29 16:15:47] :: (5)->  setpower msb 0
[2017-09-29 16:15:47] :: (4)->  setpower
[2017-09-29 16:15:55] :: (4)->  setmode
[2017-09-29 16:15:55] :: (4)->  setmode 1
[2017-09-29 16:15:58] :: (4)->  setmode
[2017-09-29 16:15:58] :: (4)->  settx 1
[2017-09-29 16:26:50] :: (4)->  setpower
[2017-09-29 16:26:50] :: (4)->  setpower usevco 0
[2017-09-29 16:27:04] :: (5)->  setpower
[2017-09-29 16:27:04] :: (4)->  setpower usevco 1
[2017-09-29 18:22:15] :: Server up and running on TCP port 9001!
[2017-09-29 18:22:23] :: Server up and running on TCP port 9001!
[2017-09-29 18:25:59] :: Server up and running on TCP port 9001!
[2017-09-29 18:26:07] :: (5)->  setpower
[2017-09-29 18:26:11] :: (5)->  initsynth
[2017-09-29 18:26:16] :: (5)->  setfreq 8650
[2017-09-29 18:27:03] :: (5)->  q
[2017-09-29 19:36:24] :: (5)->  setpower
[2017-09-29 19:36:24] :: (5)->  setpower vco15 0
[2017-09-29 19:36:59] :: (6)->  setpower
[2017-09-29 20:17:00] :: (6)->  setpower
[2017-09-29 20:17:07] :: (6)->  septower syn 0
[2017-09-29 20:17:09] :: (6)->  setpower syn 0
[2017-09-29 20:17:11] :: (6)->  septower 
[2017-09-29 20:17:13] :: (6)->  setpower syn 
[2017-09-29 20:17:20] :: (6)->  setpower syn 1
[2017-09-29 20:17:21] :: (6)->  setpower
[2017-09-29 20:17:25] :: (6)->  initsynth
[2017-09-29 20:17:29] :: (6)->  setpower pa 1
[2017-09-29 20:17:33] :: (6)->  setpower pas 1
[2017-09-29 20:17:36] :: (6)->  setpower PAs 1
[2017-09-29 20:17:38] :: (6)->  setpower
[2017-09-29 20:22:04] :: (6)->  setpower
[2017-09-29 20:27:38] :: (7)->  setpower
[2017-09-29 20:27:39] :: (7)->  status
[2017-09-29 20:30:25] :: (6)->  setpower PAs 0
[2017-09-29 20:30:50] :: (7)->  q
[2017-09-29 23:32:04] :: (5)->  setpower
[2017-09-29 23:32:04] :: (5)->  setpower vco15 0
[2017-09-29 23:32:37] :: (5)->  setpower
[2017-09-29 23:33:04] :: (7)->  setpower
[2017-09-29 23:33:08] :: (7)->  setpower syn 0
[2017-09-29 23:33:10] :: (7)->  setpower syn 1
[2017-09-29 23:33:17] :: (7)->  setpower
[2017-09-30 00:29:15] :: Server up and running on TCP port 9001!
[2017-09-30 00:29:25] :: (4)->  setfreq 8650
[2017-09-30 00:29:34] :: (4)->  setfreq 8670
[2017-09-30 00:29:45] :: (4)->  initsynth
[2017-09-30 00:30:00] :: (4)->  initsynth
[2017-09-30 00:30:34] :: (7)->  setpower
[2017-09-30 00:30:34] :: (5)->  setpower pa2 0
[2017-09-30 00:30:34] :: (5)->  setpower
[2017-09-30 00:30:34] :: (5)->  setpower pa1 0
[2017-09-30 00:30:35] :: (5)->  setpower
[2017-09-30 00:30:35] :: (5)->  setpower pa3 0
[2017-10-02 16:19:29] :: Server up and running on TCP port 9001!
[2017-10-02 16:19:36] :: (4)->  setpower
[2017-10-02 16:19:38] :: (4)->  status
[2017-10-02 16:19:43] :: (4)->  q
[2017-10-02 16:19:51] :: (4)->  initsynth
[2017-10-02 16:19:54] :: (4)->  setfreq 8650
[2017-10-02 16:20:09] :: (4)->  q
[2017-10-02 16:20:43] :: Server up and running on TCP port 9001!
[2017-10-02 16:20:47] :: (4)->  setfreq 8650
[2017-10-02 16:21:19] :: (4)->  ÿôÿýq
[2017-10-02 16:21:19] :: (4)->  ÿûq
[2017-10-02 16:21:20] :: (4)->  q
[2017-10-02 16:22:09] :: Server up and running on TCP port 9001!
[2017-10-02 16:22:13] :: (4)->  setfreq 8650
[2017-10-02 16:22:18] :: (4)->  setfreq 8650.
[2017-10-02 16:22:24] :: (4)->  q
[2017-10-02 16:31:23] :: Server up and running on TCP port 9001!
[2017-10-02 16:31:28] :: (4)->  setfreq 8650
[2017-10-02 16:31:30] :: (4)->  
[2017-10-02 16:31:31] :: (4)->  q
[2017-10-02 16:34:20] :: Server up and running on TCP port 9001!
[2017-10-02 16:34:24] :: (4)->  setfreq 8650
[2017-10-02 16:34:34] :: (4)->  q
[2017-10-02 16:34:50] :: Server up and running on TCP port 9001!
[2017-10-02 16:34:58] :: (4)->  setfreq 8650
[2017-10-02 16:35:07] :: (4)->  setfreq 8600
[2017-10-02 16:35:35] :: (4)->  q
[2017-10-02 16:36:20] :: Server up and running on TCP port 9001!
[2017-10-02 16:36:24] :: (4)->  setfreq 8650
[2017-10-02 16:37:55] :: (4)->  q
[2017-10-02 16:39:38] :: Server up and running on TCP port 9001!
[2017-10-02 16:39:41] :: (4)->  setfreq 8650
[2017-10-02 16:39:47] :: (4)->  setfreq 8650.
[2017-10-02 16:39:51] :: (4)->  q
[2017-10-02 16:42:59] :: Server up and running on TCP port 9001!
[2017-10-02 16:43:04] :: (4)->  setfreq 86550
[2017-10-02 16:43:09] :: (4)->  setfreq 8650
[2017-10-02 16:43:25] :: (4)->  q
[2017-10-02 16:45:00] :: Server up and running on TCP port 9001!
[2017-10-02 16:45:04] :: (4)->  setfreq 8650
[2017-10-02 16:46:48] :: (4)->  q
[2017-10-02 16:49:13] :: Server up and running on TCP port 9001!
[2017-10-02 16:49:15] :: (4)->  setfreq 8650
[2017-10-02 16:49:31] :: (4)->  q
[2017-10-02 16:50:44] :: Server up and running on TCP port 9001!
[2017-10-02 16:50:46] :: (4)->  setfreq
[2017-10-02 16:50:47] :: (4)->  
[2017-10-02 16:50:50] :: (4)->  setfreq 8650
[2017-10-02 16:52:53] :: (4)->  q
[2017-10-02 16:55:05] :: Server up and running on TCP port 9001!
[2017-10-02 16:55:10] :: (4)->  setfreq 8650
[2017-10-02 16:55:16] :: (4)->  q
[2017-10-02 16:57:38] :: Server up and running on TCP port 9001!
[2017-10-02 16:57:42] :: (4)->  setfreq 8650
[2017-10-02 16:57:46] :: (4)->  
[2017-10-02 16:57:48] :: (4)->  q
[2017-10-02 16:57:49] :: (4)->  q
[2017-10-02 16:58:36] :: Server up and running on TCP port 9001!
[2017-10-02 16:58:39] :: (4)->  setfreq 8650
[2017-10-02 16:58:43] :: (4)->  q
[2017-10-02 17:00:55] :: Server up and running on TCP port 9001!
[2017-10-02 17:01:00] :: (4)->  setfreq 8650
[2017-10-02 17:01:09] :: (4)->  q
[2017-10-02 17:01:30] :: Server up and running on TCP port 9001!
[2017-10-02 17:01:34] :: (4)->  setfreq 8650
[2017-10-02 17:02:59] :: (4)->  q
[2017-10-02 17:04:30] :: Server up and running on TCP port 9001!
[2017-10-02 17:04:33] :: (4)->  setfreq 8650
[2017-10-02 17:04:53] :: (4)->  q
[2017-10-02 17:07:34] :: Server up and running on TCP port 9001!
[2017-10-02 17:07:37] :: (4)->  setfreq 8650
[2017-10-02 17:08:48] :: (4)->  setfreq 8650.
[2017-10-02 17:08:54] :: (4)->  setfreq 8650.0001
[2017-10-02 17:08:56] :: (4)->  setfreq 8650.001
[2017-10-02 17:09:05] :: (4)->  setfreq 8650.0001
[2017-10-02 17:09:07] :: (4)->  setfreq 8650.0002
[2017-10-02 17:09:08] :: (4)->  setfreq 8650.0003
[2017-10-02 17:09:08] :: (4)->  setfreq 8650.0003
[2017-10-02 17:09:09] :: (4)->  setfreq 8650.0005
[2017-10-02 17:09:10] :: (4)->  setfreq 8650.0006
[2017-10-02 17:09:10] :: (4)->  setfreq 8650.0006
[2017-10-02 17:09:11] :: (4)->  setfreq 8650.0006
[2017-10-02 17:09:11] :: (4)->  setfreq 8650.0009
[2017-10-02 17:09:33] :: (4)->  setfreq 8649.9999
[2017-10-02 17:09:36] :: (4)->  setfreq 8649.99999
[2017-10-02 17:09:38] :: (4)->  setfreq 8649.999999
[2017-10-02 17:09:39] :: (4)->  setfreq 8649.9999999
[2017-10-02 17:09:45] :: (4)->  setfreq 8650.000000
[2017-10-02 17:09:47] :: (4)->  setfreq 8650.000001
[2017-10-02 17:09:48] :: (4)->  setfreq 8650.00001
[2017-10-02 17:09:49] :: (4)->  setfreq 8650.0001
[2017-10-02 17:09:50] :: (4)->  setfreq 8650.001
[2017-10-02 17:10:01] :: (4)->  q
[2017-10-02 17:11:50] :: Server up and running on TCP port 9001!
[2017-10-02 17:11:59] :: (4)->  setfreq 8650
[2017-10-02 17:12:01] :: (4)->  q
[2017-10-02 18:00:27] :: (4)->  setpower
[2017-10-02 18:00:30] :: (4)->  setpower pa2 1
[2017-10-02 18:00:35] :: (4)->  setfreq 8650
[2017-10-02 18:00:43] :: (4)->  setpower 8670
[2017-10-02 18:00:50] :: (4)->  setfreq 8670
[2017-10-02 18:00:54] :: (4)->  setpower 8640
[2017-10-02 18:00:59] :: (4)->  setfreq
[2017-10-02 18:00:59] :: (4)->  
[2017-10-02 18:01:00] :: (4)->  setpower
[2017-10-02 18:01:06] :: (4)->  setfreq 8640
[2017-10-02 18:01:16] :: (4)->  initsynth
[2017-10-02 18:01:20] :: (4)->  setfreq 8640
[2017-10-02 18:01:26] :: (4)->  setfreq 8650
[2017-10-02 18:07:00] :: (5)->  setpower
[2017-10-02 18:07:00] :: (5)->  setpower pa2 0
[2017-10-02 18:07:12] :: (5)->  setpower
[2017-10-02 18:07:12] :: (5)->  setpower pa2 1
[2017-10-02 18:07:31] :: (5)->  setpower
[2017-10-02 18:07:31] :: (5)->  setpower pa2 0
[2017-10-02 18:07:43] :: (7)->  setpower
[2017-10-02 18:07:43] :: (5)->  setpower pa2 1
[2017-10-02 18:10:38] :: Server up and running on TCP port 9001!
[2017-10-02 18:10:47] :: (4)->  setpower
[2017-10-02 18:10:49] :: (4)->  status
[2017-10-02 18:10:57] :: (4)->  setmode
[2017-10-02 18:10:58] :: (4)->  mode
[2017-10-02 18:11:00] :: (4)->  help
[2017-10-02 18:11:07] :: (4)->  point
[2017-10-02 18:11:11] :: (4)->  point 1
[2017-10-02 18:11:17] :: (4)->  point 2
[2017-10-02 18:11:22] :: (4)->  point 3
[2017-10-02 18:11:25] :: (4)->  point 4
[2017-10-02 18:11:28] :: (4)->  point 5
[2017-10-02 18:11:29] :: (4)->  point 6
[2017-10-02 18:11:31] :: (4)->  point 7
[2017-10-02 18:11:34] :: (4)->  point 7
[2017-10-02 18:11:36] :: (4)->  oint 7
[2017-10-02 18:11:39] :: (4)->  point 8
[2017-10-02 18:11:42] :: (4)->  point 0
[2017-10-02 18:21:15] :: (4)->  q
[2017-10-02 18:23:30] :: (4)->  setpower
[2017-10-02 18:23:30] :: (4)->  setpower pa2 0
[2017-10-02 18:23:34] :: (4)->  setpower
[2017-10-02 18:23:34] :: (4)->  setpower pa2 1
[2017-10-02 18:23:52] :: (5)->  point 2
[2017-10-02 18:24:07] :: (5)->  point 1
[2017-10-02 18:24:15] :: (5)->  point 0
[2017-10-02 18:30:46] :: (5)->  
[2017-10-02 18:31:32] :: (5)->  point 1
[2017-10-02 18:32:23] :: (5)->  point 0
[2017-10-02 18:32:28] :: (5)->  point 2
[2017-10-02 18:34:02] :: (5)->  q
[2017-10-02 18:34:35] :: (4)->  point
[2017-10-02 18:34:43] :: (4)->  point 1
[2017-10-02 18:34:52] :: (4)->  point 0
[2017-10-02 18:38:33] :: (4)->  point
[2017-10-02 18:38:37] :: (5)->  setpower
[2017-10-02 18:38:37] :: (5)->  setpower pa2 0
[2017-10-02 18:38:40] :: (7)->  setpower
[2017-10-02 18:38:40] :: (5)->  setpower pa2 1
[2017-10-02 18:38:43] :: (5)->  setfreq
[2017-10-02 18:38:45] :: (4)->  point
[2017-10-02 18:38:50] :: (4)->  point
[2017-10-02 18:38:54] :: (4)->  point
[2017-10-02 18:41:03] :: (5)->  setpower
[2017-10-02 18:41:03] :: (5)->  setpower pa2 0
[2017-10-02 18:41:10] :: (5)->  setpower
[2017-10-02 18:41:10] :: (5)->  setpower pa2 1
[2017-10-02 18:41:30] :: (7)->  setfreq
[2017-10-02 18:45:37] :: (5)->  setpower
[2017-10-02 18:45:37] :: (5)->  setpower pa2 0
[2017-10-02 18:45:43] :: (7)->  setpower
[2017-10-02 18:45:43] :: (5)->  setpower pa2 1
[2017-10-02 18:45:47] :: (5)->  setfreq
[2017-10-02 18:46:41] :: (4)->  setpower
[2017-10-02 18:49:08] :: (5)->  setpower
[2017-10-02 18:49:08] :: (5)->  setpower pa2 0
[2017-10-02 18:49:15] :: (5)->  setpower
[2017-10-02 18:49:15] :: (5)->  setpower pa2 1
[2017-10-02 18:49:26] :: (5)->  setfreq
[2017-10-02 18:49:31] :: (4)->  point
[2017-10-02 18:49:36] :: (4)->  point
[2017-10-02 18:50:17] :: (4)->  setpower
[2017-10-02 18:50:28] :: (4)->  point
[2017-10-02 18:51:48] :: (5)->  setpower
[2017-10-02 18:51:48] :: (5)->  setpower pa2 0
[2017-10-02 18:51:49] :: (5)->  setpower
[2017-10-02 18:51:49] :: (5)->  setpower pa2 1
[2017-10-02 18:51:54] :: (5)->  setfreq
[2017-10-02 18:52:53] :: (5)->  point
[2017-10-02 18:52:53] :: (5)->  point 1
[2017-10-02 18:53:00] :: (4)->  point
[2017-10-02 18:53:02] :: (5)->  point
[2017-10-02 18:53:02] :: (5)->  point 1
[2017-10-02 18:53:04] :: (4)->  point
[2017-10-02 18:53:06] :: (4)->  point 1
[2017-10-02 18:53:19] :: (5)->  point
[2017-10-02 18:53:20] :: (5)->  point 1
[2017-10-02 18:53:22] :: (7)->  point
[2017-10-02 18:53:22] :: (7)->  point 1
[2017-10-02 18:53:24] :: (7)->  point
[2017-10-02 18:53:24] :: (5)->  point 1
[2017-10-02 18:53:58] :: (4)->  setpower pa 1
[2017-10-02 18:54:01] :: (4)->  [Asetpo
[2017-10-02 18:54:03] :: (4)->  setpower pa1 1
[2017-10-02 18:54:06] :: (4)->  setpower pa1 0
[2017-10-02 18:54:56] :: (5)->  point
[2017-10-02 18:54:56] :: (5)->  point 1
[2017-10-02 18:54:59] :: (7)->  point
[2017-10-02 18:54:59] :: (5)->  point 1
[2017-10-02 18:55:01] :: (8)->  point
[2017-10-02 18:55:01] :: (7)->  point 1
[2017-10-02 18:55:07] :: (4)->  point
[2017-10-02 18:55:10] :: (7)->  point
[2017-10-02 18:55:10] :: (5)->  point 1
[2017-10-02 18:55:11] :: (4)->  point
[2017-10-02 18:55:44] :: (5)->  point
[2017-10-02 18:55:44] :: (5)->  point 1
[2017-10-02 18:55:53] :: (4)->  point 1
[2017-10-02 18:56:10] :: (4)->  point 2
[2017-10-02 18:56:12] :: (4)->  point 3
[2017-10-02 18:56:13] :: (4)->  point 0
[2017-10-02 18:56:16] :: (4)->  point
[2017-10-02 18:56:21] :: (5)->  point
[2017-10-02 18:56:21] :: (5)->  point 1
[2017-10-02 18:56:25] :: (4)->  point
[2017-10-02 18:56:36] :: (5)->  point
[2017-10-02 18:56:36] :: (5)->  point 1
[2017-10-02 18:56:43] :: (5)->  point
[2017-10-02 18:56:44] :: (5)->  point 1
[2017-10-02 18:56:49] :: (7)->  point
[2017-10-02 18:56:49] :: (5)->  point 1
[2017-10-02 18:56:53] :: (4)->  point
[2017-10-02 18:56:55] :: (4)->  point
[2017-10-02 18:56:56] :: (4)->  point
[2017-10-02 18:56:59] :: (4)->  point 2
[2017-10-02 18:57:00] :: (4)->  point
[2017-10-02 18:57:03] :: (4)->  point
[2017-10-02 18:57:12] :: (4)->  setpoint 2
[2017-10-02 18:57:24] :: (4)->  
[2017-10-02 18:57:25] :: (4)->  q
[2017-10-02 19:04:02] :: Server up and running on TCP port 9001!
[2017-10-02 19:04:12] :: (4)->  status
[2017-10-02 19:04:15] :: (4)->  point
[2017-10-02 19:04:16] :: (4)->  point
[2017-10-02 19:04:17] :: (4)->  point 1
[2017-10-02 19:04:18] :: (4)->  point
[2017-10-02 19:04:20] :: (4)->  point 1
[2017-10-02 19:04:21] :: (4)->  point
[2017-10-02 19:05:24] :: Server up and running on TCP port 9001!
[2017-10-02 19:05:27] :: (4)->  point
[2017-10-02 19:05:27] :: (4)->  point 1
[2017-10-02 19:05:28] :: (4)->  point
[2017-10-02 19:05:31] :: (4)->  point 0
[2017-10-02 19:05:32] :: (4)->  point
[2017-10-02 19:05:53] :: (4)->  point
[2017-10-02 19:05:54] :: (4)->  point
[2017-10-02 19:07:15] :: (5)->  point
[2017-10-02 19:07:15] :: (5)->  point 1
[2017-10-02 19:07:22] :: (5)->  point
[2017-10-02 19:07:22] :: (5)->  point 2
[2017-10-02 19:07:26] :: (5)->  point
[2017-10-02 19:07:26] :: (5)->  point 3
[2017-10-02 19:07:30] :: (5)->  point
[2017-10-02 19:07:30] :: (5)->  point 1
[2017-10-02 19:07:36] :: (5)->  point
[2017-10-02 19:07:36] :: (5)->  point 2
[2017-10-02 19:07:43] :: (5)->  point
[2017-10-02 19:07:43] :: (5)->  point 3
[2017-10-02 19:38:12] :: Server up and running on TCP port 9001!
[2017-10-02 19:38:17] :: (4)->  setfreq
[2017-10-02 19:38:24] :: (4)->  setfreq 8650
[2017-10-02 19:38:25] :: (4)->  setfreq
[2017-10-02 19:38:29] :: (4)->  
[2017-10-02 19:38:30] :: (4)->  q
[2017-10-02 19:40:55] :: Can't bind local address.
[2017-10-02 19:41:00] :: Server up and running on TCP port 9001!
[2017-10-02 19:41:04] :: (4)->  setfreq
[2017-10-02 19:41:14] :: (4)->  setfreq 8670
[2017-10-02 19:41:18] :: (4)->  setfreq
[2017-10-02 19:41:33] :: (4)->  q
[2017-10-02 19:43:14] :: Can't bind local address.
[2017-10-02 19:43:19] :: Server up and running on TCP port 9001!
[2017-10-02 19:43:22] :: (4)->  setfreq
[2017-10-02 19:43:26] :: (4)->  setfreq 8670
[2017-10-02 19:43:30] :: (4)->  setfreq
[2017-10-02 19:43:43] :: (4)->  setfreq 8650.01
[2017-10-02 19:44:40] :: (4)->  q
[2017-10-02 19:49:30] :: (5)->  q
[2017-10-02 19:56:40] :: (4)->  setfreq
[2017-10-02 19:56:45] :: (5)->  setfreq
[2017-10-02 19:56:45] :: (5)->  setfreq
[2017-10-02 19:56:45] :: (7)->  setfreq -10.000000
[2017-10-02 19:56:45] :: (5)->  setfreq -10.000000
[2017-10-02 19:56:49] :: (4)->  setfreq
[2017-10-02 19:56:53] :: (5)->  setfreq
[2017-10-02 19:56:53] :: (5)->  setfreq -10.000000
[2017-10-02 19:56:55] :: (4)->  setfreq
[2017-10-02 19:57:12] :: (4)->  setfreq 8650
[2017-10-02 20:00:12] :: Server up and running on TCP port 9001!
[2017-10-02 20:00:15] :: (4)->  status
[2017-10-02 20:00:19] :: (4)->  status
[2017-10-02 20:01:37] :: Server up and running on TCP port 9001!
[2017-10-02 20:01:40] :: (4)->  status
[2017-10-02 20:01:46] :: (4)->  setfreq 8651.123
[2017-10-02 20:01:48] :: (4)->  sttus
[2017-10-02 20:01:49] :: (4)->  status
[2017-10-02 20:02:06] :: (4)->  setfreq 8652.124
[2017-10-02 20:04:22] :: (4)->  setfreq
[2017-10-02 20:05:12] :: (7)->  setfreq
[2017-10-02 20:05:12] :: (5)->  setfreq 8662.000000
[2017-10-02 20:05:18] :: (5)->  setfreq
[2017-10-02 20:05:18] :: (5)->  setfreq 8672.000000
[2017-10-02 20:05:22] :: (5)->  setpower
[2017-10-02 20:06:31] :: (4)->  ÿôÿýq
[2017-10-02 20:06:31] :: (4)->  q
[2017-10-02 20:08:06] :: (5)->  setatu
[2017-10-02 20:08:07] :: (5)->  status
[2017-10-02 20:08:09] :: (5)->  setpower
[2017-10-02 20:10:38] :: (4)->  point
[2017-10-02 20:10:38] :: (4)->  point 1
[2017-10-02 20:10:46] :: (4)->  point
[2017-10-02 20:10:46] :: (4)->  point 2
[2017-10-02 20:10:58] :: (4)->  point
[2017-10-02 20:10:58] :: (4)->  point 0
[2017-10-02 20:11:06] :: (7)->  setfreq
[2017-10-02 20:11:06] :: (4)->  setfreq 8677.000000
[2017-10-02 20:11:12] :: (7)->  setfreq
[2017-10-02 20:11:12] :: (4)->  setfreq 8682.000000
[2017-10-02 20:11:14] :: (4)->  setfreq
[2017-10-02 20:11:14] :: (4)->  setfreq 8687.000000
[2017-10-02 20:11:15] :: (7)->  setfreq
[2017-10-02 20:11:15] :: (4)->  setfreq 8692.000000
[2017-10-02 20:11:25] :: (5)->  setfreq 8650
[2017-10-02 20:34:04] :: (4)->  
[2017-10-02 20:34:05] :: (4)->  q
[2017-10-02 20:43:10] :: (4)->  setpower
[2017-10-02 20:43:10] :: (4)->  setpower pa2 0
[2017-10-02 20:43:14] :: (7)->  setpower
[2017-10-02 20:43:14] :: (4)->  setpower pa2 1
[2017-10-02 20:43:17] :: (4)->  setfreq
[2017-10-02 20:43:17] :: (4)->  setfreq 8655.000000
[2017-10-02 20:43:21] :: (4)->  setfreq
[2017-10-02 20:43:21] :: (4)->  setfreq 8650.000000
[2017-10-02 20:43:22] :: (4)->  setfreq
[2017-10-02 20:43:22] :: (4)->  setfreq 8645.000000
[2017-10-02 20:43:23] :: (4)->  setfreq
[2017-10-02 20:43:23] :: (4)->  setfreq 8640.000000
[2017-10-02 20:43:25] :: (4)->  point
[2017-10-02 20:43:25] :: (4)->  point 1
[2017-10-02 20:43:32] :: (4)->  point
[2017-10-02 20:43:32] :: (4)->  point 2
[2017-10-02 20:43:37] :: (4)->  point
[2017-10-02 20:43:37] :: (4)->  point 0
[2017-10-02 20:43:47] :: (4)->  setfreq
[2017-10-02 20:43:47] :: (4)->  setfreq 8635.000000
[2017-10-02 20:43:48] :: (4)->  setfreq
[2017-10-02 20:43:48] :: (4)->  setfreq 8630.000000
[2017-10-02 20:43:49] :: (7)->  setfreq
[2017-10-02 20:43:49] :: (7)->  setfreq 8625.000000
[2017-10-02 20:43:49] :: (4)->  setfreq
[2017-10-02 20:43:49] :: (4)->  setfreq 8620.000000
[2017-10-02 20:43:52] :: (4)->  setfreq
[2017-10-02 20:43:52] :: (4)->  setfreq 8625.000000
[2017-10-02 21:31:23] :: (4)->  setfreq
[2017-10-02 21:31:23] :: (4)->  setfreq 8630.000000
[2017-10-02 21:31:26] :: (4)->  setfreq
[2017-10-02 21:31:26] :: (4)->  setfreq 8635.000000
[2017-10-02 21:31:27] :: (4)->  setfreq
[2017-10-02 21:31:27] :: (4)->  setfreq 8640.000000
[2017-10-02 21:31:28] :: (4)->  setfreq
[2017-10-02 21:31:28] :: (4)->  setfreq 8645.000000
[2017-10-02 21:31:32] :: (4)->  setfreq
[2017-10-02 21:31:32] :: (4)->  setfreq 8650.000000
[2017-10-02 21:31:38] :: (4)->  setpower
[2017-10-02 21:31:38] :: (4)->  setpower vco55 0
[2017-10-02 21:31:59] :: (5)->  setpower
[2017-10-02 21:32:03] :: (5)->  setpower vco55 1
[2017-10-02 21:32:07] :: (5)->  initsynth
[2017-10-02 21:32:12] :: (4)->  setpower
[2017-10-02 21:32:12] :: (4)->  setpower pa2 0
[2017-10-02 21:32:14] :: (4)->  setpower
[2017-10-02 21:32:14] :: (4)->  setpower pa2 1
[2017-10-02 21:32:39] :: (5)->  q
[2017-10-02 22:51:24] :: Server up and running on TCP port 9001!
[2017-10-02 22:51:28] :: (4)->  setpower
[2017-10-02 22:51:32] :: (4)->  setpower ant 0
[2017-10-02 22:51:41] :: (4)->  setpower ant 1
[2017-10-02 22:51:42] :: (4)->  setpower ant 0
[2017-10-02 22:51:45] :: (4)->  q
[2017-10-02 22:52:36] :: Server up and running on TCP port 9001!
[2017-10-02 22:52:39] :: (4)->  setpower
[2017-10-02 22:52:41] :: (4)->  setpower ant 0
[2017-10-02 22:53:24] :: (4)->  q
[2017-10-02 22:55:01] :: (4)->  -e setpower ant 1
[2017-10-02 22:55:01] :: (4)->  
[2017-10-02 22:55:35] :: Server up and running on TCP port 9001!
[2017-10-02 22:55:37] :: (4)->  setpowet
[2017-10-02 22:55:39] :: (4)->  sset
[2017-10-02 22:55:40] :: (4)->  setpower
[2017-10-02 22:55:43] :: (4)->  setpower ant 0
[2017-10-02 22:55:44] :: (4)->  setpower
[2017-10-02 22:55:47] :: (4)->  setpower ant 0
[2017-10-02 22:55:48] :: (4)->  setpower
[2017-10-02 22:55:54] :: (4)->  setpower ant 2
[2017-10-02 22:55:56] :: (4)->  setpower ant 0
[2017-10-02 22:56:01] :: (4)->  setpower ant 3
[2017-10-02 22:56:03] :: (4)->  setpower ant 0
[2017-10-02 22:56:08] :: (4)->  setpower ant 4
[2017-10-02 22:56:10] :: (4)->  setpower ant 0
[2017-10-02 22:56:16] :: (4)->  setpower ant 1
[2017-10-02 22:56:17] :: (4)->  setpower
[2017-10-02 22:56:19] :: (4)->  q
[2017-10-02 22:57:59] :: Server up and running on TCP port 9001!
[2017-10-02 22:58:04] :: (4)->  setp[ower
[2017-10-02 22:58:05] :: (4)->  setpowert
[2017-10-02 22:58:06] :: (4)->  setpower
[2017-10-02 22:58:08] :: (4)->  setpower ant
[2017-10-02 22:58:13] :: (4)->  setpower ant 5
[2017-10-02 22:58:22] :: (4)->  setpower ant 5
[2017-10-02 22:58:26] :: (4)->  q
[2017-10-02 23:00:01] :: (4)->  -e setpower ant 1
[2017-10-02 23:00:01] :: (4)->  
[2017-10-02 23:05:01] :: (4)->  -e setpower ant 1
[2017-10-02 23:05:01] :: (4)->  
[2017-10-02 23:05:14] :: Server up and running on TCP port 9001!
[2017-10-02 23:05:17] :: (4)->  setpower
[2017-10-02 23:05:19] :: (4)->  setpower 5
[2017-10-02 23:05:24] :: (4)->  setpower ant 5
[2017-10-02 23:05:27] :: (4)->  setpower ant 5
[2017-10-02 23:05:31] :: (4)->  setpower ant 5
[2017-10-02 23:05:33] :: (4)->  setpower ant 5
[2017-10-02 23:05:35] :: (4)->  setpower ant 5
[2017-10-02 23:05:36] :: (4)->  setpower ant 5
[2017-10-02 23:05:38] :: (4)->  setpower
[2017-10-02 23:05:42] :: (4)->  setpower ant 5
[2017-10-02 23:05:44] :: (4)->  setpower
[2017-10-02 23:05:51] :: (4)->  setpower ant 5
[2017-10-02 23:05:53] :: (4)->  setpower
[2017-10-02 23:05:57] :: (4)->  setpower ant 5
[2017-10-02 23:05:59] :: (4)->  setpower
[2017-10-02 23:06:04] :: (4)->  q
[2017-10-02 23:10:01] :: (4)->  -e setpower ant 5
[2017-10-02 23:10:01] :: (4)->  
[2017-10-02 23:15:01] :: (4)->  -e setpower ant 5
[2017-10-02 23:15:01] :: (4)->  
[2017-10-02 23:20:01] :: (4)->  -e setpower ant 5
[2017-10-02 23:20:01] :: (4)->  
[2017-10-02 23:25:01] :: (4)->  -e setpower ant 5
[2017-10-02 23:25:01] :: (4)->  
[2017-10-02 23:30:02] :: (4)->  -e setpower ant 5
[2017-10-02 23:30:02] :: (4)->  
[2017-10-02 23:35:01] :: (4)->  -e setpower ant 5
[2017-10-02 23:35:01] :: (4)->  
[2017-10-02 23:40:01] :: (4)->  -e setpower ant 5
[2017-10-02 23:40:01] :: (4)->  
[2017-10-02 23:45:01] :: (4)->  -e setpower ant 5
[2017-10-02 23:45:01] :: (4)->  
[2017-10-02 23:46:05] :: (4)->  setpower
[2017-10-02 23:46:13] :: (4)->  q
[2017-10-02 23:47:08] :: (4)->  setpower ant 5
[2017-10-02 23:47:08] :: (4)->  
[2017-10-02 23:47:18] :: (4)->  estpower
[2017-10-02 23:47:20] :: (4)->  setpower
[2017-10-02 23:47:22] :: (4)->  q
[2017-10-02 23:47:24] :: (4)->  setpower ant 5
[2017-10-02 23:47:24] :: (4)->  
[2017-10-02 23:47:28] :: (4)->  setpower
[2017-10-02 23:47:30] :: (4)->  setpower
[2017-10-02 23:47:31] :: (4)->  qq
[2017-10-02 23:47:32] :: (4)->  q
[2017-10-02 23:47:33] :: (4)->  setpower ant 5
[2017-10-02 23:47:33] :: (4)->  
[2017-10-02 23:47:38] :: (4)->  setpower
[2017-10-02 23:47:39] :: (4)->  q
[2017-10-02 23:47:53] :: Server up and running on TCP port 9001!
[2017-10-02 23:50:01] :: (4)->  setpower ant 5
[2017-10-02 23:50:01] :: (4)->  
[2017-10-02 23:55:01] :: (4)->  setpower ant 5
[2017-10-02 23:55:01] :: (4)->  
[2017-10-03 00:00:01] :: (4)->  setpower ant 5
[2017-10-03 00:00:01] :: (4)->  
[2017-10-03 00:05:01] :: (4)->  setpower ant 5
[2017-10-03 00:05:01] :: (4)->  
[2017-10-03 00:10:01] :: (4)->  setpower ant 5
[2017-10-03 00:10:01] :: (4)->  
[2017-10-03 00:15:01] :: (4)->  setpower ant 5
[2017-10-03 00:15:01] :: (4)->  
[2017-10-03 00:20:01] :: (5)->  setpower ant 5
[2017-10-03 00:20:01] :: (5)->  
[2017-10-03 00:25:01] :: (4)->  setpower ant 5
[2017-10-03 00:25:01] :: (4)->  
[2017-10-03 00:30:01] :: (4)->  setpower ant 5
[2017-10-03 00:30:01] :: (4)->  
[2017-10-03 00:35:01] :: (4)->  setpower ant 5
[2017-10-03 00:35:01] :: (4)->  
[2017-10-03 00:37:28] :: (4)->  setpower ant 1
[2017-10-03 05:45:45] :: Server up and running on TCP port 9001!
[2017-10-03 05:46:26] :: (5)->  ^]
[2017-10-03 05:46:27] :: (5)->  
[2017-10-03 05:46:28] :: (5)->  
[2017-10-03 05:46:34] :: (5)->  '^]'
[2017-10-03 05:46:36] :: (5)->  
[2017-10-03 05:46:47] :: (5)->  ^^}^}6]6]^]
[2017-10-03 05:46:48] :: (5)->  
[2017-10-03 05:46:48] :: (5)->  
[2017-10-03 05:46:50] :: (5)->  ÿôÿý
[2017-10-03 05:46:50] :: (5)->  ÿû
[2017-10-03 05:46:51] :: (5)->  
[2017-10-03 05:46:54] :: (5)->  ÿôÿý
[2017-10-03 05:46:54] :: (5)->  ÿû
[2017-10-03 05:46:54] :: (5)->  
[2017-10-03 05:47:06] :: (5)->  ^].
[2017-10-03 05:47:08] :: (5)->  
[2017-10-03 05:47:08] :: (5)->  
[2017-10-03 05:47:08] :: (5)->  
[2017-10-03 05:52:23] :: Server up and running on TCP port 9001!
[2017-10-03 05:55:42] :: Server up and running on TCP port 9001!
[2017-10-03 06:00:58] :: Server up and running on TCP port 9001!
[2017-10-03 06:02:02] :: Server up and running on TCP port 9001!
[2017-10-03 06:25:04] :: Server up and running on TCP port 9001!
[2017-10-04 23:26:59] :: Server up and running on TCP port 9001!
[2017-10-05 00:04:29] :: Server up and running on TCP port 9001!
[2017-10-05 00:04:32] :: (4)->  status
[2017-10-05 00:04:36] :: (4)->  q
[2017-10-05 00:04:56] :: (4)->  status
[2017-10-05 00:04:57] :: (4)->  q
[2017-10-05 00:05:02] :: Server up and running on TCP port 9001!
[2017-10-05 00:05:05] :: (4)->  sttaus
[2017-10-05 00:05:07] :: (4)->  status
[2017-10-05 00:06:38] :: (4)->  q
[2017-10-05 00:35:44] :: Server up and running on TCP port 9001!
[2017-10-05 00:35:48] :: (4)->  setpower
[2017-10-05 00:35:53] :: (4)->  q
[2017-10-05 00:48:33] :: (4)->  setpower
[2017-10-05 00:48:33] :: (4)->  setpower usevco 1
[2017-10-05 00:48:51] :: (4)->  point
[2017-10-05 00:48:51] :: (4)->  point 1
[2017-10-05 00:49:01] :: (4)->  point
[2017-10-05 00:49:01] :: (4)->  point 2
[2017-10-05 00:49:05] :: (4)->  point
[2017-10-05 00:49:05] :: (4)->  point 0
[2017-10-05 00:51:22] :: (4)->  setpower
[2017-10-05 00:51:22] :: (4)->  setpower pa3 0
[2017-10-05 00:51:44] :: (4)->  setpower
[2017-10-05 00:51:44] :: (4)->  setpower pa3 1
[2017-10-05 00:55:00] :: (4)->  point
[2017-10-05 00:55:00] :: (4)->  point 1
[2017-10-05 00:55:45] :: (4)->  setpower
[2017-10-05 00:55:45] :: (4)->  setpower pa3 0
[2017-10-05 00:56:48] :: (4)->  setpower
[2017-10-05 00:56:48] :: (4)->  setpower usevco 0
[2017-10-05 00:59:02] :: (4)->  initsynth
[2017-10-05 00:59:15] :: (4)->  status
[2017-10-05 00:59:21] :: (4)->  setpower syn 0
[2017-10-05 00:59:24] :: (4)->  setpower syn 1
[2017-10-05 00:59:27] :: (4)->  initsynth
[2017-10-05 00:59:35] :: (4)->  setfreq 8650
[2017-10-05 01:02:35] :: (4)->  q
[2017-10-05 01:03:05] :: (4)->  setpower
[2017-10-05 01:03:05] :: (5)->  setpower usevco 1
[2017-10-05 01:03:10] :: (4)->  setpower
[2017-10-05 01:03:10] :: (5)->  setpower usevco 0
[2017-10-05 01:03:15] :: (4)->  setpower
[2017-10-05 01:03:15] :: (5)->  setpower usevco 1
[2017-10-05 01:03:46] :: (4)->  setpower
[2017-10-05 01:03:46] :: (5)->  setpower usevco 0
[2017-10-05 01:03:54] :: (4)->  setpower
[2017-10-05 01:03:54] :: (5)->  setpower pa3 1
[2017-10-05 01:03:57] :: (4)->  setpower
[2017-10-05 01:03:57] :: (5)->  setpower usevco 1
[2017-10-05 01:04:03] :: (4)->  setpower
[2017-10-05 01:04:03] :: (5)->  setpower pa3 0
[2017-10-05 01:04:51] :: (4)->  setpower
[2017-10-05 01:04:51] :: (5)->  setpower usevco 0
[2017-10-05 01:04:57] :: (4)->  setpower
[2017-10-05 01:04:57] :: (5)->  setpower pa3 1
[2017-10-05 01:05:56] :: (4)->  setfreq
[2017-10-05 01:05:56] :: (5)->  setfreq 8655.000000
[2017-10-05 01:06:01] :: (4)->  setfreq
[2017-10-05 01:06:01] :: (5)->  setfreq 8650.000000
[2017-10-05 01:06:12] :: (4)->  setpower
[2017-10-05 01:06:12] :: (5)->  setpower usevco 1
[2017-10-05 01:06:20] :: (4)->  setpower
[2017-10-05 01:06:20] :: (5)->  setpower usevco 0
[2017-10-05 01:06:28] :: (4)->  setpower
[2017-10-05 01:06:28] :: (5)->  setpower usevco 1
[2017-10-05 01:06:44] :: (5)->  setpower
[2017-10-05 01:06:44] :: (7)->  setpower usevco 0
[2017-10-05 01:06:53] :: (4)->  setpower
[2017-10-05 01:06:53] :: (5)->  setpower usevco 1
[2017-10-05 01:13:24] :: Server up and running on TCP port 9001!
[2017-10-05 01:13:28] :: (4)->  setpower
[2017-10-05 01:13:44] :: (4)->  
[2017-10-05 01:13:44] :: (4)->  
[2017-10-05 01:13:44] :: (4)->  
[2017-10-05 01:13:45] :: (4)->  
[2017-10-05 01:13:46] :: (4)->  setpower
[2017-10-05 01:13:52] :: (4)->  q
[2017-10-05 01:14:47] :: (5)->  setpower
[2017-10-05 01:14:47] :: (5)->  setpower pa3 0
[2017-10-05 01:14:51] :: (4)->  setpower
[2017-10-05 01:14:51] :: (4)->  setpower pa2 0
[2017-10-05 01:14:52] :: (4)->  setpower
[2017-10-05 01:14:52] :: (4)->  setpower pa1 0
[2017-10-05 01:16:31] :: (4)->  setpower
[2017-10-05 01:16:31] :: (4)->  setpower pa1 1
[2017-10-05 01:16:36] :: (4)->  setpower
[2017-10-05 01:16:36] :: (4)->  setpower usevco 0
[2017-10-05 01:16:37] :: (4)->  setpower
[2017-10-05 01:16:37] :: (4)->  setpower usevco 1
[2017-10-05 01:16:45] :: (4)->  setpower
[2017-10-05 01:16:45] :: (4)->  setpower pa1 0
[2017-10-05 01:30:55] :: (4)->  setfreq
[2017-10-05 01:30:55] :: (5)->  setfreq 5.000000
[2017-10-05 01:30:58] :: (4)->  setfreq
[2017-10-05 01:30:58] :: (4)->  setfreq 0.000000
[2017-10-05 01:31:26] :: (4)->  setfreq 8650
[2017-10-05 01:31:32] :: (5)->  setfreq
[2017-10-05 01:31:32] :: (5)->  setfreq 8655.000000
[2017-10-05 01:31:36] :: (5)->  setfreq
[2017-10-05 01:31:36] :: (5)->  setfreq 8650.000000
[2017-10-05 01:34:02] :: (5)->  point
[2017-10-05 01:34:02] :: (5)->  point 1
[2017-10-05 01:34:09] :: (5)->  setpower
[2017-10-05 01:34:09] :: (5)->  setpower pa3 1
[2017-10-05 01:34:11] :: (5)->  setpower
[2017-10-05 01:34:11] :: (7)->  setpower pa1 1
[2017-10-05 01:34:12] :: (5)->  setpower
[2017-10-05 01:34:13] :: (5)->  setpower pa2 1
[2017-10-05 01:39:00] :: (4)->  
[2017-10-05 01:39:01] :: (4)->  
[2017-10-05 01:39:04] :: (4)->  q
[2017-10-05 01:55:42] :: (4)->  setpower
[2017-10-05 01:55:46] :: (4)->  setpower pas 0
[2017-10-05 01:55:49] :: (4)->  setpower PAs 0
[2017-10-05 01:55:50] :: (4)->  setpower
[2017-10-05 01:56:20] :: (4)->  q
[2017-10-05 14:51:24] :: (4)->  setpower
[2017-10-05 15:17:53] :: (4)->  q
[2017-10-05 15:17:58] :: (4)->  readadc
[2017-10-05 15:18:00] :: (4)->  readadc 1
[2017-10-05 15:18:02] :: (4)->  readadc 2
[2017-10-05 15:18:04] :: (4)->  readadc 3
[2017-10-05 15:18:07] :: (4)->  readadc 4
[2017-10-05 15:41:32] :: (5)->  readadc 1
[2017-10-05 15:41:35] :: (5)->  readadc 1
[2017-10-05 15:41:42] :: (5)->  readadc 1
[2017-10-05 15:41:46] :: (5)->  readadc 2
[2017-10-05 15:41:49] :: (5)->  readadc 3
[2017-10-05 15:41:51] :: (5)->  readadc 4
[2017-10-05 15:41:55] :: (5)->  readadc 1
[2017-10-05 15:41:59] :: (5)->  readadc 1
[2017-10-05 15:42:00] :: (5)->  readadc 1
[2017-10-05 15:42:25] :: (5)->  readadc 1
[2017-10-05 15:42:26] :: (5)->  readadc 1
[2017-10-05 15:42:27] :: (5)->  readadc 1
[2017-10-05 15:43:32] :: (5)->  readadc 2
[2017-10-05 15:43:34] :: (5)->  readadc 2
[2017-10-05 15:43:35] :: (5)->  readadc 2
[2017-10-05 15:43:36] :: (5)->  readadc 2
[2017-10-05 15:43:37] :: (5)->  readadc 2
[2017-10-05 15:43:37] :: (5)->  readadc 2
[2017-10-05 15:45:52] :: (5)->  readadc 2
[2017-10-05 15:45:54] :: (5)->  readadc 2
[2017-10-05 15:45:55] :: (5)->  readadc 2
[2017-10-05 15:45:56] :: (5)->  readadc 2
[2017-10-05 15:49:20] :: (4)->  readadc 2
[2017-10-05 15:56:00] :: Server up and running on TCP port 9001!
[2017-10-05 15:56:04] :: (4)->  status
[2017-10-05 15:56:15] :: (4)->  readadc 2
[2017-10-05 15:57:34] :: (4)->  q
[2017-10-05 15:57:40] :: Server up and running on TCP port 9001!
[2017-10-05 15:57:43] :: (4)->  status
[2017-10-05 15:57:53] :: (4)->  status
[2017-10-05 15:57:57] :: (4)->  readadc 2
[2017-10-05 16:00:07] :: (4)->  q
[2017-10-05 16:00:55] :: Server up and running on TCP port 9001!
[2017-10-05 16:00:58] :: (4)->  status
[2017-10-05 16:01:01] :: (4)->  readadc 2
[2017-10-05 16:03:33] :: (4)->  q
[2017-10-05 16:03:38] :: Server up and running on TCP port 9001!
[2017-10-05 16:03:41] :: (4)->  readadc 2
[2017-10-05 16:03:46] :: (4)->  status
[2017-10-05 16:04:32] :: (4)->  q
[2017-10-05 16:04:42] :: (4)->  q
[2017-10-05 16:04:49] :: (4)->  initsynth
[2017-10-05 16:06:29] :: (4)->  setpower
[2017-10-05 16:06:34] :: (4)->  q
[2017-10-05 16:24:15] :: Server up and running on TCP port 9001!
[2017-10-05 16:24:42] :: (4)->  radio 
[2017-10-05 16:24:45] :: (4)->  radio 1
[2017-10-05 16:24:58] :: (4)->  radio 0
[2017-10-05 16:26:44] :: Server up and running on TCP port 9001!
[2017-10-05 16:26:57] :: (4)->  radio 1
[2017-10-05 16:27:03] :: (4)->  radio 0
[2017-10-05 16:27:21] :: Server up and running on TCP port 9001!
[2017-10-05 16:27:24] :: (4)->  radio 1
[2017-10-05 16:27:29] :: (4)->  radio 0
[2017-10-05 16:28:53] :: Server up and running on TCP port 9001!
[2017-10-05 16:28:57] :: (4)->  radio 1
[2017-10-05 16:29:01] :: (4)->  radio 0
[2017-10-05 16:30:13] :: Server up and running on TCP port 9001!
[2017-10-05 16:30:17] :: (5)->  radio 1
[2017-10-05 16:30:19] :: (5)->  radio 0
[2017-10-05 16:31:45] :: Server up and running on TCP port 9001!
[2017-10-05 16:31:49] :: (5)->  radio 1
[2017-10-05 16:31:51] :: (5)->  radio 0
[2017-10-05 16:32:43] :: Server up and running on TCP port 9001!
[2017-10-05 16:32:49] :: (4)->  radio 0
[2017-10-05 16:33:09] :: Server up and running on TCP port 9001!
[2017-10-05 16:33:13] :: (4)->  radio 0
[2017-10-05 16:33:16] :: (4)->  radio 1
[2017-10-05 16:33:20] :: (4)->  radio 0
[2017-10-05 16:34:07] :: Server up and running on TCP port 9001!
[2017-10-05 16:34:11] :: (4)->  radio 1
[2017-10-05 16:34:25] :: (4)->  radio 0
[2017-10-05 16:37:28] :: Server up and running on TCP port 9001!
[2017-10-05 16:37:32] :: (4)->  radio 1
[2017-10-05 16:37:36] :: (4)->  radio 0
[2017-10-05 16:37:49] :: (4)->  q
[2017-10-05 16:37:57] :: (4)->  radio 1
[2017-10-05 16:38:00] :: (4)->  radio 0
[2017-10-05 16:38:11] :: (4)->  q
[2017-10-05 16:44:07] :: Server up and running on TCP port 9001!
[2017-10-05 16:44:15] :: (4)->  radio 1
[2017-10-05 16:44:18] :: (4)->  radio
[2017-10-05 16:44:21] :: (4)->  radio 0
[2017-10-05 16:44:23] :: (4)->  radio
[2017-10-05 16:44:25] :: (4)->  radio
[2017-10-05 16:44:27] :: (4)->  radio 1
[2017-10-05 16:44:28] :: (4)->  radio
[2017-10-05 16:44:29] :: (4)->  radio
[2017-10-05 16:44:30] :: (4)->  radio 0
[2017-10-05 16:44:32] :: (4)->  radio
[2017-10-05 16:44:33] :: (4)->  radio
[2017-10-05 16:44:35] :: (4)->  q
[2017-10-05 16:51:14] :: (4)->  point
[2017-10-05 16:51:14] :: (4)->  point 1
[2017-10-05 16:51:22] :: (4)->  point
[2017-10-05 16:51:22] :: (4)->  point 2
[2017-10-05 16:51:23] :: (4)->  point
[2017-10-05 16:51:23] :: (4)->  point 0
[2017-10-05 16:53:41] :: (4)->  setpower
[2017-10-05 16:53:41] :: (4)->  setpower pa2 1
[2017-10-05 16:53:49] :: (4)->  setpower
[2017-10-05 16:53:49] :: (4)->  setpower usevco 0
[2017-10-05 16:53:53] :: (4)->  radio
[2017-10-05 16:53:53] :: (4)->  radio -1
[2017-10-05 16:54:22] :: (8)->  radio
[2017-10-05 16:54:24] :: (8)->  readio 1
[2017-10-05 16:54:28] :: (8)->  radio 1
[2017-10-05 16:54:36] :: (8)->  radio 0
[2017-10-05 16:54:42] :: (8)->  radio
[2017-10-05 16:56:09] :: (8)->  radio
[2017-10-05 16:56:11] :: (4)->  radio
[2017-10-05 16:56:11] :: (4)->  radio -1
[2017-10-05 16:56:23] :: (8)->  radio -1
[2017-10-05 16:56:49] :: (8)->  q
[2017-10-05 17:01:45] :: (4)->  radio
[2017-10-05 17:01:45] :: (4)->  radio 1
[2017-10-05 17:02:00] :: (4)->  radio
[2017-10-05 17:02:00] :: (12)->  radio 0
[2017-10-05 17:02:07] :: (4)->  radio
[2017-10-05 17:02:07] :: (4)->  radio 1
[2017-10-05 17:02:16] :: (4)->  radio
[2017-10-05 17:02:16] :: (13)->  radio 0
[2017-10-05 17:03:21] :: (4)->  setpower
[2017-10-05 17:03:21] :: (13)->  setpower pa1 1
[2017-10-05 17:03:25] :: (4)->  setpower
[2017-10-05 17:03:25] :: (4)->  setpower pa3 1
[2017-10-05 17:03:31] :: (4)->  radio
[2017-10-05 17:03:31] :: (13)->  radio 1
[2017-10-05 17:03:37] :: (13)->  radio
[2017-10-05 17:03:37] :: (16)->  radio 0
[2017-10-05 17:03:39] :: (13)->  setpower
[2017-10-05 17:03:39] :: (16)->  setpower usevco 1
[2017-10-05 17:04:21] :: (13)->  setpower
[2017-10-05 17:04:21] :: (13)->  setpower lsb 1
[2017-10-05 17:04:22] :: (13)->  setpower
[2017-10-05 17:04:22] :: (13)->  setpower msb 1
[2017-10-05 17:04:42] :: (13)->  point
[2017-10-05 17:04:42] :: (13)->  point 1
[2017-10-05 17:04:49] :: (13)->  setpower
[2017-10-05 17:04:49] :: (13)->  setpower usevco 0
[2017-10-05 17:04:52] :: (13)->  radio
[2017-10-05 17:04:52] :: (13)->  radio 1
[2017-10-05 17:05:09] :: (13)->  setpower
[2017-10-05 17:05:09] :: (18)->  setpower usevco 1
[2017-10-05 17:05:12] :: (13)->  setpower
[2017-10-05 17:05:12] :: (18)->  setpower usevco 0
[2017-10-05 17:05:20] :: (13)->  setpower
[2017-10-05 17:05:20] :: (18)->  setpower usevco 1
[2017-10-05 17:05:26] :: (13)->  setpower
[2017-10-05 17:05:26] :: (18)->  setpower usevco 0
[2017-10-05 17:05:31] :: (13)->  radio
[2017-10-05 17:05:31] :: (18)->  radio 0
[2017-10-05 17:05:41] :: (13)->  setpower
[2017-10-05 17:05:41] :: (13)->  setpower msb 0
[2017-10-05 17:05:42] :: (13)->  setpower
[2017-10-05 17:05:42] :: (13)->  setpower lsb 0
[2017-10-05 17:05:53] :: (13)->  setpower
[2017-10-05 17:05:53] :: (13)->  setpower pa2 0
[2017-10-05 17:05:54] :: (13)->  setpower
[2017-10-05 17:05:54] :: (18)->  setpower pa1 0
[2017-10-05 17:05:55] :: (13)->  setpower
[2017-10-05 17:05:55] :: (13)->  setpower pa3 0
[2017-10-05 17:08:56] :: (13)->  setpower
[2017-10-05 17:08:56] :: (13)->  setpower pa2 1
[2017-10-05 17:08:57] :: (13)->  setpower
[2017-10-05 17:08:57] :: (13)->  setpower pa1 1
[2017-10-05 17:08:59] :: (13)->  setpower
[2017-10-05 17:08:59] :: (13)->  setpower pa3 1
[2017-10-05 17:09:02] :: (13)->  radio
[2017-10-05 17:09:02] :: (13)->  radio 1
[2017-10-05 17:09:07] :: (13)->  radio
[2017-10-05 17:09:07] :: (20)->  radio 0
[2017-10-05 17:52:46] :: Server up and running on TCP port 9001!
[2017-10-05 17:52:58] :: (4)->  setpower
[2017-10-05 17:52:58] :: (4)->  setpower pa3 0
[2017-10-05 17:53:02] :: (4)->  setpower
[2017-10-05 17:53:02] :: (4)->  setpower pa3 1
[2017-10-05 18:00:32] :: (6)->  readadc 2
[2017-10-05 18:00:37] :: (6)->  readadc 2
[2017-10-05 18:00:39] :: (6)->  q
[2017-10-05 18:04:21] :: (4)->  setpower
[2017-10-05 18:04:21] :: (4)->  setpower pa3 0
[2017-10-05 18:05:10] :: Server up and running on TCP port 9001!
[2017-10-05 18:06:07] :: (7)->  setpower
[2017-10-05 18:06:07] :: (5)->  setpower pa3 1
[2017-10-05 18:06:26] :: (4)->  setpower
[2017-10-05 18:06:26] :: (4)->  setpower pa2 0
[2017-10-05 18:06:39] :: (4)->  setpower
[2017-10-05 18:06:39] :: (4)->  setpower pa2 1
[2017-10-05 18:06:43] :: (4)->  setpower
[2017-10-05 18:06:43] :: (4)->  setpower pa1 0
[2017-10-05 18:06:49] :: (4)->  setpower
[2017-10-05 18:06:49] :: (7)->  setpower pa1 1
[2017-10-05 18:06:53] :: (4)->  setpower
[2017-10-05 18:06:53] :: (4)->  setpower pa3 0
[2017-10-05 18:10:47] :: (4)->  setpower
[2017-10-05 18:10:47] :: (4)->  setpower pa3 1
[2017-10-05 18:44:03] :: (4)->  readadc 1
[2017-10-05 18:44:12] :: (4)->  readadc 2
[2017-10-05 18:47:21] :: (4)->  q
[2017-10-05 19:56:12] :: (4)->  setpower
[2017-10-05 19:56:20] :: (4)->  status
[2017-10-05 19:56:34] :: (4)->  setpower PAs 0
[2017-10-05 19:56:38] :: (4)->  setpower
[2017-10-05 19:56:44] :: (4)->  q
[2017-10-05 21:31:22] :: (4)->  status
[2017-10-05 21:37:36] :: (4)->  setpower
[2017-10-05 21:38:25] :: (4)->  setpower ant 1
[2017-10-05 21:38:27] :: (4)->  setpower ant 2
[2017-10-05 21:38:31] :: (4)->  setpower ant 4
[2017-10-05 21:38:34] :: (4)->  q
[2017-10-05 21:43:56] :: (4)->  setpower
[2017-10-05 21:43:56] :: (4)->  setpower pa2 1
[2017-10-05 21:43:58] :: (4)->  setpower
[2017-10-05 21:43:58] :: (4)->  setpower pa1 1
[2017-10-05 21:44:00] :: (4)->  setpower
[2017-10-05 21:44:00] :: (4)->  setpower pa3 1
[2017-10-05 21:55:29] :: (4)->  setpower
[2017-10-05 22:09:39] :: (4)->  setdac 1 1000
[2017-10-05 22:09:39] :: (4)->  setdac 0 1000
[2017-10-05 22:09:39] :: (4)->  setdac 2 1000
[2017-10-05 22:09:39] :: (4)->  setdac 3 1000
[2017-10-05 22:09:39] :: (4)->  setpower ant 1
[2017-10-05 22:10:04] :: (7)->  point
[2017-10-05 22:10:04] :: (7)->  point 1
[2017-10-05 22:10:19] :: (4)->  q
[2017-10-05 22:10:26] :: (4)->  setpower ant 1
[2017-10-05 22:10:39] :: (5)->  point
[2017-10-05 22:10:39] :: (5)->  point 2
[2017-10-05 22:10:45] :: (5)->  point
[2017-10-05 22:10:45] :: (5)->  point 0
[2017-10-05 22:10:54] :: (4)->  setpower ant 2
[2017-10-05 22:11:28] :: (4)->  setpower ant 1
[2017-10-05 22:13:14] :: (4)->  setpower ant 4
[2017-10-05 22:14:57] :: (5)->  setpower
[2017-10-05 22:14:57] :: (5)->  setpower usevco 0
[2017-10-05 22:15:06] :: (5)->  radio
[2017-10-05 22:15:06] :: (5)->  radio 1
[2017-10-05 22:15:25] :: (4)->  q
[2017-10-05 22:15:34] :: (4)->  help
[2017-10-05 22:15:36] :: (4)->  q
[2017-10-05 22:18:50] :: Can't bind local address.
[2017-10-05 22:19:17] :: Server up and running on TCP port 9001!
[2017-10-05 22:19:29] :: (4)->  setpower
[2017-10-05 22:19:29] :: (6)->  setpower usevco 1
[2017-10-05 22:19:48] :: (4)->  setpower
[2017-10-05 22:19:50] :: (4)->  status
[2017-10-05 22:20:01] :: (4)->  setpower ant 1
[2017-10-05 22:20:02] :: (4)->  setpower
[2017-10-05 22:20:53] :: Server up and running on TCP port 9001!
[2017-10-05 22:21:36] :: (4)->  stpower
[2017-10-05 22:21:39] :: (4)->  setpower ant 2
[2017-10-05 22:21:43] :: (4)->  setpower ant 4
[2017-10-05 22:21:47] :: (4)->  setpower ant 3
[2017-10-05 22:21:51] :: (4)->  setpower ant 5
[2017-10-05 22:22:05] :: (4)->  setpower ant 5
[2017-10-05 22:22:08] :: (4)->  setpower ant 5
[2017-10-05 22:22:11] :: (4)->  setpower ant 5
[2017-10-05 22:22:14] :: (4)->  setpower ant 5
[2017-10-05 22:22:16] :: (4)->  setpower ant 5
[2017-10-05 22:23:10] :: Server up and running on TCP port 9001!
[2017-10-05 22:23:23] :: (4)->  setpower ant 5
[2017-10-05 22:24:36] :: Server up and running on TCP port 9001!
[2017-10-05 22:24:56] :: Server up and running on TCP port 9001!
[2017-10-05 22:25:59] :: Server up and running on TCP port 9001!
[2017-10-05 22:26:19] :: (4)->  setdac 1 1
[2017-10-05 22:26:27] :: (4)->  setdac 1 1000
[2017-10-05 22:26:34] :: (4)->  setdac 1 2000
[2017-10-05 22:26:42] :: (6)->  point
[2017-10-05 22:26:42] :: (8)->  point 1
[2017-10-05 22:26:48] :: (6)->  point
[2017-10-05 22:26:48] :: (8)->  point 2
[2017-10-05 22:41:54] :: (4)->  ÿôÿý
[2017-10-05 22:41:55] :: (4)->  ÿûq
[2017-10-05 22:41:56] :: (4)->  q
[2017-10-05 22:44:36] :: (6)->  point
[2017-10-05 22:44:36] :: (8)->  point 0
[2017-10-05 22:45:09] :: Server up and running on TCP port 9001!
[2017-10-05 22:46:02] :: Server up and running on TCP port 9001!
[2017-10-05 22:46:15] :: (4)->  setpower ant 1
[2017-10-05 22:46:16] :: (4)->  setpower ant 2
[2017-10-05 22:46:19] :: (4)->  setpower ant 4
[2017-10-05 22:46:23] :: (4)->  setmode
[2017-10-05 22:46:25] :: (4)->  mode
[2017-10-05 22:46:30] :: (4)->  h
[2017-10-05 22:46:31] :: (4)->  help
[2017-10-05 22:46:36] :: (4)->  point
[2017-10-05 22:46:39] :: (4)->  point 1
[2017-10-05 22:46:41] :: (4)->  point 2
[2017-10-05 22:46:47] :: (4)->  point 3
[2017-10-05 22:46:51] :: (4)->  point 0
[2017-10-05 22:49:45] :: Server up and running on TCP port 9001!
[2017-10-05 22:50:21] :: Server up and running on TCP port 9001!
[2017-10-05 22:51:03] :: (4)->  setpower
[2017-10-05 22:51:06] :: (4)->  septower PAs 0
[2017-10-05 22:51:07] :: (4)->  setpower
[2017-10-05 22:51:09] :: (4)->  setpower PAs 0
[2017-10-05 22:51:10] :: (4)->  setpower 
[2017-10-05 22:51:13] :: (4)->  setpower ant 1
[2017-10-05 22:51:14] :: (4)->  setpower
[2017-10-05 22:51:17] :: (4)->  q
[2017-10-09 23:35:52] :: Server up and running on TCP port 9001!
[2017-10-09 23:35:58] :: (4)->  status
[2017-10-09 23:36:03] :: (4)->  q
[2017-10-10 00:12:25] :: (4)->  status
[2017-10-10 00:12:26] :: (4)->  setpower
[2017-10-10 00:12:28] :: (4)->  q
[2017-10-10 00:13:02] :: (4)->  setpower
[2017-10-10 00:13:02] :: (4)->  setpower pa2 1
[2017-10-10 00:13:09] :: (4)->  setpower
[2017-10-10 00:13:09] :: (4)->  setpower pa2 0
[2017-10-10 15:24:38] :: (4)->  point
[2017-10-10 15:24:38] :: (4)->  point 1
[2017-10-10 15:24:49] :: (4)->  point
[2017-10-10 15:24:49] :: (4)->  point 2
[2017-10-10 15:25:00] :: (4)->  point
[2017-10-10 15:25:00] :: (4)->  point 0
[2017-10-10 15:25:06] :: (4)->  radio
[2017-10-10 15:25:06] :: (4)->  radio 1
[2017-10-10 15:25:08] :: (4)->  setfreq
[2017-10-10 15:25:08] :: (7)->  setfreq 8645.000000
[2017-10-10 15:25:11] :: (4)->  setfreq
[2017-10-10 15:25:11] :: (7)->  setfreq 8650.000000
[2017-10-10 15:25:18] :: (4)->  radio
[2017-10-10 15:25:18] :: (7)->  radio 0
[2017-10-10 15:25:31] :: (4)->  radio
[2017-10-10 15:25:31] :: (4)->  radio 1
[2017-10-10 15:28:34] :: (4)->  setpower
[2017-10-10 15:28:34] :: (8)->  setpower pa2 1
[2017-10-10 15:28:58] :: (8)->  radio
[2017-10-10 15:28:58] :: (10)->  radio 0
[2017-10-10 15:30:10] :: (4)->  radio
[2017-10-10 15:30:10] :: (4)->  radio 1
[2017-10-10 15:30:13] :: (4)->  radio
[2017-10-10 15:30:13] :: (10)->  radio 0
[2017-10-10 15:30:23] :: (4)->  setpower
[2017-10-10 15:30:23] :: (10)->  setpower pa1 1
[2017-10-10 15:30:25] :: (4)->  setpower
[2017-10-10 15:30:25] :: (4)->  setpower pa3 1
[2017-10-10 15:30:30] :: (4)->  radio
[2017-10-10 15:30:30] :: (4)->  radio 1
[2017-10-10 15:30:53] :: (4)->  setpower
[2017-10-10 15:30:53] :: (12)->  setpower lsb 1
[2017-10-10 15:31:05] :: (4)->  setpower
[2017-10-10 15:31:05] :: (12)->  setpower lsb 0
[2017-10-10 15:31:05] :: (4)->  setpower
[2017-10-10 15:31:05] :: (12)->  setpower msb 1
[2017-10-10 15:31:14] :: (4)->  setpower
[2017-10-10 15:31:14] :: (12)->  setpower lsb 1
[2017-10-10 15:31:20] :: (4)->  setpower
[2017-10-10 15:31:20] :: (12)->  setpower msb 0
[2017-10-10 15:31:20] :: (4)->  setpower
[2017-10-10 15:31:20] :: (12)->  setpower lsb 0
[2017-10-10 15:33:22] :: (4)->  radio
[2017-10-10 15:33:22] :: (12)->  radio 0
[2017-10-10 15:33:27] :: (4)->  radio
[2017-10-10 15:33:27] :: (4)->  radio 1
[2017-10-10 15:33:33] :: (4)->  radio
[2017-10-10 15:33:33] :: (14)->  radio 0
[2017-10-10 15:34:34] :: (16)->  radio
[2017-10-10 15:34:34] :: (4)->  radio 1
[2017-10-10 15:34:44] :: (4)->  radio
[2017-10-10 15:34:44] :: (16)->  radio 0
[2017-10-10 15:35:33] :: (4)->  radio
[2017-10-10 15:35:33] :: (4)->  radio 1
[2017-10-10 15:35:46] :: (4)->  setpower
[2017-10-10 15:35:46] :: (18)->  setpower pa3 0
[2017-10-10 15:35:53] :: (4)->  setpower
[2017-10-10 15:35:53] :: (18)->  setpower pa2 0
[2017-10-10 15:35:59] :: (4)->  setpower
[2017-10-10 15:35:59] :: (18)->  setpower pa1 0
[2017-10-10 15:36:16] :: (4)->  setpower
[2017-10-10 15:36:16] :: (18)->  setpower pa2 1
[2017-10-10 15:36:16] :: (4)->  setpower
[2017-10-10 15:36:16] :: (18)->  setpower pa1 1
[2017-10-10 15:36:17] :: (4)->  setpower
[2017-10-10 15:36:17] :: (18)->  setpower pa3 1
[2017-10-10 15:36:31] :: (4)->  point
[2017-10-10 15:36:31] :: (18)->  point 1
[2017-10-10 15:36:40] :: (4)->  point
[2017-10-10 15:36:40] :: (18)->  point 2
[2017-10-10 15:43:48] :: (4)->  point
[2017-10-10 15:43:48] :: (18)->  point 0
[2017-10-10 15:44:31] :: (4)->  setpower
[2017-10-10 15:44:31] :: (18)->  setpower usevco 0
[2017-10-10 15:44:41] :: (4)->  setpower
[2017-10-10 15:44:41] :: (18)->  setpower pa3 0
[2017-10-10 15:44:43] :: (4)->  setpower
[2017-10-10 15:44:43] :: (18)->  setpower pa1 0
[2017-10-10 15:44:46] :: (18)->  setpower
[2017-10-10 15:44:46] :: (20)->  setpower pa2 0
[2017-10-10 15:44:51] :: (4)->  setpower
[2017-10-10 15:44:51] :: (18)->  setpower pa2 1
[2017-10-10 15:45:21] :: (4)->  radio
[2017-10-10 15:45:21] :: (4)->  radio 0
[2017-10-10 15:45:24] :: (4)->  radio
[2017-10-10 15:45:24] :: (4)->  radio 1
[2017-10-10 15:45:26] :: (4)->  radio
[2017-10-10 15:45:26] :: (20)->  radio 0
[2017-10-10 15:45:29] :: (4)->  radio
[2017-10-10 15:45:29] :: (4)->  radio 1
[2017-10-10 15:47:56] :: (4)->  radio
[2017-10-10 15:47:56] :: (22)->  radio 0
[2017-10-10 15:48:23] :: (4)->  setpower
[2017-10-10 15:48:23] :: (4)->  setpower pa2 0
[2017-10-10 15:48:24] :: (4)->  setpower
[2017-10-10 15:48:24] :: (4)->  setpower pa3 1
[2017-10-10 15:48:25] :: (4)->  radio
[2017-10-10 15:48:25] :: (4)->  radio 1
[2017-10-10 15:48:33] :: (4)->  setpower
[2017-10-10 15:48:33] :: (24)->  setpower lsb 1
[2017-10-10 15:48:37] :: (4)->  setpower
[2017-10-10 15:48:37] :: (24)->  setpower lsb 0
[2017-10-10 15:48:37] :: (4)->  setpower
[2017-10-10 15:48:37] :: (24)->  setpower msb 1
[2017-10-10 15:48:42] :: (4)->  setpower
[2017-10-10 15:48:42] :: (24)->  setpower lsb 1
[2017-10-10 15:48:49] :: (4)->  setpower
[2017-10-10 15:48:49] :: (24)->  setpower lsb 0
[2017-10-10 15:48:50] :: (4)->  setpower
[2017-10-10 15:48:50] :: (24)->  setpower msb 0
[2017-10-10 15:54:09] :: (4)->  setpower
[2017-10-10 15:54:09] :: (24)->  setpower pa2 1
[2017-10-10 15:54:09] :: (4)->  setpower
[2017-10-10 15:54:09] :: (24)->  setpower pa1 1
[2017-10-10 17:05:51] :: (4)->  radio
[2017-10-10 17:05:51] :: (4)->  radio 0
[2017-10-10 17:05:57] :: (4)->  radio
[2017-10-10 17:05:57] :: (4)->  radio 1
[2017-10-10 17:08:22] :: (4)->  setfreq
[2017-10-10 17:08:22] :: (26)->  setfreq 8655.000000
[2017-10-10 17:08:30] :: (4)->  setfreq
[2017-10-10 17:08:30] :: (26)->  setfreq 8650.000000
[2017-10-10 17:10:00] :: (4)->  setfreq
[2017-10-10 17:10:00] :: (26)->  setfreq 8650.010000
[2017-10-10 17:10:06] :: (4)->  setfreq
[2017-10-10 17:10:06] :: (26)->  setfreq 8649.990000
[2017-10-10 17:10:17] :: (4)->  setfreq
[2017-10-10 17:10:17] :: (26)->  setfreq 8649.010000
[2017-10-10 17:11:01] :: (4)->  setfreq
[2017-10-10 17:11:07] :: (26)->  setfreq
[2017-10-10 17:11:07] :: (28)->  setfreq 8649.010000
[2017-10-10 17:11:11] :: (4)->  setfreq
[2017-10-10 17:11:26] :: (4)->  initsyn
[2017-10-10 17:11:30] :: (4)->  initsynth
[2017-10-10 17:11:37] :: (4)->  setfreq
[2017-10-10 17:11:40] :: (26)->  setfreq
[2017-10-10 17:11:40] :: (28)->  setfreq 8649.990000
[2017-10-10 17:11:43] :: (4)->  setfreq
[2017-10-10 17:11:51] :: (26)->  setfreq
[2017-10-10 17:11:51] :: (28)->  setfreq 8649.010000
[2017-10-10 17:11:56] :: (4)->  setfreq
[2017-10-10 17:12:29] :: (4)->  setfreq 8650
[2017-10-10 17:12:39] :: (4)->  setfreq 8650.990
[2017-10-10 17:12:48] :: (4)->  setfreq 8650.01
[2017-10-10 17:13:00] :: (4)->  setfreq 8649.99
[2017-10-10 17:13:08] :: (4)->  setfreq 
[2017-10-10 17:13:13] :: (4)->  setfreq 8650.01
[2017-10-10 17:13:32] :: (4)->  q
[2017-10-10 17:13:38] :: (4)->  setfreq
[2017-10-10 17:13:39] :: (4)->  setfreq
[2017-10-10 17:13:41] :: (26)->  setfreq
[2017-10-10 17:13:41] :: (28)->  setfreq 8650.010000
[2017-10-10 17:13:42] :: (4)->  setfreq
[2017-10-10 17:13:43] :: (4)->  setfreq
[2017-10-10 17:13:43] :: (4)->  setfreq
[2017-10-10 17:13:44] :: (4)->  setfreq
[2017-10-10 17:13:47] :: (26)->  setfreq
[2017-10-10 17:13:47] :: (28)->  setfreq 8650.010000
[2017-10-10 17:13:48] :: (4)->  setfreq
[2017-10-10 17:13:48] :: (4)->  setfreq
[2017-10-10 17:13:49] :: (4)->  setfreq
[2017-10-10 17:13:49] :: (4)->  setfreq
[2017-10-10 17:13:50] :: (4)->  setfreq
[2017-10-10 17:13:53] :: (26)->  setfreq
[2017-10-10 17:13:53] :: (28)->  setfreq 8650.010000
[2017-10-10 17:13:54] :: (4)->  setfreq
[2017-10-10 17:13:55] :: (4)->  setfreq
[2017-10-10 17:13:56] :: (26)->  setfreq
[2017-10-10 17:13:56] :: (28)->  setfreq 8649.990000
[2017-10-10 17:13:57] :: (4)->  setfreq
[2017-10-10 17:13:57] :: (4)->  setfreq
[2017-10-10 17:13:58] :: (4)->  setfreq
[2017-10-10 17:14:00] :: (26)->  setfreq
[2017-10-10 17:14:00] :: (28)->  setfreq 8648.990000
[2017-10-10 17:14:00] :: (4)->  setfreq
[2017-10-10 17:14:01] :: (4)->  setfreq
[2017-10-10 17:14:01] :: (4)->  setfreq
[2017-10-10 17:14:02] :: (4)->  setfreq
[2017-10-10 17:14:04] :: (26)->  setfreq
[2017-10-10 17:14:04] :: (28)->  setfreq 8647.990000
[2017-10-10 17:14:05] :: (4)->  setfreq
[2017-10-10 17:14:05] :: (4)->  setfreq
[2017-10-10 17:14:05] :: (4)->  setfreq
[2017-10-10 17:14:06] :: (4)->  setfreq
[2017-10-10 17:14:08] :: (26)->  setfreq
[2017-10-10 17:14:08] :: (28)->  setfreq 8647.010000
[2017-10-10 17:14:08] :: (4)->  setfreq
[2017-10-10 17:14:09] :: (4)->  setfreq
[2017-10-10 17:14:09] :: (4)->  setfreq
[2017-10-10 17:14:11] :: (26)->  setfreq
[2017-10-10 17:14:11] :: (28)->  setfreq 8647.010000
[2017-10-10 17:14:11] :: (4)->  setfreq
[2017-10-10 17:14:12] :: (4)->  setfreq
[2017-10-10 17:14:14] :: (26)->  setfreq
[2017-10-10 17:14:14] :: (28)->  setfreq 8647.010000
[2017-10-10 17:14:14] :: (4)->  setfreq
[2017-10-10 17:14:15] :: (4)->  setfreq
[2017-10-10 17:14:32] :: (4)->  q
[2017-10-10 17:18:52] :: (4)->  setfreq
[2017-10-10 17:18:56] :: (26)->  setfreq
[2017-10-10 17:18:56] :: (26)->  setfreq 8646.990000
[2017-10-10 17:18:57] :: (4)->  setfreq
[2017-10-10 17:18:58] :: (4)->  setfreq
[2017-10-10 17:19:00] :: (26)->  setfreq
[2017-10-10 17:19:00] :: (26)->  setfreq 8646.010000
[2017-10-10 17:19:01] :: (4)->  setfreq
[2017-10-10 17:19:02] :: (4)->  setfreq
[2017-10-10 17:19:05] :: (26)->  setfreq
[2017-10-10 17:19:05] :: (26)->  setfreq 8646.010000
[2017-10-10 17:19:05] :: (4)->  setfreq
[2017-10-10 17:19:05] :: (4)->  setfreq
[2017-10-10 17:19:07] :: (26)->  setfreq
[2017-10-10 17:19:07] :: (26)->  setfreq 8646.010000
[2017-10-10 17:19:08] :: (4)->  setfreq
[2017-10-10 17:19:08] :: (4)->  setfreq
[2017-10-10 17:19:10] :: (26)->  setfreq
[2017-10-10 17:19:10] :: (26)->  setfreq 8646.010000
[2017-10-10 17:19:10] :: (4)->  setfreq
[2017-10-10 17:19:11] :: (4)->  setfreq
[2017-10-10 17:19:12] :: (26)->  setfreq
[2017-10-10 17:19:12] :: (26)->  setfreq 8645.990000
[2017-10-10 17:19:13] :: (4)->  setfreq
[2017-10-10 17:19:13] :: (4)->  setfreq
[2017-10-10 17:22:10] :: (28)->  setfreq
[2017-10-10 17:22:10] :: (28)->  setfreq 8646.000234
[2017-10-10 17:22:11] :: (4)->  setfreq
[2017-10-10 17:22:14] :: (26)->  setfreq
[2017-10-10 17:22:14] :: (26)->  setfreq 8646.010000
[2017-10-10 17:22:14] :: (4)->  setfreq
[2017-10-10 17:22:16] :: (26)->  setfreq
[2017-10-10 17:22:16] :: (26)->  setfreq 8646.019766
[2017-10-10 17:22:16] :: (4)->  setfreq
[2017-10-10 17:22:18] :: (26)->  setfreq
[2017-10-10 17:22:18] :: (26)->  setfreq 8646.029531
[2017-10-10 17:22:18] :: (4)->  setfreq
[2017-10-10 17:22:21] :: (26)->  setfreq
[2017-10-10 17:22:21] :: (26)->  setfreq 8646.039297
[2017-10-10 17:22:21] :: (4)->  setfreq
[2017-10-10 17:22:24] :: (26)->  setfreq
[2017-10-10 17:22:24] :: (26)->  setfreq 8646.029062
[2017-10-10 17:22:24] :: (4)->  setfreq
[2017-10-10 17:22:25] :: (26)->  setfreq
[2017-10-10 17:22:25] :: (26)->  setfreq 8646.019297
[2017-10-10 17:22:26] :: (4)->  setfreq
[2017-10-10 17:22:27] :: (26)->  setfreq
[2017-10-10 17:22:27] :: (26)->  setfreq 8646.009531
[2017-10-10 17:22:28] :: (4)->  setfreq
[2017-10-10 17:22:32] :: (26)->  setfreq
[2017-10-10 17:22:32] :: (26)->  setfreq 8646.019766
[2017-10-10 17:22:33] :: (26)->  setfreq
[2017-10-10 17:22:33] :: (26)->  setfreq 8646.029531
[2017-10-10 17:22:34] :: (26)->  setfreq
[2017-10-10 17:22:34] :: (26)->  setfreq 8646.039297
[2017-10-10 17:22:35] :: (26)->  setfreq
[2017-10-10 17:22:35] :: (26)->  setfreq 8646.049063
[2017-10-10 17:22:35] :: (4)->  setfreq
[2017-10-10 17:22:37] :: (26)->  setfreq
[2017-10-10 17:22:37] :: (26)->  setfreq 8646.058828
[2017-10-10 17:22:38] :: (26)->  setfreq
[2017-10-10 17:22:38] :: (26)->  setfreq 8646.068594
[2017-10-10 17:22:38] :: (26)->  setfreq
[2017-10-10 17:22:38] :: (26)->  setfreq 8646.078359
[2017-10-10 17:22:40] :: (26)->  setfreq
[2017-10-10 17:22:40] :: (26)->  setfreq 8646.088125
[2017-10-10 17:22:40] :: (4)->  setfreq
[2017-10-10 17:22:42] :: (26)->  setfreq
[2017-10-10 17:22:42] :: (26)->  setfreq 8646.097891
[2017-10-10 17:22:42] :: (26)->  setfreq
[2017-10-10 17:22:42] :: (26)->  setfreq 8646.107656
[2017-10-10 17:22:43] :: (26)->  setfreq
[2017-10-10 17:22:43] :: (26)->  setfreq 8646.117422
[2017-10-10 17:22:44] :: (26)->  setfreq
[2017-10-10 17:22:44] :: (26)->  setfreq 8646.127188
[2017-10-10 17:22:44] :: (26)->  setfreq
[2017-10-10 17:22:44] :: (26)->  setfreq 8646.136953
[2017-10-10 17:22:45] :: (4)->  setfreq
[2017-10-10 17:22:47] :: (26)->  setfreq
[2017-10-10 17:22:47] :: (26)->  setfreq 8646.146719
[2017-10-10 17:22:48] :: (26)->  setfreq
[2017-10-10 17:22:48] :: (26)->  setfreq 8646.156484
[2017-10-10 17:22:48] :: (28)->  setfreq
[2017-10-10 17:22:48] :: (28)->  setfreq 8646.166250
[2017-10-10 17:22:48] :: (4)->  setfreq
[2017-10-10 17:22:51] :: (26)->  setfreq
[2017-10-10 17:22:51] :: (26)->  setfreq 8646.176016
[2017-10-10 17:22:51] :: (26)->  setfreq
[2017-10-10 17:22:51] :: (26)->  setfreq 8646.185781
[2017-10-10 17:22:52] :: (26)->  setfreq
[2017-10-10 17:22:52] :: (26)->  setfreq 8646.195547
[2017-10-10 17:22:53] :: (26)->  setfreq
[2017-10-10 17:22:53] :: (26)->  setfreq 8646.205313
[2017-10-10 17:22:54] :: (26)->  setfreq
[2017-10-10 17:22:54] :: (26)->  setfreq 8646.215078
[2017-10-10 17:22:54] :: (4)->  setfreq
[2017-10-10 17:22:58] :: (4)->  initsynth
[2017-10-10 17:23:01] :: (26)->  setfreq
[2017-10-10 17:23:01] :: (26)->  setfreq 8650.010000
[2017-10-10 17:23:03] :: (4)->  initsynth
[2017-10-10 17:23:05] :: (4)->  setfreq
[2017-10-10 17:23:07] :: (26)->  setfreq
[2017-10-10 17:23:07] :: (26)->  setfreq 8650.010000
[2017-10-10 17:23:07] :: (4)->  setfreq
[2017-10-10 17:23:09] :: (26)->  setfreq
[2017-10-10 17:23:09] :: (26)->  setfreq 8649.999766
[2017-10-10 17:23:09] :: (4)->  setfreq
[2017-10-10 17:23:11] :: (26)->  setfreq
[2017-10-10 17:23:11] :: (26)->  setfreq 8649.990000
[2017-10-10 17:23:11] :: (4)->  setfreq
[2017-10-10 17:23:13] :: (26)->  setfreq
[2017-10-10 17:23:13] :: (26)->  setfreq 8650.000234
[2017-10-10 17:23:13] :: (4)->  setfreq
[2017-10-10 17:23:15] :: (26)->  setfreq
[2017-10-10 17:23:15] :: (26)->  setfreq 8650.010000
[2017-10-10 17:23:15] :: (4)->  setfreq
[2017-10-10 17:23:17] :: (26)->  setfreq
[2017-10-10 17:23:17] :: (26)->  setfreq 8649.999766
[2017-10-10 17:23:18] :: (4)->  setfreq
[2017-10-10 17:23:19] :: (26)->  radio
[2017-10-10 17:23:19] :: (26)->  radio 0
[2017-10-10 17:23:21] :: (26)->  radio
[2017-10-10 17:23:21] :: (26)->  radio 1
[2017-10-10 17:23:25] :: (26)->  setfreq
[2017-10-10 17:23:25] :: (30)->  setfreq 8650.010000
[2017-10-10 17:23:28] :: (26)->  setfreq
[2017-10-10 17:23:28] :: (30)->  setfreq 8650.019766
[2017-10-10 17:23:30] :: (26)->  setfreq
[2017-10-10 17:23:30] :: (30)->  setfreq 8650.029531
[2017-10-10 17:23:32] :: (26)->  setfreq
[2017-10-10 17:23:32] :: (30)->  setfreq 8650.039297
[2017-10-10 17:23:34] :: (26)->  setfreq
[2017-10-10 17:23:34] :: (30)->  setfreq 8650.049063
[2017-10-10 17:28:03] :: (26)->  setfreq
[2017-10-10 17:28:03] :: (30)->  setfreq 8650.038828
[2017-10-10 17:28:05] :: (26)->  setfreq
[2017-10-10 17:28:05] :: (30)->  setfreq 8650.029062
[2017-10-10 17:28:06] :: (26)->  setfreq
[2017-10-10 17:28:06] :: (30)->  setfreq 8650.019297
[2017-10-10 17:28:08] :: (26)->  setfreq
[2017-10-10 17:28:08] :: (30)->  setfreq 8650.009531
[2017-10-10 17:28:10] :: (26)->  setfreq
[2017-10-10 17:28:10] :: (30)->  setfreq 8649.999766
[2017-10-10 17:28:11] :: (26)->  setfreq
[2017-10-10 17:28:11] :: (30)->  setfreq 8650.010000
[2017-10-10 17:28:13] :: (26)->  setfreq
[2017-10-10 17:28:13] :: (30)->  setfreq 8650.019766
[2017-10-10 17:28:14] :: (26)->  setfreq
[2017-10-10 17:28:14] :: (30)->  setfreq 8650.029531
[2017-10-10 17:28:16] :: (26)->  setfreq
[2017-10-10 17:28:16] :: (30)->  setfreq 8650.039297
[2017-10-10 17:28:17] :: (26)->  setfreq
[2017-10-10 17:28:17] :: (30)->  setfreq 8650.049063
[2017-10-10 17:28:18] :: (26)->  setfreq
[2017-10-10 17:28:18] :: (30)->  setfreq 8650.058828
[2017-10-10 17:28:19] :: (26)->  setfreq
[2017-10-10 17:28:19] :: (30)->  setfreq 8650.068594
[2017-10-10 17:28:20] :: (26)->  setfreq
[2017-10-10 17:28:20] :: (30)->  setfreq 8650.078359
[2017-10-10 17:28:21] :: (26)->  setfreq
[2017-10-10 17:28:21] :: (30)->  setfreq 8650.088125
[2017-10-10 17:28:22] :: (26)->  setfreq
[2017-10-10 17:28:22] :: (30)->  setfreq 8650.097891
[2017-10-10 17:28:23] :: (26)->  setfreq
[2017-10-10 17:28:23] :: (30)->  setfreq 8650.107656
[2017-10-10 17:28:25] :: (26)->  setfreq
[2017-10-10 17:28:25] :: (30)->  setfreq 8650.117422
[2017-10-10 17:28:26] :: (26)->  setfreq
[2017-10-10 17:28:26] :: (30)->  setfreq 8650.127188
[2017-10-10 17:28:27] :: (26)->  setfreq
[2017-10-10 17:28:27] :: (30)->  setfreq 8650.116953
[2017-10-10 17:28:28] :: (26)->  setfreq
[2017-10-10 17:28:28] :: (30)->  setfreq 8650.107187
[2017-10-10 17:28:28] :: (26)->  setfreq
[2017-10-10 17:28:28] :: (30)->  setfreq 8650.097422
[2017-10-10 17:28:29] :: (26)->  setfreq
[2017-10-10 17:28:29] :: (30)->  setfreq 8650.087656
[2017-10-10 17:28:29] :: (26)->  setfreq
[2017-10-10 17:28:29] :: (30)->  setfreq 8650.077891
[2017-10-10 17:28:30] :: (26)->  setfreq
[2017-10-10 17:28:30] :: (30)->  setfreq 8650.068125
[2017-10-10 17:28:31] :: (26)->  setfreq
[2017-10-10 17:28:31] :: (30)->  setfreq 8650.058359
[2017-10-10 17:28:36] :: (4)->  setfreq\
[2017-10-10 17:28:37] :: (4)->  setfreq\
[2017-10-10 17:28:38] :: (4)->  setfreq
[2017-10-10 17:28:43] :: (4)->  initsynth
[2017-10-10 17:29:03] :: (4)->  initsynth
[2017-10-10 17:29:06] :: (26)->  setfreq
[2017-10-10 17:29:06] :: (30)->  setfreq 8649.990000
[2017-10-10 17:29:11] :: (26)->  setfreq
[2017-10-10 17:29:11] :: (30)->  setfreq 8650.000234
[2017-10-10 17:29:13] :: (26)->  setfreq
[2017-10-10 17:29:13] :: (30)->  setfreq 8650.010000
[2017-10-10 17:29:14] :: (26)->  setfreq
[2017-10-10 17:29:14] :: (30)->  setfreq 8650.019766
[2017-10-10 17:29:15] :: (26)->  setfreq
[2017-10-10 17:29:15] :: (30)->  setfreq 8650.029531
[2017-10-10 17:29:16] :: (26)->  setfreq
[2017-10-10 17:29:16] :: (30)->  setfreq 8650.019297
[2017-10-10 17:29:17] :: (26)->  setfreq
[2017-10-10 17:29:17] :: (30)->  setfreq 8650.009531
[2017-10-10 17:29:19] :: (4)->  setfreq
[2017-10-10 17:29:21] :: (26)->  setfreq
[2017-10-10 17:29:21] :: (30)->  setfreq 8649.999766
[2017-10-10 17:29:22] :: (4)->  setfreq
[2017-10-10 17:29:27] :: (4)->  setfreq
[2017-10-10 17:37:34] :: (30)->  radio
[2017-10-10 17:37:34] :: (30)->  radio 0
[2017-10-10 17:37:39] :: (26)->  radio
[2017-10-10 17:37:39] :: (26)->  radio 1
[2017-10-10 17:42:38] :: (26)->  setfreq
[2017-10-10 17:42:38] :: (31)->  setfreq 8649.990000
[2017-10-10 17:42:40] :: (26)->  setfreq
[2017-10-10 17:42:40] :: (31)->  setfreq 8649.980234
[2017-10-10 17:42:42] :: (26)->  setfreq
[2017-10-10 17:42:42] :: (31)->  setfreq 8649.990469
[2017-10-10 17:42:44] :: (26)->  setfreq
[2017-10-10 17:42:44] :: (31)->  setfreq 8650.000234
[2017-10-10 17:42:45] :: (26)->  setfreq
[2017-10-10 17:42:45] :: (31)->  setfreq 8650.010000
[2017-10-10 17:42:46] :: (26)->  setfreq
[2017-10-10 17:42:46] :: (31)->  setfreq 8650.019766
[2017-10-10 17:42:46] :: (26)->  setfreq
[2017-10-10 17:42:46] :: (31)->  setfreq 8650.029531
[2017-10-10 17:42:47] :: (26)->  setfreq
[2017-10-10 17:42:47] :: (31)->  setfreq 8650.039297
[2017-10-10 17:42:48] :: (26)->  setfreq
[2017-10-10 17:42:48] :: (31)->  setfreq 8650.049063
[2017-10-10 17:42:49] :: (26)->  setfreq
[2017-10-10 17:42:49] :: (31)->  setfreq 8650.058828
[2017-10-10 17:42:50] :: (26)->  setfreq
[2017-10-10 17:42:50] :: (31)->  setfreq 8650.068594
[2017-10-10 17:42:51] :: (26)->  setfreq
[2017-10-10 17:42:51] :: (31)->  setfreq 8650.078359
[2017-10-10 17:42:53] :: (26)->  setfreq
[2017-10-10 17:42:53] :: (31)->  setfreq 8650.068125
[2017-10-10 17:42:54] :: (26)->  setfreq
[2017-10-10 17:42:54] :: (31)->  setfreq 8650.058359
[2017-10-10 17:42:55] :: (26)->  setfreq
[2017-10-10 17:42:55] :: (31)->  setfreq 8650.048594
[2017-10-10 17:42:57] :: (26)->  setfreq
[2017-10-10 17:42:57] :: (31)->  setfreq 8650.038828
[2017-10-10 17:42:58] :: (26)->  setfreq
[2017-10-10 17:42:58] :: (31)->  setfreq 8650.049063
[2017-10-10 17:42:59] :: (26)->  setfreq
[2017-10-10 17:42:59] :: (31)->  setfreq 8650.058828
[2017-10-10 17:43:02] :: (4)->  setfreq
[2017-10-10 17:48:13] :: (26)->  radio
[2017-10-10 17:48:13] :: (26)->  radio 0
[2017-10-10 17:48:14] :: (26)->  radio
[2017-10-10 17:48:14] :: (26)->  radio 1
[2017-10-10 17:48:16] :: (26)->  setfreq
[2017-10-10 17:48:16] :: (33)->  setfreq 8650.048594
[2017-10-10 17:48:17] :: (26)->  setfreq
[2017-10-10 17:48:17] :: (33)->  setfreq 8650.058828
[2017-10-10 17:48:17] :: (26)->  setfreq
[2017-10-10 17:48:17] :: (33)->  setfreq 8650.068594
[2017-10-10 17:48:19] :: (26)->  setfreq
[2017-10-10 17:48:19] :: (33)->  setfreq 8650.058359
[2017-10-10 17:48:20] :: (26)->  radio
[2017-10-10 17:48:20] :: (33)->  radio 0
[2017-10-10 17:49:44] :: (26)->  radio
[2017-10-10 17:49:44] :: (26)->  radio 1
[2017-10-10 17:49:46] :: (26)->  setfreq
[2017-10-10 17:49:46] :: (35)->  setfreq 8650.048594
[2017-10-10 17:49:47] :: (35)->  setfreq
[2017-10-10 17:49:47] :: (37)->  setfreq 8650.038828
[2017-10-10 17:49:48] :: (26)->  setfreq
[2017-10-10 17:49:48] :: (35)->  setfreq 8650.029062
[2017-10-10 17:49:49] :: (26)->  setfreq
[2017-10-10 17:49:49] :: (35)->  setfreq 8650.039297
[2017-10-10 17:49:50] :: (26)->  setfreq
[2017-10-10 17:49:50] :: (35)->  setfreq 8650.049063
[2017-10-10 17:49:51] :: (26)->  setfreq
[2017-10-10 17:49:51] :: (35)->  setfreq 8650.058828
[2017-10-10 17:49:52] :: (26)->  setfreq
[2017-10-10 17:49:52] :: (35)->  setfreq 8650.068594
[2017-10-10 17:49:53] :: (26)->  setfreq
[2017-10-10 17:49:53] :: (35)->  setfreq 8650.078359
[2017-10-10 17:49:54] :: (26)->  setfreq
[2017-10-10 17:49:54] :: (35)->  setfreq 8650.088125
[2017-10-10 17:49:56] :: (26)->  setfreq
[2017-10-10 17:49:56] :: (35)->  setfreq 8650.077891
[2017-10-10 17:50:05] :: (4)->  setfreq
[2017-10-10 17:50:53] :: Can't bind local address.
[2017-10-10 17:51:12] :: Can't bind local address.
[2017-10-10 17:51:20] :: Can't bind local address.
[2017-10-10 17:51:50] :: Server up and running on TCP port 9001!
[2017-10-10 17:52:09] :: (4)->  setfreq
[2017-10-10 17:52:13] :: (4)->  setfreq
[2017-10-10 17:52:14] :: (4)->  setfreq
[2017-10-10 17:52:16] :: (4)->  setfreq
[2017-10-10 17:52:16] :: (4)->  setfreq
[2017-10-10 17:52:19] :: (4)->  setfreq
[2017-10-10 17:52:22] :: (4)->  setfreq
[2017-10-10 17:52:22] :: (4)->  setfreq
[2017-10-10 17:52:23] :: (4)->  setfreq
[2017-10-10 17:52:24] :: (4)->  setfreq
[2017-10-10 17:52:25] :: (4)->  setfreq
[2017-10-10 17:52:26] :: (4)->  setfreq
[2017-10-10 17:52:38] :: (4)->  q
[2017-10-10 17:52:40] :: (4)->  setfreq
[2017-10-10 17:52:43] :: (4)->  initsynth
[2017-10-10 17:52:44] :: (4)->  setfreq
[2017-10-10 17:52:46] :: (4)->  setfreq
[2017-10-10 17:52:49] :: (4)->  setfreq
[2017-10-10 17:52:50] :: (4)->  q
[2017-10-10 17:53:12] :: (4)->  setfreq
[2017-10-10 17:53:14] :: (6)->  setfreq
[2017-10-10 17:53:14] :: (8)->  setfreq 8650.010000
[2017-10-10 17:53:14] :: (4)->  setfreq
[2017-10-10 17:53:15] :: (4)->  setfreq
[2017-10-10 17:53:17] :: (6)->  setfreq
[2017-10-10 17:53:17] :: (8)->  setfreq 8650.019766
[2017-10-10 17:53:17] :: (4)->  setfreq
[2017-10-10 17:53:18] :: (4)->  setfreq
[2017-10-10 17:53:21] :: (6)->  setfreq
[2017-10-10 17:53:21] :: (8)->  setfreq 8650.029531
[2017-10-10 17:53:21] :: (4)->  setfreq
[2017-10-10 17:53:22] :: (4)->  setfreq
[2017-10-10 17:53:23] :: (6)->  setfreq
[2017-10-10 17:53:23] :: (8)->  setfreq 8650.019297
[2017-10-10 17:53:23] :: (4)->  setfreq
[2017-10-10 17:53:24] :: (4)->  setfreq
[2017-10-10 17:53:26] :: (6)->  setfreq
[2017-10-10 17:53:26] :: (8)->  setfreq 8650.009531
[2017-10-10 17:53:26] :: (4)->  setfreq
[2017-10-10 17:53:26] :: (4)->  setfreq
[2017-10-10 17:53:28] :: (6)->  setfreq
[2017-10-10 17:53:28] :: (8)->  setfreq 8649.999766
[2017-10-10 17:53:28] :: (4)->  setfreq
[2017-10-10 17:53:28] :: (4)->  setfreq
[2017-10-10 17:53:30] :: (6)->  setfreq
[2017-10-10 17:53:30] :: (8)->  setfreq 8649.990000
[2017-10-10 17:53:30] :: (4)->  setfreq
[2017-10-10 17:53:31] :: (4)->  setfreq
[2017-10-10 17:53:32] :: (6)->  setfreq
[2017-10-10 17:53:32] :: (8)->  setfreq 8649.980234
[2017-10-10 17:53:32] :: (4)->  setfreq
[2017-10-10 17:53:33] :: (4)->  setfreq
[2017-10-10 17:53:34] :: (6)->  setfreq
[2017-10-10 17:53:34] :: (8)->  setfreq 8649.990469
[2017-10-10 17:53:34] :: (4)->  setfreq
[2017-10-10 17:53:36] :: (6)->  setfreq
[2017-10-10 17:53:36] :: (8)->  setfreq 8650.000234
[2017-10-10 17:53:36] :: (4)->  setfreq
[2017-10-10 17:53:40] :: (6)->  radio
[2017-10-10 17:53:40] :: (8)->  radio 1
[2017-10-10 17:53:42] :: (8)->  setfreq
[2017-10-10 17:53:42] :: (9)->  setfreq 8649.990000
[2017-10-10 17:53:46] :: (8)->  setfreq
[2017-10-10 17:53:46] :: (9)->  setfreq 8650.000234
[2017-10-10 17:53:47] :: (8)->  setfreq
[2017-10-10 17:53:47] :: (9)->  setfreq 8650.010000
[2017-10-10 17:53:48] :: (8)->  setfreq
[2017-10-10 17:53:48] :: (9)->  setfreq 8650.019766
[2017-10-10 17:53:50] :: (8)->  setfreq
[2017-10-10 17:53:50] :: (9)->  setfreq 8650.029531
[2017-10-10 17:53:57] :: (4)->  setfreq
[2017-10-10 17:53:58] :: (4)->  setfreq
[2017-10-10 17:54:08] :: (4)->  setfreq
[2017-10-10 17:54:10] :: (4)->  setfreq
[2017-10-10 17:54:12] :: (4)->  setfreq
[2017-10-10 17:54:15] :: (4)->  setfreq
[2017-10-10 17:54:18] :: (4)->  q
[2017-10-10 17:56:02] :: Server up and running on TCP port 9001!
[2017-10-10 17:56:10] :: (4)->  setfreq
[2017-10-10 17:56:12] :: (6)->  radio
[2017-10-10 17:56:12] :: (8)->  radio 1
[2017-10-10 17:56:15] :: (8)->  setfreq
[2017-10-10 17:56:15] :: (9)->  setfreq 8649.990000
[2017-10-10 17:56:19] :: (4)->  setfreq
[2017-10-10 17:56:23] :: (8)->  setfreq
[2017-10-10 17:56:23] :: (9)->  setfreq 8650.000234
[2017-10-10 17:56:25] :: (8)->  setfreq
[2017-10-10 17:56:25] :: (9)->  setfreq 8650.010000
[2017-10-10 17:56:29] :: (4)->  setfreq
[2017-10-10 17:56:33] :: (8)->  setfreq
[2017-10-10 17:56:33] :: (9)->  setfreq 8650.019766
[2017-10-10 17:56:36] :: (8)->  setfreq
[2017-10-10 17:56:36] :: (9)->  setfreq 8650.029531
[2017-10-10 17:56:38] :: (8)->  setfreq
[2017-10-10 17:56:38] :: (9)->  setfreq 8650.039297
[2017-10-10 17:56:40] :: (9)->  setfreq
[2017-10-10 17:56:40] :: (10)->  setfreq 8650.049063
[2017-10-10 17:56:43] :: (8)->  setfreq
[2017-10-10 17:56:43] :: (9)->  setfreq 8650.058828
[2017-10-10 17:56:44] :: (8)->  setfreq
[2017-10-10 17:56:44] :: (9)->  setfreq 8650.068594
[2017-10-10 17:56:48] :: (8)->  setfreq
[2017-10-10 17:56:48] :: (9)->  setfreq 8650.058359
[2017-10-10 17:56:50] :: (8)->  setfreq
[2017-10-10 17:56:50] :: (9)->  setfreq 8650.068594
[2017-10-10 17:56:50] :: (8)->  setfreq
[2017-10-10 17:56:50] :: (9)->  setfreq 8650.078359
[2017-10-10 17:56:52] :: (8)->  setfreq
[2017-10-10 17:56:52] :: (9)->  setfreq 8650.088125
[2017-10-10 17:56:53] :: (8)->  setfreq
[2017-10-10 17:56:53] :: (9)->  setfreq 8650.097891
[2017-10-10 17:56:54] :: (8)->  setfreq
[2017-10-10 17:56:54] :: (9)->  setfreq 8650.107656
[2017-10-10 17:56:56] :: (8)->  setfreq
[2017-10-10 17:56:56] :: (9)->  setfreq 8650.117422
[2017-10-10 17:56:57] :: (8)->  setfreq
[2017-10-10 17:56:57] :: (9)->  setfreq 8650.127188
[2017-10-10 17:56:58] :: (8)->  setfreq
[2017-10-10 17:56:58] :: (9)->  setfreq 8650.136953
[2017-10-10 17:57:00] :: (8)->  setfreq
[2017-10-10 17:57:00] :: (9)->  setfreq 8650.126719
[2017-10-10 17:57:01] :: (8)->  setfreq
[2017-10-10 17:57:01] :: (9)->  setfreq 8650.116953
[2017-10-10 17:57:02] :: (8)->  setfreq
[2017-10-10 17:57:02] :: (9)->  setfreq 8650.107187
[2017-10-10 17:57:03] :: (8)->  setfreq
[2017-10-10 17:57:03] :: (9)->  setfreq 8650.097422
[2017-10-10 17:57:04] :: (8)->  setfreq
[2017-10-10 17:57:04] :: (9)->  setfreq 8650.087656
[2017-10-10 17:57:05] :: (8)->  setfreq
[2017-10-10 17:57:05] :: (10)->  setfreq 8650.077891
[2017-10-10 17:57:06] :: (8)->  setfreq
[2017-10-10 17:57:06] :: (9)->  setfreq 8650.068125
[2017-10-10 17:57:07] :: (8)->  setfreq
[2017-10-10 17:57:07] :: (9)->  setfreq 8650.058359
[2017-10-10 17:57:09] :: (8)->  setfreq
[2017-10-10 17:57:09] :: (9)->  setfreq 8650.068594
[2017-10-10 17:57:11] :: (8)->  setfreq
[2017-10-10 17:57:11] :: (9)->  setfreq 8650.058359
[2017-10-10 17:57:18] :: (4)->  setfreq
[2017-10-10 17:58:40] :: (8)->  setpower
[2017-10-10 17:58:40] :: (9)->  setpower usevco 1
[2017-10-10 17:58:44] :: (8)->  setpower
[2017-10-10 17:58:44] :: (9)->  setpower usevco 0
[2017-10-10 17:58:55] :: (8)->  setfreq
[2017-10-10 17:58:55] :: (9)->  setfreq 8650.048594
[2017-10-10 17:58:56] :: (8)->  setfreq
[2017-10-10 17:58:56] :: (9)->  setfreq 8650.058828
[2017-10-10 17:58:57] :: (8)->  setfreq
[2017-10-10 17:58:57] :: (9)->  setfreq 8650.068594
[2017-10-10 17:58:59] :: (8)->  setfreq
[2017-10-10 17:58:59] :: (9)->  setfreq 8650.078359
[2017-10-10 17:59:00] :: (8)->  setfreq
[2017-10-10 17:59:00] :: (9)->  setfreq 8650.068125
[2017-10-10 17:59:01] :: (8)->  setfreq
[2017-10-10 17:59:01] :: (9)->  setfreq 8650.058359
[2017-10-10 17:59:52] :: (8)->  setpower
[2017-10-10 17:59:52] :: (9)->  setpower pa3 0
[2017-10-10 18:18:10] :: (8)->  radio
[2017-10-10 18:18:10] :: (9)->  radio 0
[2017-10-10 18:18:16] :: (4)->  setfreq
[2017-10-10 18:18:19] :: (4)->  initsynth
[2017-10-10 18:18:22] :: (8)->  radio
[2017-10-10 18:18:22] :: (9)->  radio 1
[2017-10-10 18:18:26] :: (10)->  setfreq
[2017-10-10 18:18:26] :: (12)->  setfreq 8649.990000
[2017-10-10 18:18:29] :: (9)->  setfreq
[2017-10-10 18:18:29] :: (10)->  setfreq 8650.000234
[2017-10-10 18:18:30] :: (9)->  setfreq
[2017-10-10 18:18:30] :: (10)->  setfreq 8650.010000
[2017-10-10 18:18:31] :: (9)->  setfreq
[2017-10-10 18:18:31] :: (10)->  setfreq 8650.019766
[2017-10-10 18:18:32] :: (9)->  setfreq
[2017-10-10 18:18:32] :: (10)->  setfreq 8650.029531
[2017-10-10 18:18:33] :: (9)->  setfreq
[2017-10-10 18:18:33] :: (10)->  setfreq 8650.039297
[2017-10-10 18:18:34] :: (9)->  setfreq
[2017-10-10 18:18:34] :: (10)->  setfreq 8650.049063
[2017-10-10 18:18:35] :: (9)->  setfreq
[2017-10-10 18:18:35] :: (10)->  setfreq 8650.058828
[2017-10-10 18:18:37] :: (9)->  setfreq
[2017-10-10 18:18:37] :: (10)->  setfreq 8650.068594
[2017-10-10 18:18:39] :: (10)->  setfreq
[2017-10-10 18:18:39] :: (12)->  setfreq 8650.078359
[2017-10-10 18:18:41] :: (9)->  setfreq
[2017-10-10 18:18:41] :: (10)->  setfreq 8650.088125
[2017-10-10 18:18:42] :: (9)->  setfreq
[2017-10-10 18:18:42] :: (10)->  setfreq 8650.097891
[2017-10-10 18:18:43] :: (9)->  setfreq
[2017-10-10 18:18:43] :: (10)->  setfreq 8650.107656
[2017-10-10 18:18:45] :: (9)->  setfreq
[2017-10-10 18:18:45] :: (10)->  setfreq 8650.117422
[2017-10-10 18:18:46] :: (9)->  setfreq
[2017-10-10 18:18:46] :: (10)->  setfreq 8650.127188
[2017-10-10 18:18:47] :: (9)->  setfreq
[2017-10-10 18:18:47] :: (10)->  setfreq 8650.136953
[2017-10-10 18:18:49] :: (9)->  setfreq
[2017-10-10 18:18:49] :: (10)->  setfreq 8650.126719
[2017-10-10 18:18:49] :: (9)->  setfreq
[2017-10-10 18:18:49] :: (10)->  setfreq 8650.116953
[2017-10-10 18:18:51] :: (9)->  setfreq
[2017-10-10 18:18:51] :: (10)->  setfreq 8650.107187
[2017-10-10 18:18:52] :: (10)->  setfreq
[2017-10-10 18:18:52] :: (12)->  setfreq 8650.097422
[2017-10-10 18:18:53] :: (9)->  setfreq
[2017-10-10 18:18:53] :: (10)->  setfreq 8650.087656
[2017-10-10 18:18:54] :: (9)->  setfreq
[2017-10-10 18:18:54] :: (10)->  setfreq 8650.077891
[2017-10-10 18:18:55] :: (9)->  setfreq
[2017-10-10 18:18:55] :: (10)->  setfreq 8650.068125
[2017-10-10 18:18:56] :: (9)->  setfreq
[2017-10-10 18:18:56] :: (10)->  setfreq 8650.058359
[2017-10-10 18:19:00] :: (4)->  setfreq
[2017-10-10 18:19:05] :: (9)->  setfreq
[2017-10-10 18:19:05] :: (10)->  setfreq 8650.068594
[2017-10-10 18:19:10] :: (9)->  setfreq
[2017-10-10 18:19:10] :: (10)->  setfreq 8650.078359
[2017-10-10 18:19:13] :: (9)->  setfreq
[2017-10-10 18:19:13] :: (10)->  setfreq 8650.068125
[2017-10-10 18:19:14] :: (9)->  setfreq
[2017-10-10 18:19:14] :: (10)->  setfreq 8650.058359
[2017-10-10 18:19:15] :: (9)->  setfreq
[2017-10-10 18:19:15] :: (10)->  setfreq 8650.048594
[2017-10-10 18:19:16] :: (9)->  setfreq
[2017-10-10 18:19:16] :: (10)->  setfreq 8650.038828
[2017-10-10 18:19:18] :: (9)->  setfreq
[2017-10-10 18:19:18] :: (10)->  setfreq 8650.049063
[2017-10-10 18:19:18] :: (9)->  setfreq
[2017-10-10 18:19:18] :: (10)->  setfreq 8650.058828
[2017-10-10 18:19:27] :: (9)->  radio
[2017-10-10 18:19:27] :: (10)->  radio 0
[2017-10-10 18:19:51] :: (4)->  q
[2017-10-10 18:20:35] :: (4)->  setfreq
[2017-10-10 18:20:39] :: (4)->  initsynth
[2017-10-10 18:20:41] :: (9)->  radio
[2017-10-10 18:20:41] :: (10)->  radio 1
[2017-10-10 18:20:46] :: (10)->  setfreq
[2017-10-10 18:20:46] :: (12)->  setfreq 8649.995000
[2017-10-10 18:20:48] :: (10)->  setfreq
[2017-10-10 18:20:48] :: (12)->  setfreq 8649.990117
[2017-10-10 18:20:49] :: (10)->  setfreq
[2017-10-10 18:20:49] :: (12)->  setfreq 8649.995234
[2017-10-10 18:20:50] :: (10)->  setfreq
[2017-10-10 18:20:50] :: (12)->  setfreq 8650.000117
[2017-10-10 18:20:52] :: (12)->  setfreq
[2017-10-10 18:20:52] :: (14)->  setfreq 8650.005000
[2017-10-10 18:20:53] :: (10)->  setfreq
[2017-10-10 18:20:53] :: (12)->  setfreq 8650.009883
[2017-10-10 18:20:54] :: (10)->  setfreq
[2017-10-10 18:20:54] :: (12)->  setfreq 8650.014766
[2017-10-10 18:20:55] :: (10)->  setfreq
[2017-10-10 18:20:55] :: (12)->  setfreq 8650.019648
[2017-10-10 18:20:56] :: (10)->  setfreq
[2017-10-10 18:20:56] :: (12)->  setfreq 8650.024531
[2017-10-10 18:20:59] :: (10)->  setfreq
[2017-10-10 18:20:59] :: (12)->  setfreq 8650.029414
[2017-10-10 18:21:00] :: (10)->  setfreq
[2017-10-10 18:21:00] :: (12)->  setfreq 8650.034297
[2017-10-10 18:21:02] :: (10)->  setfreq
[2017-10-10 18:21:02] :: (12)->  setfreq 8650.039180
[2017-10-10 18:21:03] :: (10)->  setfreq
[2017-10-10 18:21:03] :: (12)->  setfreq 8650.044062
[2017-10-10 18:21:04] :: (12)->  setfreq
[2017-10-10 18:21:04] :: (14)->  setfreq 8650.048945
[2017-10-10 18:21:05] :: (10)->  setfreq
[2017-10-10 18:21:05] :: (12)->  setfreq 8650.053828
[2017-10-10 18:21:06] :: (10)->  setfreq
[2017-10-10 18:21:06] :: (12)->  setfreq 8650.058711
[2017-10-10 18:21:13] :: (4)->  setfreq
[2017-10-10 18:22:42] :: (10)->  setfreq
[2017-10-10 18:22:42] :: (12)->  setfreq 8650.063594
[2017-10-10 18:22:43] :: (10)->  setfreq
[2017-10-10 18:22:43] :: (12)->  setfreq 8650.068477
[2017-10-10 18:22:45] :: (12)->  setfreq
[2017-10-10 18:22:45] :: (14)->  setfreq 8650.073359
[2017-10-10 18:22:47] :: (10)->  setpower
[2017-10-10 18:22:47] :: (12)->  setpower pa3 1
[2017-10-10 18:22:49] :: (10)->  setfreq
[2017-10-10 18:22:49] :: (12)->  setfreq 8650.068242
[2017-10-10 18:22:51] :: (10)->  setfreq
[2017-10-10 18:22:51] :: (12)->  setfreq 8650.063359
[2017-10-10 18:22:52] :: (10)->  setfreq
[2017-10-10 18:22:52] :: (12)->  setfreq 8650.058477
[2017-10-10 18:22:53] :: (10)->  setfreq
[2017-10-10 18:22:53] :: (12)->  setfreq 8650.053594
[2017-10-10 18:22:55] :: (10)->  setfreq
[2017-10-10 18:22:55] :: (12)->  setfreq 8650.058711
[2017-10-10 18:23:03] :: (10)->  setpower
[2017-10-10 18:23:03] :: (12)->  setpower pa3 0
[2017-10-10 18:23:06] :: (10)->  setpower
[2017-10-10 18:23:06] :: (12)->  setpower pa2 0
[2017-10-10 18:23:15] :: (10)->  setpower
[2017-10-10 18:23:15] :: (12)->  setpower pa2 1
[2017-10-10 18:23:16] :: (10)->  setpower
[2017-10-10 18:23:16] :: (12)->  setpower pa1 0
[2017-10-10 18:32:44] :: (10)->  radio
[2017-10-10 18:32:44] :: (12)->  radio 0
[2017-10-10 18:32:47] :: (10)->  radio
[2017-10-10 18:32:47] :: (12)->  radio 1
[2017-10-10 18:35:02] :: (7)->  setfreq
[2017-10-10 18:35:02] :: (12)->  setfreq 8650.053594
[2017-10-10 18:35:03] :: (12)->  setfreq
[2017-10-10 18:35:03] :: (14)->  setfreq 8650.048711
[2017-10-10 18:35:05] :: (7)->  setfreq
[2017-10-10 18:35:05] :: (12)->  setfreq 8650.053828
[2017-10-10 18:38:31] :: (7)->  radio
[2017-10-10 18:38:31] :: (12)->  radio 0
[2017-10-10 20:01:18] :: (4)->  q
[2017-10-10 20:02:04] :: Server up and running on TCP port 9001!
[2017-10-10 20:02:10] :: (4)->  radio
[2017-10-10 20:02:10] :: (6)->  radio 1
[2017-10-10 20:02:16] :: (6)->  setfreq
[2017-10-10 20:02:16] :: (8)->  setfreq 8649.995000
[2017-10-10 20:02:17] :: (6)->  setfreq
[2017-10-10 20:02:17] :: (8)->  setfreq 8650.000117
[2017-10-10 20:02:19] :: (6)->  setfreq
[2017-10-10 20:02:19] :: (8)->  setfreq 8650.005000
[2017-10-10 20:02:20] :: (6)->  setfreq
[2017-10-10 20:02:20] :: (8)->  setfreq 8650.009883
[2017-10-10 20:02:21] :: (6)->  setfreq
[2017-10-10 20:02:21] :: (8)->  setfreq 8650.014766
[2017-10-10 20:02:22] :: (6)->  setfreq
[2017-10-10 20:02:22] :: (8)->  setfreq 8650.019648
[2017-10-10 20:02:22] :: (6)->  setfreq
[2017-10-10 20:02:22] :: (8)->  setfreq 8650.024531
[2017-10-10 20:02:23] :: (6)->  setfreq
[2017-10-10 20:02:23] :: (8)->  setfreq 8650.029414
[2017-10-10 20:02:24] :: (6)->  setfreq
[2017-10-10 20:02:24] :: (8)->  setfreq 8650.034297
[2017-10-10 20:02:24] :: (6)->  setfreq
[2017-10-10 20:02:24] :: (8)->  setfreq 8650.039180
[2017-10-10 20:02:25] :: (6)->  setfreq
[2017-10-10 20:02:25] :: (8)->  setfreq 8650.044062
[2017-10-10 20:02:35] :: (6)->  setfreq
[2017-10-10 20:06:43] :: (8)->  point
[2017-10-10 20:06:43] :: (9)->  point 1
[2017-10-10 20:06:50] :: (8)->  point
[2017-10-10 20:06:50] :: (9)->  point 2
[2017-10-10 20:06:51] :: (8)->  point
[2017-10-10 20:06:51] :: (9)->  point 0
[2017-10-10 20:15:18] :: (8)->  setdac 1 1
[2017-10-10 20:15:25] :: (8)->  mode
[2017-10-10 20:15:26] :: (8)->  setmode
[2017-10-10 20:15:29] :: (8)->  point
[2017-10-10 20:15:33] :: (8)->  point 1
[2017-10-10 20:15:37] :: (8)->  point 2
[2017-10-10 20:15:39] :: (8)->  point 3
[2017-10-10 20:15:41] :: (8)->  point 4
[2017-10-10 20:15:43] :: (8)->  point 0
[2017-10-10 20:15:48] :: (8)->  setdac 1 1000
[2017-10-10 20:17:10] :: Server up and running on TCP port 9001!
[2017-10-10 20:18:14] :: Server up and running on TCP port 9001!
[2017-10-10 20:18:52] :: Server up and running on TCP port 9001!
[2017-10-10 20:20:43] :: Server up and running on TCP port 9001!
[2017-10-10 20:28:50] :: (4)->  radio
[2017-10-10 20:28:50] :: (4)->  radio 1
[2017-10-10 20:28:56] :: (7)->  setfreq
[2017-10-10 20:28:56] :: (8)->  setfreq 8649.995000
[2017-10-10 20:28:57] :: (4)->  setfreq
[2017-10-10 20:28:57] :: (8)->  setfreq 8650.000117
[2017-10-10 20:29:00] :: (4)->  setfreq
[2017-10-10 20:29:00] :: (8)->  setfreq 8650.005000
[2017-10-10 20:29:01] :: (4)->  setfreq
[2017-10-10 20:29:01] :: (8)->  setfreq 8650.009883
[2017-10-10 20:29:02] :: (4)->  setfreq
[2017-10-10 20:29:02] :: (8)->  setfreq 8650.014766
[2017-10-10 20:29:03] :: (4)->  setfreq
[2017-10-10 20:29:03] :: (7)->  setfreq 8650.019648
[2017-10-10 20:29:04] :: (7)->  setfreq
[2017-10-10 20:29:04] :: (8)->  setfreq 8650.024531
[2017-10-10 20:29:05] :: (4)->  setfreq
[2017-10-10 20:29:05] :: (8)->  setfreq 8650.029414
[2017-10-10 20:29:06] :: (4)->  setfreq
[2017-10-10 20:29:06] :: (8)->  setfreq 8650.034297
[2017-10-10 20:29:16] :: (4)->  point
[2017-10-10 20:29:16] :: (8)->  point 1
[2017-10-10 20:29:27] :: (4)->  point
[2017-10-10 20:29:27] :: (7)->  point 2
[2017-10-10 20:29:28] :: (4)->  point
[2017-10-10 20:29:28] :: (7)->  point 0
[2017-10-10 20:30:46] :: (4)->  setpower
[2017-10-10 20:30:46] :: (7)->  setpower pa1 1
[2017-10-10 20:30:46] :: (4)->  setpower
[2017-10-10 20:30:46] :: (7)->  setpower pa3 1
[2017-10-10 20:31:01] :: (4)->  point
[2017-10-10 20:31:01] :: (8)->  point 1
[2017-10-10 20:31:15] :: (7)->  point
[2017-10-10 20:31:15] :: (8)->  point 2
[2017-10-10 20:31:17] :: (4)->  point
[2017-10-10 20:31:17] :: (7)->  point 0
[2017-10-10 20:31:39] :: (4)->  radio
[2017-10-10 20:31:39] :: (8)->  radio 0
[2017-10-10 20:31:41] :: (4)->  setpower
[2017-10-10 20:31:41] :: (7)->  setpower usevco 1
[2017-10-10 20:31:51] :: (4)->  setpower
[2017-10-10 20:31:51] :: (7)->  setpower usevco 0
[2017-10-10 20:31:52] :: (4)->  radio
[2017-10-10 20:31:52] :: (4)->  radio 1
[2017-10-10 20:33:26] :: (4)->  point
[2017-10-10 20:33:26] :: (8)->  point 1
[2017-10-10 20:33:33] :: (4)->  point
[2017-10-10 20:33:33] :: (8)->  point 2
[2017-10-10 20:33:33] :: (4)->  point
[2017-10-10 20:33:33] :: (8)->  point 0
[2017-10-10 20:46:27] :: (4)->  radio
[2017-10-10 20:46:27] :: (4)->  radio 0
[2017-10-10 20:46:28] :: (8)->  radio
[2017-10-10 20:46:28] :: (8)->  radio 1
[2017-10-10 20:48:06] :: (4)->  setfreq
[2017-10-10 20:48:06] :: (8)->  setfreq 8650.039180
[2017-10-10 20:48:07] :: (4)->  setfreq
[2017-10-10 20:48:07] :: (12)->  setfreq 8650.044062
[2017-10-10 20:48:10] :: (4)->  setfreq
[2017-10-10 20:48:10] :: (12)->  setfreq 8650.048945
[2017-10-10 20:48:12] :: (8)->  setfreq
[2017-10-10 20:48:12] :: (12)->  setfreq 8650.053828
[2017-10-10 20:49:18] :: (4)->  point
[2017-10-10 20:49:18] :: (8)->  point 1
[2017-10-10 20:49:36] :: (4)->  point
[2017-10-10 20:49:36] :: (8)->  point 2
[2017-10-10 20:49:36] :: (4)->  point
[2017-10-10 20:49:36] :: (8)->  point 0
[2017-10-10 21:00:39] :: (4)->  radio
[2017-10-10 21:00:39] :: (4)->  radio 0
[2017-10-10 21:00:44] :: (4)->  radio
[2017-10-10 21:00:44] :: (4)->  radio 1
[2017-10-10 21:01:07] :: (4)->  setfreq
[2017-10-10 21:01:07] :: (13)->  setfreq 8650.048711
[2017-10-10 21:01:12] :: (4)->  setfreq
[2017-10-10 21:01:12] :: (13)->  setfreq 8650.053828
[2017-10-10 21:01:28] :: (4)->  setfreq
[2017-10-10 21:01:28] :: (13)->  setfreq 8650.058711
[2017-10-10 21:03:30] :: (4)->  setfreq
[2017-10-10 21:03:30] :: (12)->  setfreq 8650.063594
[2017-10-10 21:05:19] :: (4)->  radio
[2017-10-10 21:05:19] :: (12)->  radio 0
[2017-10-10 21:05:20] :: (12)->  setpower
[2017-10-10 21:05:20] :: (4)->  setpower usevco 1
[2017-10-10 21:07:06] :: (4)->  setpower
[2017-10-10 21:07:06] :: (12)->  setpower usevco 0
[2017-10-10 21:07:08] :: (4)->  radio
[2017-10-10 21:07:08] :: (4)->  radio 1
[2017-10-10 21:10:38] :: (4)->  setfreq
[2017-10-10 21:10:38] :: (13)->  setfreq 8650.058477
[2017-10-10 21:10:40] :: (13)->  setfreq
[2017-10-10 21:10:40] :: (16)->  setfreq 8650.053594
[2017-10-10 21:12:37] :: (4)->  setfreq
[2017-10-10 21:12:37] :: (13)->  setfreq 8650.048711
[2017-10-10 21:12:40] :: (13)->  setfreq
[2017-10-10 21:12:40] :: (16)->  setfreq 8650.043828
[2017-10-10 21:12:42] :: (13)->  setfreq
[2017-10-10 21:12:42] :: (4)->  setfreq 8650.038945
[2017-10-10 21:12:43] :: (4)->  setfreq
[2017-10-10 21:12:43] :: (16)->  setfreq 8650.034063
[2017-10-10 21:12:46] :: (4)->  setfreq
[2017-10-10 21:12:46] :: (16)->  setfreq 8650.039180
[2017-10-10 21:12:47] :: (13)->  setfreq
[2017-10-10 21:12:47] :: (16)->  setfreq 8650.044062
[2017-10-10 21:12:48] :: (4)->  setfreq
[2017-10-10 21:12:48] :: (13)->  setfreq 8650.048945
[2017-10-10 21:12:50] :: (4)->  setfreq
[2017-10-10 21:12:50] :: (13)->  setfreq 8650.053828
[2017-10-10 21:13:19] :: (4)->  radio
[2017-10-10 21:13:19] :: (13)->  radio 0
[2017-10-10 21:25:26] :: (4)->  radio
[2017-10-10 21:25:26] :: (4)->  radio 1
[2017-10-10 21:26:00] :: (4)->  radio
[2017-10-10 21:26:00] :: (16)->  radio 0
[2017-10-10 21:26:02] :: (4)->  setpower
[2017-10-10 21:26:02] :: (16)->  setpower usevco 1
[2017-10-10 21:26:16] :: (16)->  setfreq
[2017-10-10 21:26:16] :: (16)->  setfreq 8650.048711
[2017-10-10 21:26:18] :: (16)->  setfreq
[2017-10-10 21:26:18] :: (16)->  setfreq 8650.043828
[2017-10-10 21:26:19] :: (16)->  setfreq
[2017-10-10 21:26:19] :: (16)->  setfreq 8650.038945
[2017-10-10 21:26:20] :: (4)->  setfreq
[2017-10-10 21:26:20] :: (4)->  setfreq 8650.034063
[2017-10-10 21:26:21] :: (4)->  setfreq
[2017-10-10 21:26:21] :: (16)->  setfreq 8650.029180
[2017-10-10 21:26:22] :: (4)->  setfreq
[2017-10-10 21:26:22] :: (16)->  setfreq 8650.024297
[2017-10-10 21:26:23] :: (4)->  setfreq
[2017-10-10 21:26:23] :: (16)->  setfreq 8650.019414
[2017-10-10 21:26:34] :: (16)->  setfreq 8600
[2017-10-10 21:27:47] :: Server up and running on TCP port 9001!
[2017-10-10 21:28:18] :: (6)->  initsynth
[2017-10-10 21:29:21] :: (4)->  setpower
[2017-10-10 21:29:21] :: (4)->  setpower usevco 0
[2017-10-10 21:29:24] :: (7)->  radio
[2017-10-10 21:29:24] :: (7)->  radio 1
[2017-10-10 21:31:26] :: (6)->  q
[2017-10-10 21:31:32] :: (4)->  radio
[2017-10-10 21:31:32] :: (7)->  radio 0
[2017-10-10 21:31:33] :: (4)->  radio
[2017-10-10 21:31:33] :: (4)->  radio 1
[2017-10-10 21:40:42] :: (4)->  setpower
[2017-10-10 21:40:42] :: (7)->  setpower msb 1
[2017-10-10 21:40:43] :: (4)->  setpower
[2017-10-10 21:40:43] :: (7)->  setpower lsb 1
[2017-10-10 21:59:13] :: (7)->  setpower
[2017-10-10 21:59:13] :: (4)->  setpower msb 0
[2017-10-10 21:59:13] :: (7)->  setpower
[2017-10-10 21:59:13] :: (4)->  setpower lsb 0
[2017-10-10 21:59:20] :: (4)->  radio
[2017-10-10 21:59:20] :: (4)->  radio 0
[2017-10-10 21:59:29] :: (9)->  radio
[2017-10-10 21:59:29] :: (9)->  radio 1
[2017-10-10 21:59:32] :: (7)->  radio
[2017-10-10 21:59:32] :: (4)->  radio 0
[2017-10-10 23:16:19] :: (7)->  point
[2017-10-10 23:16:19] :: (7)->  point 1
[2017-10-10 23:16:23] :: (4)->  point
[2017-10-10 23:16:23] :: (4)->  point 2
[2017-10-10 23:16:29] :: (4)->  point
[2017-10-10 23:16:29] :: (4)->  point 0
[2017-10-10 23:16:36] :: (7)->  setpower
[2017-10-10 23:16:36] :: (4)->  setpower pa2 0
[2017-10-10 23:16:37] :: (4)->  setpower
[2017-10-10 23:16:37] :: (7)->  setpower pa1 0
[2017-10-10 23:17:09] :: (4)->  setpower
[2017-10-10 23:17:09] :: (7)->  setpower pa3 0
[2017-10-10 23:32:47] :: (9)->  setpower
[2017-10-10 23:32:47] :: (9)->  setpower pa3 1
[2017-10-10 23:32:52] :: (4)->  setpower
[2017-10-10 23:32:52] :: (4)->  setpower pa3 0
[2017-10-10 23:34:47] :: (4)->  setpower
[2017-10-10 23:34:47] :: (4)->  setpower pa3 1
[2017-10-10 23:34:58] :: (4)->  setpower
[2017-10-10 23:34:58] :: (4)->  setpower pa3 0
[2017-10-10 23:36:00] :: (4)->  setpower
[2017-10-10 23:36:00] :: (4)->  setpower pa3 1
[2017-10-10 23:36:05] :: (7)->  setpower
[2017-10-10 23:36:05] :: (9)->  setpower pa3 0
[2017-10-10 23:38:26] :: Server up and running on TCP port 9001!
[2017-10-10 23:38:34] :: (5)->  radio
[2017-10-10 23:38:34] :: (5)->  radio 1
[2017-10-10 23:39:07] :: (5)->  radio
[2017-10-10 23:39:07] :: (5)->  radio 0
[2017-10-10 23:39:13] :: (5)->  radio
[2017-10-10 23:39:13] :: (5)->  radio 1
[2017-10-10 23:39:19] :: (4)->  radio
[2017-10-10 23:39:19] :: (5)->  radio 0
[2017-10-10 23:41:03] :: (4)->  radio
[2017-10-10 23:41:03] :: (4)->  radio 1
[2017-10-10 23:41:14] :: (4)->  radio
[2017-10-10 23:41:14] :: (11)->  radio 0
[2017-10-10 23:41:51] :: (4)->  radio
[2017-10-10 23:41:51] :: (4)->  radio 1
[2017-10-10 23:42:03] :: (4)->  radio
[2017-10-10 23:42:03] :: (11)->  radio 0
[2017-10-10 23:43:12] :: (4)->  radio
[2017-10-10 23:43:12] :: (4)->  radio 1
[2017-10-10 23:43:31] :: (4)->  radio
[2017-10-10 23:43:31] :: (14)->  radio 0
[2017-10-11 00:00:24] :: (4)->  setpower
[2017-10-11 00:00:24] :: (4)->  setpower pa2 1
[2017-10-11 00:00:25] :: (14)->  setpower
[2017-10-11 00:00:25] :: (16)->  setpower pa1 1
[2017-10-11 00:00:26] :: (4)->  setpower
[2017-10-11 00:00:26] :: (14)->  setpower pa3 1
[2017-10-11 00:00:30] :: (4)->  radio
[2017-10-11 00:00:30] :: (4)->  radio 1
[2017-10-11 00:00:38] :: (16)->  radio
[2017-10-11 00:00:38] :: (16)->  radio 0
[2017-10-11 00:00:50] :: (16)->  radio
[2017-10-11 00:00:50] :: (16)->  radio 1
[2017-10-11 00:00:54] :: (16)->  setfreq
[2017-10-11 00:00:54] :: (16)->  setfreq 8649.995000
[2017-10-11 00:00:55] :: (4)->  setfreq
[2017-10-11 00:00:55] :: (4)->  setfreq 8649.990117
[2017-10-11 00:00:56] :: (4)->  setfreq
[2017-10-11 00:00:56] :: (4)->  setfreq 8649.985234
[2017-10-11 00:00:57] :: (16)->  setfreq
[2017-10-11 00:00:57] :: (20)->  setfreq 8649.980352
[2017-10-11 00:00:57] :: (16)->  setfreq
[2017-10-11 00:00:57] :: (20)->  setfreq 8649.975469
[2017-10-11 00:00:59] :: (4)->  setfreq
[2017-10-11 00:00:59] :: (16)->  setfreq 8649.980586
[2017-10-11 00:01:00] :: (4)->  setfreq
[2017-10-11 00:01:00] :: (4)->  setfreq 8649.985469
[2017-10-11 00:01:01] :: (16)->  setfreq
[2017-10-11 00:01:01] :: (16)->  setfreq 8649.990352
[2017-10-11 00:01:02] :: (4)->  setfreq
[2017-10-11 00:01:02] :: (4)->  setfreq 8649.995234
[2017-10-11 00:01:02] :: (4)->  setfreq
[2017-10-11 00:01:02] :: (4)->  setfreq 8650.000117
[2017-10-11 00:01:03] :: (4)->  setfreq
[2017-10-11 00:01:03] :: (4)->  setfreq 8650.005000
[2017-10-11 00:01:04] :: (4)->  setfreq
[2017-10-11 00:01:04] :: (4)->  setfreq 8650.009883
[2017-10-11 00:01:05] :: (16)->  setfreq
[2017-10-11 00:01:05] :: (16)->  setfreq 8650.014766
[2017-10-11 00:01:06] :: (16)->  setfreq
[2017-10-11 00:01:06] :: (16)->  setfreq 8650.019648
[2017-10-11 00:01:07] :: (16)->  setfreq
[2017-10-11 00:01:07] :: (16)->  setfreq 8650.024531
[2017-10-11 00:01:08] :: (4)->  setfreq
[2017-10-11 00:01:08] :: (4)->  setfreq 8650.029414
[2017-10-11 00:01:09] :: (16)->  setfreq
[2017-10-11 00:01:09] :: (16)->  setfreq 8650.034297
[2017-10-11 00:01:10] :: (4)->  setfreq
[2017-10-11 00:01:10] :: (4)->  setfreq 8650.039180
[2017-10-11 00:01:12] :: (4)->  setfreq
[2017-10-11 00:01:12] :: (4)->  setfreq 8650.034063
[2017-10-11 00:02:29] :: (4)->  radio
[2017-10-11 00:02:29] :: (4)->  radio 0
[2017-10-11 00:02:31] :: (16)->  radio
[2017-10-11 00:02:31] :: (16)->  radio 1
[2017-10-11 00:02:34] :: (16)->  radio
[2017-10-11 00:02:34] :: (16)->  radio 0
[2017-10-11 00:02:42] :: (4)->  radio
[2017-10-11 00:02:42] :: (4)->  radio 1
[2017-10-11 00:03:02] :: (21)->  radio
[2017-10-11 00:03:02] :: (21)->  radio 0
[2017-10-11 00:03:04] :: (4)->  radio
[2017-10-11 00:03:04] :: (4)->  radio 1
[2017-10-11 00:03:15] :: (4)->  radio
[2017-10-11 00:03:15] :: (4)->  radio 0
[2017-10-11 00:03:17] :: (4)->  radio
[2017-10-11 00:03:17] :: (4)->  radio 1
[2017-10-11 00:03:38] :: (4)->  setfreq
[2017-10-11 00:03:38] :: (4)->  setfreq 8650.039180
[2017-10-11 00:03:54] :: (26)->  point
[2017-10-11 00:03:54] :: (26)->  point 1
[2017-10-11 00:04:02] :: (4)->  point
[2017-10-11 00:04:02] :: (4)->  point 2
[2017-10-11 00:04:10] :: (4)->  point
[2017-10-11 00:04:10] :: (4)->  point 0
[2017-10-11 00:05:23] :: (28)->  radio
[2017-10-11 00:05:23] :: (28)->  radio 0
[2017-10-11 00:05:30] :: (26)->  radio
[2017-10-11 00:05:30] :: (26)->  radio 1
[2017-10-11 00:05:58] :: (26)->  radio
[2017-10-11 00:05:58] :: (26)->  radio 0
[2017-10-11 00:06:00] :: (4)->  radio
[2017-10-11 00:06:00] :: (4)->  radio 1
[2017-10-11 00:06:34] :: (4)->  radio
[2017-10-11 00:06:34] :: (30)->  radio 0
[2017-10-11 00:06:49] :: (30)->  radio
[2017-10-11 00:06:49] :: (30)->  radio 1
[2017-10-11 00:07:40] :: (4)->  point
[2017-10-11 00:07:40] :: (4)->  point 1
[2017-10-11 00:07:48] :: (4)->  setpower
[2017-10-11 00:07:48] :: (4)->  setpower pa3 0
[2017-10-11 00:07:51] :: (4)->  setpower
[2017-10-11 00:07:51] :: (4)->  setpower pa2 0
[2017-10-11 00:08:01] :: (4)->  setfreq
[2017-10-11 00:08:01] :: (4)->  setfreq 8650.044062
[2017-10-11 00:17:44] :: (4)->  radio
[2017-10-11 00:17:44] :: (4)->  radio 0
[2017-10-11 00:17:46] :: (4)->  radio
[2017-10-11 00:17:46] :: (4)->  radio 1
[2017-10-11 00:17:57] :: (34)->  setfreq
[2017-10-11 00:17:57] :: (34)->  setfreq 8650.048945
[2017-10-11 00:17:59] :: (4)->  setfreq
[2017-10-11 00:17:59] :: (4)->  setfreq 8650.043828
[2017-10-11 00:18:00] :: (4)->  setfreq
[2017-10-11 00:18:00] :: (4)->  setfreq 8650.038945
[2017-10-11 00:18:09] :: (4)->  setfreq
[2017-10-11 00:18:09] :: (4)->  setfreq 8650.044062
[2017-10-11 00:19:37] :: (4)->  setpower
[2017-10-11 00:19:37] :: (4)->  setpower pa1 0
[2017-10-11 00:19:39] :: (4)->  setpower
[2017-10-11 00:19:39] :: (4)->  setpower pa2 1
[2017-10-11 00:19:44] :: (34)->  setpower
[2017-10-11 00:19:44] :: (34)->  setpower pa3 1
[2017-10-11 00:19:46] :: (4)->  setpower
[2017-10-11 00:19:46] :: (4)->  setpower pa2 0
[2017-10-11 00:19:55] :: (4)->  setpower
[2017-10-11 00:19:55] :: (4)->  setpower pa1 1
[2017-10-11 00:19:57] :: (34)->  setpower
[2017-10-11 00:19:57] :: (34)->  setpower pa3 0
[2017-10-11 00:20:02] :: (4)->  setpower
[2017-10-11 00:20:02] :: (4)->  setpower pa2 1
[2017-10-11 00:20:03] :: (4)->  setpower
[2017-10-11 00:20:03] :: (4)->  setpower pa1 0
[2017-10-11 00:20:08] :: (4)->  setpower
[2017-10-11 00:20:08] :: (4)->  setpower pa2 0
[2017-10-11 00:20:10] :: (4)->  setpower
[2017-10-11 00:20:10] :: (4)->  setpower pa1 1
[2017-10-11 00:20:21] :: (4)->  radio
[2017-10-11 00:20:21] :: (4)->  radio 0
[2017-10-11 00:20:24] :: (4)->  radio
[2017-10-11 00:20:24] :: (4)->  radio 1
[2017-10-11 00:24:57] :: (4)->  radio
[2017-10-11 00:24:57] :: (4)->  radio 0
[2017-10-11 00:25:12] :: (4)->  radio
[2017-10-11 00:25:12] :: (4)->  radio 1
[2017-10-11 00:26:45] :: (4)->  radio
[2017-10-11 00:26:45] :: (4)->  radio 0
[2017-10-11 00:26:46] :: (4)->  radio
[2017-10-11 00:26:46] :: (4)->  radio 1
[2017-10-11 00:28:12] :: (4)->  radio
[2017-10-11 00:28:12] :: (40)->  radio 0
[2017-10-11 00:28:13] :: (4)->  radio
[2017-10-11 00:28:13] :: (4)->  radio 1
[2017-10-11 00:28:25] :: (4)->  radio
[2017-10-11 00:28:25] :: (4)->  radio 0
[2017-10-11 00:28:26] :: (4)->  radio
[2017-10-11 00:28:26] :: (4)->  radio 1
[2017-10-11 00:28:38] :: (4)->  radio
[2017-10-11 00:28:38] :: (4)->  radio 0
[2017-10-11 00:28:40] :: (4)->  radio
[2017-10-11 00:28:40] :: (4)->  radio 1
[2017-10-11 00:29:18] :: (4)->  radio
[2017-10-11 00:29:18] :: (4)->  radio 0
[2017-10-11 00:29:23] :: (4)->  radio
[2017-10-11 00:29:23] :: (4)->  radio 1
[2017-10-11 00:29:34] :: (4)->  setfreq
[2017-10-11 00:29:34] :: (4)->  setfreq 8650.048945
[2017-10-11 00:29:39] :: (4)->  setfreq
[2017-10-11 00:29:39] :: (4)->  setfreq 8650.043828
[2017-10-11 00:29:40] :: (4)->  setfreq
[2017-10-11 00:29:40] :: (4)->  setfreq 8650.038945
[2017-10-11 00:29:43] :: (4)->  setfreq
[2017-10-11 00:29:43] :: (4)->  setfreq 8650.044062
[2017-10-11 00:37:12] :: (4)->  radio
[2017-10-11 00:37:12] :: (4)->  radio 0
[2017-10-11 00:37:16] :: (4)->  radio
[2017-10-11 00:37:16] :: (4)->  radio 1
[2017-10-11 00:43:49] :: (4)->  setpower
[2017-10-11 00:43:49] :: (4)->  setpower pa1 0
[2017-10-11 00:43:50] :: (4)->  radio
[2017-10-11 00:43:50] :: (4)->  radio 0
[2017-10-11 15:08:29] :: (4)->  radio
[2017-10-11 15:08:29] :: (4)->  radio 1
[2017-10-11 15:08:35] :: (4)->  radio
[2017-10-11 15:08:35] :: (4)->  radio 0
[2017-10-11 15:08:40] :: (4)->  setpower
[2017-10-11 15:08:40] :: (4)->  setpower pa2 1
[2017-10-11 15:09:06] :: (4)->  setdac 
[2017-10-11 15:09:10] :: (4)->  setdac
[2017-10-11 15:09:13] :: (4)->  setdac 1 1000
[2017-10-11 15:09:15] :: (4)->  setdac 2 1000
[2017-10-11 15:09:19] :: (4)->  setdac 3 1000
[2017-10-11 15:09:30] :: (4)->  help
[2017-10-11 15:09:33] :: (4)->  q
[2017-10-11 15:10:00] :: (4)->  setdac 5
[2017-10-11 15:10:00] :: (4)->  
[2017-10-11 15:10:03] :: (4)->  setdac 0 1000
[2017-10-11 15:10:05] :: (4)->  setdac 1 1000
[2017-10-11 15:10:07] :: (4)->  setdac 2 1000
[2017-10-11 15:10:11] :: (4)->  q
[2017-10-11 15:12:19] :: (4)->  radio
[2017-10-11 15:12:19] :: (4)->  radio 1
[2017-10-11 15:12:33] :: (4)->  setfreq
[2017-10-11 15:12:33] :: (4)->  setfreq 8650.038945
[2017-10-11 15:12:34] :: (4)->  setfreq
[2017-10-11 15:12:34] :: (4)->  setfreq 8650.034063
[2017-10-11 15:12:45] :: (4)->  point
[2017-10-11 15:12:45] :: (4)->  point 2
[2017-10-11 15:12:46] :: (4)->  point
[2017-10-11 15:12:46] :: (4)->  point 0
[2017-10-11 15:12:59] :: (4)->  setpower
[2017-10-11 15:12:59] :: (54)->  setpower pa2 0
[2017-10-11 15:13:00] :: (4)->  setpower
[2017-10-11 15:13:00] :: (4)->  setpower pa2 1
[2017-10-11 15:13:02] :: (4)->  setpower
[2017-10-11 15:13:02] :: (54)->  setpower pa1 1
[2017-10-11 15:13:10] :: (4)->  setpower
[2017-10-11 15:13:10] :: (54)->  setpower pa3 1
[2017-10-11 15:13:20] :: (4)->  setpower
[2017-10-11 15:13:20] :: (54)->  setpower pa3 0
[2017-10-11 15:13:22] :: (54)->  setpower
[2017-10-11 15:13:22] :: (4)->  setpower pa1 0
[2017-10-11 15:13:25] :: (54)->  point
[2017-10-11 15:13:25] :: (54)->  point 1
[2017-10-11 15:14:07] :: (4)->  point
[2017-10-11 15:14:07] :: (4)->  point 2
[2017-10-11 15:14:08] :: (4)->  point
[2017-10-11 15:14:08] :: (4)->  point 0
[2017-10-11 15:14:09] :: (54)->  setpower
[2017-10-11 15:14:09] :: (54)->  setpower pa1 1
[2017-10-11 15:14:10] :: (4)->  setpower
[2017-10-11 15:14:10] :: (54)->  setpower pa3 1
[2017-10-11 15:15:36] :: (4)->  point
[2017-10-11 15:15:36] :: (54)->  point 1
[2017-10-11 15:18:25] :: (4)->  radio
[2017-10-11 15:18:25] :: (4)->  radio 0
[2017-10-11 15:18:27] :: (4)->  radio
[2017-10-11 15:18:27] :: (4)->  radio 1
[2017-10-11 15:21:07] :: (4)->  radio
[2017-10-11 15:21:07] :: (4)->  radio 0
[2017-10-11 15:21:09] :: (4)->  radio
[2017-10-11 15:21:09] :: (4)->  radio 1
[2017-10-11 15:24:19] :: (4)->  radio
[2017-10-11 15:24:19] :: (4)->  radio 0
[2017-10-11 15:25:31] :: (4)->  radio
[2017-10-11 15:25:31] :: (4)->  radio 1
[2017-10-11 15:25:38] :: (4)->  radio
[2017-10-11 15:25:38] :: (4)->  radio 0
[2017-10-11 15:25:44] :: (4)->  radio
[2017-10-11 15:25:44] :: (4)->  radio 1
[2017-10-11 15:25:57] :: (4)->  setfreq
[2017-10-11 15:25:57] :: (4)->  setfreq 8650.039180
[2017-10-11 15:25:58] :: (4)->  setfreq
[2017-10-11 15:25:58] :: (4)->  setfreq 8650.044062
[2017-10-11 15:25:59] :: (4)->  setfreq
[2017-10-11 15:25:59] :: (4)->  setfreq 8650.048945
[2017-10-11 15:27:27] :: (4)->  radio
[2017-10-11 15:27:27] :: (4)->  radio 0
[2017-10-11 15:28:24] :: (4)->  radio
[2017-10-11 15:28:24] :: (4)->  radio 1
[2017-10-11 15:28:26] :: (4)->  radio
[2017-10-11 15:28:26] :: (4)->  radio 0
[2017-10-11 15:29:25] :: (4)->  radio
[2017-10-11 15:29:25] :: (4)->  radio 1
[2017-10-11 15:30:38] :: (4)->  radio
[2017-10-11 15:30:38] :: (4)->  radio 0
[2017-10-12 15:49:58] :: Server up and running on TCP port 9001!
[2017-10-12 15:50:31] :: Server up and running on TCP port 9001!
[2017-10-12 15:51:07] :: Server up and running on TCP port 9001!
[2017-10-12 15:51:13] :: (4)->  point
[2017-10-12 15:51:13] :: (4)->  point 1
[2017-10-12 15:51:17] :: (4)->  point
[2017-10-12 15:51:17] :: (4)->  point 2
[2017-10-12 15:51:23] :: (4)->  point
[2017-10-12 15:51:23] :: (4)->  point 0
[2017-10-12 15:51:31] :: (6)->  point
[2017-10-12 15:51:31] :: (6)->  point 1
[2017-10-12 15:51:33] :: (4)->  point
[2017-10-12 15:51:33] :: (4)->  point 2
[2017-10-12 15:51:34] :: (4)->  point
[2017-10-12 15:51:34] :: (4)->  point 0
[2017-10-12 16:06:45] :: Server up and running on TCP port 9001!
[2017-10-12 16:16:18] :: (5)->  point
[2017-10-12 16:16:18] :: (7)->  point 1
[2017-10-12 16:16:23] :: (4)->  point
[2017-10-12 16:16:23] :: (5)->  point 2
[2017-10-12 16:16:23] :: (4)->  point
[2017-10-12 16:16:23] :: (4)->  point 0
[2017-10-12 16:16:28] :: (5)->  point
[2017-10-12 16:16:28] :: (7)->  point 1
[2017-10-12 16:16:29] :: (4)->  point
[2017-10-12 16:16:29] :: (4)->  point 2
[2017-10-12 16:16:33] :: (5)->  point
[2017-10-12 16:16:33] :: (5)->  point 0
[2017-10-12 16:16:34] :: (4)->  point
[2017-10-12 16:16:34] :: (5)->  point 1
[2017-10-12 16:16:38] :: (4)->  point
[2017-10-12 16:16:38] :: (4)->  point 2
[2017-10-12 16:16:41] :: (4)->  point
[2017-10-12 16:16:41] :: (4)->  point 0
[2017-10-12 16:16:50] :: (5)->  setpower
[2017-10-12 16:16:50] :: (7)->  setpower lsb 1
[2017-10-12 16:17:05] :: (5)->  setpower
[2017-10-12 16:17:05] :: (5)->  setpower msb 1
[2017-10-12 16:17:19] :: (5)->  setpower
[2017-10-12 16:17:19] :: (5)->  setpower msb 0
[2017-10-12 16:17:32] :: (5)->  setpower
[2017-10-12 16:17:32] :: (7)->  setpower lsb 0
[2017-10-12 16:28:46] :: Server up and running on TCP port 9001!
[2017-10-12 16:30:23] :: Server up and running on TCP port 9001!
[2017-10-12 16:30:54] :: (5)->  setpower
[2017-10-12 16:30:54] :: (7)->  setpower lsb 1
[2017-10-12 16:31:00] :: (5)->  setpower
[2017-10-12 16:31:00] :: (7)->  setpower msb 1
[2017-10-12 16:31:06] :: (5)->  setpower
[2017-10-12 16:31:06] :: (7)->  setpower msb 0
[2017-10-12 16:31:11] :: (5)->  setpower
[2017-10-12 16:31:11] :: (4)->  setpower lsb 0
[2017-10-12 16:31:58] :: Server up and running on TCP port 9001!
[2017-10-12 16:32:31] :: Server up and running on TCP port 9001!
[2017-10-12 16:33:42] :: Server up and running on TCP port 9001!
[2017-10-12 16:33:48] :: (5)->  setpower
[2017-10-12 16:33:48] :: (5)->  setpower pa2 1
[2017-10-12 16:33:53] :: (5)->  setpower
[2017-10-12 16:33:53] :: (7)->  setpower msb 1
[2017-10-12 16:33:54] :: (5)->  setpower
[2017-10-12 16:33:54] :: (7)->  setpower lsb 1
[2017-10-12 16:34:36] :: Server up and running on TCP port 9001!
[2017-10-12 16:34:49] :: (5)->  setpower
[2017-10-12 16:34:49] :: (5)->  setpower msb 0
[2017-10-12 16:34:56] :: (5)->  setpower
[2017-10-12 16:34:56] :: (6)->  setpower lsb 0
[2017-10-12 16:35:16] :: (5)->  setpower
[2017-10-12 16:35:16] :: (5)->  setpower msb 1
[2017-10-12 16:35:16] :: (5)->  setpower
[2017-10-12 16:35:16] :: (5)->  setpower lsb 1
[2017-10-12 16:35:46] :: Server up and running on TCP port 9001!
[2017-10-12 16:35:54] :: (4)->  setpower
[2017-10-12 16:35:54] :: (4)->  setpower msb 0
[2017-10-12 16:35:55] :: (5)->  setpower
[2017-10-12 16:35:55] :: (4)->  setpower lsb 0
[2017-10-12 16:36:02] :: (5)->  setpower
[2017-10-12 16:36:02] :: (4)->  setpower msb 1
[2017-10-12 16:36:03] :: (4)->  setpower
[2017-10-12 16:36:03] :: (5)->  setpower lsb 1
[2017-10-12 16:38:13] :: (4)->  setpower
[2017-10-12 16:38:13] :: (4)->  setpower lsb 0
[2017-10-12 16:41:00] :: Server up and running on TCP port 9001!
[2017-10-12 16:41:08] :: (5)->  setpower
[2017-10-12 16:41:08] :: (4)->  setpower msb 0
[2017-10-12 16:41:39] :: Server up and running on TCP port 9001!
[2017-10-12 16:42:08] :: Server up and running on TCP port 9001!
[2017-10-12 16:44:46] :: Server up and running on TCP port 9001!
[2017-10-12 16:45:36] :: Server up and running on TCP port 9001!
[2017-10-12 16:46:22] :: Server up and running on TCP port 9001!
[2017-10-12 16:46:39] :: (4)->  setpower
[2017-10-12 16:46:39] :: (5)->  setpower msb 1
[2017-10-12 16:46:44] :: (5)->  setpower
[2017-10-12 16:46:44] :: (4)->  setpower lsb 1
[2017-10-12 16:46:50] :: (4)->  setpower
[2017-10-12 16:46:50] :: (4)->  setpower msb 0
[2017-10-12 16:46:56] :: (5)->  setpower
[2017-10-12 16:46:56] :: (4)->  setpower lsb 0
[2017-10-12 16:47:04] :: (4)->  setpower
[2017-10-12 16:47:04] :: (4)->  setpower pa2 0
[2017-10-12 16:49:14] :: Can't bind local address.
[2017-10-12 16:49:49] :: Server up and running on TCP port 9001!
[2017-10-12 16:54:35] :: Server up and running on TCP port 9001!
[2017-10-12 16:57:42] :: Server up and running on TCP port 9001!
[2017-10-12 16:58:35] :: Server up and running on TCP port 9001!
[2017-10-12 17:00:12] :: Server up and running on TCP port 9001!
[2017-10-12 17:00:42] :: Server up and running on TCP port 9001!
[2017-10-12 17:01:08] :: Server up and running on TCP port 9001!
[2017-10-12 17:02:28] :: Server up and running on TCP port 9001!
[2017-10-12 17:02:51] :: Server up and running on TCP port 9001!
[2017-10-12 17:03:26] :: Server up and running on TCP port 9001!
[2017-10-12 17:04:37] :: Server up and running on TCP port 9001!
[2017-10-12 17:06:18] :: Server up and running on TCP port 9001!
[2017-10-12 17:08:50] :: Server up and running on TCP port 9001!
[2017-10-12 17:12:05] :: Server up and running on TCP port 9001!
[2017-10-12 17:13:26] :: Server up and running on TCP port 9001!
[2017-10-12 17:15:32] :: Server up and running on TCP port 9001!
[2017-10-12 19:02:19] :: Server up and running on TCP port 9001!
[2017-10-12 19:15:08] :: Server up and running on TCP port 9001!
[2017-10-12 19:15:58] :: (4)->  setpower
[2017-10-12 19:15:58] :: (4)->  setpower lsb 1
[2017-10-12 19:16:03] :: (4)->  setpower
[2017-10-12 19:16:03] :: (4)->  setpower lsb 0
[2017-10-12 19:16:04] :: (4)->  point
[2017-10-12 19:16:04] :: (4)->  point 1
[2017-10-12 19:16:07] :: (4)->  point
[2017-10-12 19:16:07] :: (5)->  point 2
[2017-10-12 19:16:10] :: (4)->  point
[2017-10-12 19:16:10] :: (4)->  point 0
[2017-10-12 19:16:53] :: Server up and running on TCP port 9001!
[2017-10-12 19:16:58] :: (4)->  setdac 1 1000
[2017-10-12 19:17:02] :: (4)->  setdac 1 1000
[2017-10-12 19:17:09] :: (4)->  setdac 0 1000
[2017-10-12 19:17:12] :: (4)->  setdac 2 1000
[2017-10-12 19:17:16] :: (4)->  setdac 1 3000
[2017-10-12 19:18:15] :: Server up and running on TCP port 9001!
[2017-10-12 19:19:34] :: Server up and running on TCP port 9001!
[2017-10-12 19:19:40] :: (4)->  point
[2017-10-12 19:19:40] :: (4)->  point 1
[2017-10-12 19:20:01] :: Server up and running on TCP port 9001!
[2017-10-12 19:20:39] :: Server up and running on TCP port 9001!
[2017-10-12 19:20:44] :: Server up and running on TCP port 9001!
[2017-10-12 19:21:14] :: Server up and running on TCP port 9001!
[2017-10-12 19:21:19] :: (4)->  setpower
[2017-10-12 19:21:19] :: (4)->  setpower lsb 1
[2017-10-12 19:21:24] :: (4)->  setpower
[2017-10-12 19:21:24] :: (4)->  setpower msb 1
[2017-10-12 19:21:30] :: (4)->  setpower
[2017-10-12 19:21:30] :: (4)->  setpower lsb 0
[2017-10-12 19:21:34] :: (4)->  setpower
[2017-10-12 19:21:34] :: (4)->  setpower msb 0
[2017-10-12 19:23:26] :: Server up and running on TCP port 9001!
[2017-10-12 19:25:08] :: Server up and running on TCP port 9001!
[2017-10-12 19:28:34] :: Server up and running on TCP port 9001!
[2017-10-12 19:28:58] :: (4)->  setpower
[2017-10-12 19:28:58] :: (4)->  setpower lsb 1
[2017-10-12 19:29:03] :: (4)->  setpower
[2017-10-12 19:29:03] :: (6)->  setpower lsb 0
[2017-10-12 19:29:08] :: (4)->  point
[2017-10-12 19:29:08] :: (4)->  point 1
[2017-10-12 19:29:12] :: (6)->  point
[2017-10-12 19:29:12] :: (6)->  point 2
[2017-10-12 19:29:15] :: (4)->  point
[2017-10-12 19:29:15] :: (4)->  point 0
[2017-10-12 19:30:46] :: Server up and running on TCP port 9001!
[2017-10-12 19:31:07] :: (4)->  setpower
[2017-10-12 19:31:07] :: (4)->  setpower lsb 1
[2017-10-12 19:31:09] :: (5)->  setpower
[2017-10-12 19:31:09] :: (4)->  setpower lsb 0
[2017-10-12 19:31:11] :: (4)->  point
[2017-10-12 19:31:11] :: (4)->  point 1
[2017-10-12 19:31:13] :: (4)->  point
[2017-10-12 19:31:13] :: (4)->  point 2
[2017-10-12 19:31:14] :: (4)->  point
[2017-10-12 19:31:14] :: (4)->  point 0
[2017-10-12 19:33:56] :: Server up and running on TCP port 9001!
[2017-10-12 19:34:16] :: Server up and running on TCP port 9001!
[2017-10-12 19:39:38] :: Server up and running on TCP port 9001!
[2017-10-12 19:41:44] :: Server up and running on TCP port 9001!
[2017-10-12 19:41:54] :: Server up and running on TCP port 9001!
[2017-10-12 19:42:38] :: Server up and running on TCP port 9001!
[2017-10-12 19:44:17] :: Server up and running on TCP port 9001!
[2017-10-12 19:48:15] :: Server up and running on TCP port 9001!
[2017-10-12 19:48:29] :: (4)->  point
[2017-10-12 19:48:29] :: (4)->  point 1
[2017-10-12 19:49:43] :: Server up and running on TCP port 9001!
[2017-10-12 19:49:49] :: (4)->  point
[2017-10-12 19:49:49] :: (5)->  point 1
[2017-10-12 19:50:00] :: (4)->  setdac 0 1000
[2017-10-12 19:50:04] :: (4)->  setdac 0 3000
[2017-10-12 19:50:09] :: (4)->  setdac 0 0
[2017-10-12 19:50:12] :: (4)->  setdac 0 1
[2017-10-12 19:50:16] :: (4)->  setdac 0 4000
[2017-10-12 19:50:24] :: (4)->  setdac 0 2000
[2017-10-12 19:50:30] :: (4)->  q
[2017-10-12 19:50:34] :: (5)->  point
[2017-10-12 19:50:34] :: (5)->  point 2
[2017-10-12 19:50:35] :: (4)->  point
[2017-10-12 19:50:35] :: (4)->  point 0
[2017-10-12 19:52:50] :: Server up and running on TCP port 9001!
[2017-10-12 19:52:55] :: (4)->  setpower
[2017-10-12 19:52:55] :: (4)->  setpower lsb 1
[2017-10-12 19:53:19] :: (5)->  setpower
[2017-10-12 19:53:19] :: (4)->  setpower msb 1
[2017-10-12 19:53:36] :: (5)->  setpower
[2017-10-12 19:53:36] :: (5)->  setpower msb 0
[2017-10-12 19:53:44] :: (4)->  setpower
[2017-10-12 19:53:44] :: (4)->  setpower lsb 0
[2017-10-12 19:56:34] :: Server up and running on TCP port 9001!
[2017-10-12 19:57:55] :: Server up and running on TCP port 9001!
[2017-10-12 21:03:09] :: Server up and running on TCP port 9001!
[2017-10-12 21:29:29] :: Server up and running on TCP port 9001!
[2017-10-12 21:32:37] :: Server up and running on TCP port 9001!
[2017-10-12 21:32:58] :: Server up and running on TCP port 9001!
[2017-10-12 21:39:27] :: Server up and running on TCP port 9001!
[2017-10-12 21:43:41] :: Server up and running on TCP port 9001!
[2000-01-01 00:02:26] :: Server up and running on TCP port 9001!
[2000-01-01 00:02:38] :: (4)->  setpower
[2000-01-01 00:02:43] :: (4)->  setpower PAs 0
[2000-01-01 00:02:45] :: (4)->  setpower
[2017-10-12 23:31:13] :: Server up and running on TCP port 9001!
[2017-10-12 23:31:32] :: Server up and running on TCP port 9001!
[2017-10-12 23:31:35] :: (4)->  setpower
[2017-10-12 23:31:41] :: (4)->  setpower PAs 0
[2017-10-12 23:31:57] :: (4)->  q
[2017-10-12 23:32:07] :: (4)->  setpower PAs 0
[2017-10-12 23:32:31] :: (4)->  setdac 0 100
[2017-10-12 23:32:39] :: (4)->  setdac 0 1000
[2017-10-12 23:32:43] :: (4)->  setdac 0 2000
[2017-10-12 23:43:02] :: Server up and running on TCP port 9001!
[2017-10-12 23:46:41] :: (5)->  setpower PAs 0
[2017-10-12 23:46:43] :: (5)->  setpower
[2017-10-12 23:46:53] :: (5)->  setpower PAs 0
[2017-10-12 23:46:53] :: (5)->  setpower PAs 0
[2017-10-12 23:46:54] :: (5)->  setpower PAs 0
[2017-10-12 23:46:54] :: (5)->  setpower PAs 0
[2017-10-12 23:46:55] :: (5)->  setpower PAs 0
[2017-10-12 23:46:55] :: (5)->  setpower PAs 0
[2017-10-12 23:46:55] :: (5)->  setpower PAs 0
[2017-10-12 23:46:56] :: (5)->  setpower PAs 0
[2017-10-12 23:46:56] :: (5)->  setpower PAs 0
[2017-10-12 23:46:57] :: (5)->  setpower PAs 0
[2017-10-12 23:46:57] :: (5)->  setpower PAs 0
[2017-10-12 23:46:57] :: (5)->  setpower PAs 0
[2017-10-12 23:46:57] :: (5)->  setpower PAs 0
[2017-10-12 23:46:57] :: (5)->  setpower PAs 0
[2017-10-12 23:46:58] :: (5)->  setpower PAs 0
[2017-10-12 23:46:58] :: (5)->  setpower PAs 0
[2017-10-12 23:46:58] :: (5)->  setpower PAs 0
[2017-10-12 23:46:58] :: (5)->  setpower PAs 0
[2017-10-12 23:46:58] :: (5)->  setpower PAs 0
[2017-10-12 23:46:58] :: (5)->  setpower PAs 0
[2017-10-12 23:46:59] :: (5)->  setpower PAs 0
[2017-10-12 23:46:59] :: (5)->  setpower PAs 0
[2017-10-12 23:46:59] :: (5)->  setpower PAs 0
[2017-10-12 23:47:01] :: (5)->  setpower
[2017-10-12 23:47:14] :: Server up and running on TCP port 9001!
[2017-10-12 23:48:14] :: (5)->  setpower
[2017-10-12 23:48:14] :: (5)->  setpower pa2 1
[2017-10-12 23:48:22] :: (5)->  setpower
[2017-10-12 23:48:22] :: (5)->  setpower pa2 0
[2017-10-12 23:48:26] :: (5)->  setpower
[2017-10-12 23:48:26] :: (5)->  setpower msb 0
[2017-10-12 23:48:40] :: (5)->  setpower
[2017-10-12 23:48:40] :: (5)->  setpower lsb 0
[2017-10-12 23:49:05] :: (5)->  point
[2017-10-12 23:49:05] :: (5)->  point 1
[2017-10-12 23:49:08] :: (5)->  setpower
[2017-10-12 23:49:08] :: (5)->  setpower pa2 1
[2017-10-12 23:49:10] :: (5)->  setpower
[2017-10-12 23:49:10] :: (5)->  setpower pa2 0
[2017-10-12 23:49:12] :: (5)->  setpower
[2017-10-12 23:49:12] :: (5)->  setpower pa2 1
[2017-10-12 23:49:39] :: (5)->  setpoqwer
[2017-10-12 23:49:40] :: (5)->  setpower
[2017-10-12 23:49:44] :: (5)->  setpower syn 1
[2017-10-12 23:49:45] :: (5)->  setpower
[2017-10-12 23:49:55] :: (6)->  setpower
[2017-10-12 23:49:56] :: (6)->  setpower pa2 1
[2017-10-12 23:49:58] :: (6)->  setpower
[2017-10-12 23:49:58] :: (6)->  setpower pa1 1
[2017-10-12 23:50:00] :: (7)->  setpower
[2017-10-12 23:50:00] :: (7)->  setpower pa3 1
[2017-10-12 23:50:03] :: (6)->  point
[2017-10-12 23:50:03] :: (6)->  point 2
[2017-10-12 23:50:04] :: (6)->  point
[2017-10-12 23:50:04] :: (6)->  point 0
[2017-10-12 23:50:09] :: (6)->  setpower
[2017-10-12 23:50:09] :: (6)->  setpower pa2 0
[2017-10-12 23:50:11] :: (6)->  setpower
[2017-10-12 23:50:11] :: (6)->  setpower pa1 0
[2017-10-12 23:50:12] :: (6)->  setpower
[2017-10-12 23:50:12] :: (6)->  setpower pa3 0
[2017-10-12 23:50:14] :: (6)->  setpower
[2017-10-12 23:50:14] :: (6)->  setpower pa3 1
[2017-10-12 23:50:16] :: (6)->  setpower
[2017-10-12 23:50:16] :: (6)->  setpower pa1 1
[2017-10-12 23:50:17] :: (6)->  setpower
[2017-10-12 23:50:17] :: (6)->  setpower pa2 1
[2017-10-12 23:55:49] :: Server up and running on TCP port 9001!
[2017-10-12 23:57:03] :: (4)->  point
[2017-10-12 23:57:03] :: (4)->  point 1
[2017-10-12 23:57:14] :: (4)->  point
[2017-10-12 23:57:14] :: (4)->  point 2
[2017-10-12 23:57:15] :: (4)->  point
[2017-10-12 23:57:15] :: (4)->  point 0
[2017-10-12 23:57:18] :: (4)->  setpower
[2017-10-12 23:57:18] :: (4)->  setpower lsb 1
[2017-10-12 23:58:24] :: (5)->  setpower
[2017-10-12 23:58:24] :: (4)->  setpower lsb 0
[2017-10-12 23:59:11] :: (5)->  setpower
[2017-10-12 23:59:11] :: (4)->  setpower lsb 1
[2017-10-13 00:04:07] :: (5)->  setpower
[2017-10-13 00:04:07] :: (4)->  setpower lsb 0
[2017-10-13 00:20:21] :: (4)->  radio
[2017-10-13 00:20:21] :: (4)->  radio 1
[2017-10-13 00:20:31] :: (4)->  setfreq
[2017-10-13 00:20:31] :: (4)->  setfreq 8650.005000
[2017-10-13 00:20:33] :: (4)->  setfreq
[2017-10-13 00:20:33] :: (4)->  setfreq 8649.999883
[2017-10-13 00:20:41] :: (4)->  point
[2017-10-13 00:20:41] :: (4)->  point 1
[2017-10-13 00:20:59] :: (4)->  point
[2017-10-13 00:20:59] :: (4)->  point 2
[2017-10-13 00:21:01] :: (4)->  point
[2017-10-13 00:21:01] :: (4)->  point 0
[2017-10-13 00:21:06] :: (4)->  setpower
[2017-10-13 00:21:06] :: (4)->  setpower lsb 1
[2017-10-13 00:21:10] :: (6)->  setpower
[2017-10-13 00:21:10] :: (4)->  setpower msb 1
[2017-10-13 00:21:17] :: (4)->  setpower
[2017-10-13 00:21:17] :: (4)->  setpower msb 0
[2017-10-13 00:21:18] :: (4)->  setpower
[2017-10-13 00:21:18] :: (6)->  setpower lsb 0
[2017-10-13 00:21:46] :: (4)->  setpower
[2017-10-13 00:21:50] :: (4)->  setpower syn 0
[2017-10-13 00:21:52] :: (4)->  setpower syn 1
[2017-10-13 00:21:53] :: (4)->  setpower 
[2017-10-13 00:21:57] :: (4)->  initsyn
[2017-10-13 00:22:01] :: (4)->  initsynth
[2017-10-13 00:22:03] :: (4)->  q
[2017-10-13 00:22:18] :: (6)->  radio
[2017-10-13 00:22:18] :: (7)->  radio 0
[2017-10-13 00:22:20] :: (4)->  radio
[2017-10-13 00:22:20] :: (4)->  radio 1
[2017-10-13 00:22:28] :: (4)->  radio
[2017-10-13 00:22:28] :: (4)->  radio 0
[2017-10-13 00:26:24] :: (4)->  setfreq
[2017-10-13 00:26:24] :: (4)->  setfreq 8650.005000
[2017-10-13 00:26:28] :: (4)->  setfreq
[2017-10-13 00:26:28] :: (4)->  setfreq 8649.999883
[2017-10-13 00:26:36] :: (4)->  setfreq
[2017-10-13 00:26:36] :: (4)->  setfreq 8650.005000
[2017-10-13 00:26:37] :: (4)->  setfreq
[2017-10-13 00:26:37] :: (4)->  setfreq 8650.009883
[2017-10-13 00:26:37] :: (4)->  setfreq
[2017-10-13 00:26:37] :: (4)->  setfreq 8650.014766
[2017-10-13 00:26:38] :: (4)->  setfreq
[2017-10-13 00:26:38] :: (4)->  setfreq 8650.019648
[2017-10-13 00:26:39] :: (7)->  setfreq
[2017-10-13 00:26:39] :: (4)->  setfreq 8650.024531
[2017-10-13 00:26:39] :: (4)->  setfreq
[2017-10-13 00:26:39] :: (4)->  setfreq 8650.029414
[2017-10-13 00:26:40] :: (7)->  setfreq
[2017-10-13 00:26:40] :: (7)->  setfreq 8650.034297
[2017-10-13 00:26:41] :: (4)->  setfreq
[2017-10-13 00:26:41] :: (4)->  setfreq 8650.039180
[2017-10-13 00:26:42] :: (4)->  setfreq
[2017-10-13 00:26:42] :: (4)->  setfreq 8650.044062
[2017-10-13 00:26:43] :: (4)->  setfreq
[2017-10-13 00:26:43] :: (4)->  setfreq 8650.048945
[2017-10-13 00:26:43] :: (4)->  setfreq
[2017-10-13 00:26:43] :: (4)->  setfreq 8650.053828
[2017-10-13 00:29:31] :: (4)->  setpower syn 0
[2017-10-13 00:29:33] :: (4)->  setynwer po
[2017-10-13 00:29:35] :: (4)->  setpower syn 1
[2017-10-13 00:29:38] :: (4)->  initsynth
[2017-10-13 00:29:44] :: (4)->  q
[2017-10-13 00:30:27] :: (4)->  radio
[2017-10-13 00:30:27] :: (4)->  radio 1
[2017-10-13 00:31:04] :: (4)->  radio
[2017-10-13 00:31:04] :: (4)->  radio 0
[2017-10-13 00:35:15] :: (10)->  radio
[2017-10-13 00:35:15] :: (4)->  radio 1
[2017-10-13 00:35:43] :: (12)->  radio
[2017-10-13 00:35:43] :: (4)->  radio 0
[2017-10-13 00:40:27] :: (4)->  radio
[2017-10-13 00:40:27] :: (4)->  radio 1
[2017-10-13 00:40:37] :: (4)->  point
[2017-10-13 00:40:37] :: (4)->  point 1
[2017-10-13 00:40:38] :: (4)->  point
[2017-10-13 00:40:38] :: (4)->  point 2
[2017-10-13 00:40:40] :: (4)->  setpower
[2017-10-13 00:40:40] :: (4)->  setpower lsb 1
[2017-10-13 00:40:47] :: (4)->  setpower
[2017-10-13 00:40:47] :: (4)->  setpower msb 1
[2017-10-13 00:40:57] :: (4)->  point
[2017-10-13 00:40:57] :: (4)->  point 0
[2017-10-13 00:41:30] :: (4)->  setpower
[2017-10-13 00:41:30] :: (4)->  setpower msb 0
[2017-10-13 00:41:41] :: (4)->  setpower
[2017-10-13 00:41:41] :: (4)->  setpower lsb 0
[2017-10-13 00:42:06] :: (4)->  radio
[2017-10-13 00:42:06] :: (4)->  radio 0
[2017-10-13 00:42:40] :: (4)->  setpower
[2017-10-13 00:42:40] :: (4)->  setpower pa3 0
[2017-10-13 00:42:41] :: (14)->  setpower
[2017-10-13 00:42:41] :: (4)->  setpower pa2 0
[2017-10-13 00:42:42] :: (4)->  setpower
[2017-10-13 00:42:42] :: (4)->  setpower pa1 0
[2017-10-13 17:06:47] :: (8)->  point
[2017-10-13 17:06:47] :: (8)->  point 1
[2017-10-13 18:09:23] :: (8)->  setpower
[2017-10-13 18:09:23] :: (8)->  setpower pa2 1
[2017-10-13 18:09:23] :: (8)->  setpower
[2017-10-13 18:09:23] :: (8)->  setpower pa1 1
[2017-10-13 18:09:24] :: (8)->  setpower
[2017-10-13 18:09:24] :: (8)->  setpower pa3 1
[2017-10-13 18:09:28] :: (8)->  radio
[2017-10-13 18:09:28] :: (8)->  radio 1
[2017-10-13 18:09:34] :: (4)->  setfreq
[2017-10-13 18:09:34] :: (4)->  setfreq 8650.005000
[2017-10-13 18:09:34] :: (4)->  setfreq
[2017-10-13 18:09:34] :: (4)->  setfreq 8650.009883
[2017-10-13 18:09:35] :: (4)->  setfreq
[2017-10-13 18:09:35] :: (4)->  setfreq 8650.014766
[2017-10-13 18:09:35] :: (4)->  setfreq
[2017-10-13 18:09:35] :: (4)->  setfreq 8650.019648
[2017-10-13 18:09:36] :: (4)->  setfreq
[2017-10-13 18:09:36] :: (4)->  setfreq 8650.024531
[2017-10-13 18:09:36] :: (4)->  setfreq
[2017-10-13 18:09:36] :: (4)->  setfreq 8650.029414
[2017-10-13 18:09:37] :: (4)->  setfreq
[2017-10-13 18:09:37] :: (4)->  setfreq 8650.034297
[2017-10-13 18:09:40] :: (4)->  setfreq
[2017-10-13 18:09:40] :: (4)->  setfreq 8650.029180
[2017-10-13 18:09:41] :: (4)->  setfreq
[2017-10-13 18:09:41] :: (4)->  setfreq 8650.024297
[2017-10-13 18:09:43] :: (4)->  setfreq
[2017-10-13 18:09:43] :: (4)->  setfreq 8650.029414
[2017-10-13 18:09:43] :: (4)->  setfreq
[2017-10-13 18:09:43] :: (4)->  setfreq 8650.034297
[2017-10-13 18:09:44] :: (4)->  setfreq
[2017-10-13 18:09:44] :: (4)->  setfreq 8650.039180
[2017-10-13 18:09:56] :: (4)->  setpower
[2017-10-13 18:09:56] :: (4)->  setpower pa2 0
[2017-10-13 18:09:56] :: (4)->  setpower
[2017-10-13 18:09:56] :: (4)->  setpower pa1 0
[2017-10-13 18:09:57] :: (4)->  setpower
[2017-10-13 18:09:57] :: (4)->  setpower pa3 0
[2017-10-13 18:09:58] :: (4)->  radio
[2017-10-13 18:09:58] :: (4)->  radio 0
[2017-10-13 18:10:03] :: (8)->  setfreq
[2017-10-13 18:10:03] :: (8)->  setfreq 8650.034063
[2017-10-13 18:10:04] :: (8)->  setfreq
[2017-10-13 18:10:04] :: (8)->  setfreq 8650.029180
[2017-10-13 18:10:07] :: (8)->  setfreq
[2017-10-13 18:10:07] :: (8)->  setfreq 8650.024297
[2017-10-13 18:10:45] :: (8)->  radio
[2017-10-13 18:10:45] :: (8)->  radio 1
[2017-10-13 18:11:00] :: (4)->  radio
[2017-10-13 18:11:00] :: (4)->  radio 0
[2017-10-13 18:11:14] :: (18)->  setfreq
[2017-10-13 18:11:14] :: (18)->  setfreq 8650.019414
[2017-10-13 18:11:22] :: (8)->  setfreq
[2017-10-13 18:11:22] :: (8)->  setfreq 8650.014531
[2017-10-13 18:11:24] :: (8)->  setfreq
[2017-10-13 18:11:24] :: (8)->  setfreq 8650.009648
[2017-10-13 18:11:25] :: (8)->  setfreq
[2017-10-13 18:11:25] :: (8)->  setfreq 8650.004766
[2017-10-13 18:11:26] :: (8)->  setfreq
[2017-10-13 18:11:26] :: (8)->  setfreq 8649.999883
[2017-10-13 18:12:06] :: (8)->  setpower
[2017-10-13 18:12:06] :: (8)->  setpower pa2 1
[2017-10-13 18:12:07] :: (8)->  setpower
[2017-10-13 18:12:07] :: (8)->  setpower pa1 1
[2017-10-13 18:12:08] :: (8)->  setpower
[2017-10-13 18:12:08] :: (8)->  setpower pa3 1
[2017-10-13 18:12:11] :: (18)->  radio
[2017-10-13 18:12:11] :: (18)->  radio 1
[2017-10-13 18:12:14] :: (4)->  setfreq
[2017-10-13 18:12:14] :: (4)->  setfreq 8649.995000
[2017-10-13 18:12:15] :: (4)->  setfreq
[2017-10-13 18:12:15] :: (4)->  setfreq 8649.990117
[2017-10-13 18:12:16] :: (4)->  setfreq
[2017-10-13 18:12:16] :: (4)->  setfreq 8649.995234
[2017-10-13 18:12:17] :: (4)->  setfreq
[2017-10-13 18:12:17] :: (4)->  setfreq 8650.000117
[2017-10-13 18:12:18] :: (4)->  setfreq
[2017-10-13 18:12:18] :: (4)->  setfreq 8650.005000
[2017-10-13 18:12:19] :: (4)->  setfreq
[2017-10-13 18:12:19] :: (4)->  setfreq 8650.009883
[2017-10-13 18:12:20] :: (4)->  setfreq
[2017-10-13 18:12:20] :: (4)->  setfreq 8650.014766
[2017-10-13 18:12:21] :: (4)->  setfreq
[2017-10-13 18:12:21] :: (4)->  setfreq 8650.019648
[2017-10-13 18:12:22] :: (4)->  setfreq
[2017-10-13 18:12:22] :: (4)->  setfreq 8650.024531
[2017-10-13 18:12:23] :: (4)->  setfreq
[2017-10-13 18:12:23] :: (4)->  setfreq 8650.029414
[2017-10-13 18:12:24] :: (8)->  setfreq
[2017-10-13 18:12:24] :: (8)->  setfreq 8650.034297
[2017-10-13 18:12:25] :: (4)->  setfreq
[2017-10-13 18:12:25] :: (4)->  setfreq 8650.039180
[2017-10-13 18:12:25] :: (4)->  setfreq
[2017-10-13 18:12:25] :: (4)->  setfreq 8650.044062
[2017-10-13 18:12:27] :: (4)->  setfreq
[2017-10-13 18:12:27] :: (4)->  setfreq 8650.038945
[2017-10-13 18:12:36] :: (4)->  point
[2017-10-13 18:12:36] :: (4)->  point 2
[2017-10-13 18:12:40] :: (4)->  point
[2017-10-13 18:12:40] :: (4)->  point 0
[2017-10-13 18:12:56] :: (8)->  point
[2017-10-13 18:12:56] :: (4)->  point 1
[2017-10-13 18:16:20] :: (4)->  radio
[2017-10-13 18:16:20] :: (4)->  radio 0
[2017-10-13 18:41:46] :: (8)->  radio
[2017-10-13 18:41:46] :: (8)->  radio 1
[2017-10-13 18:41:55] :: (4)->  radio
[2017-10-13 18:41:55] :: (4)->  radio 0
[2017-10-13 18:42:46] :: (22)->  radio
[2017-10-13 18:42:46] :: (22)->  radio 1
[2017-10-13 18:42:52] :: (8)->  radio
[2017-10-13 18:42:52] :: (8)->  radio 0
[2017-10-13 19:55:48] :: (22)->  setpower
[2017-10-13 19:55:48] :: (22)->  setpower lsb 1
[2017-10-13 19:56:30] :: (8)->  point
[2017-10-13 19:56:30] :: (8)->  point 2
[2017-10-13 19:56:31] :: (8)->  point
[2017-10-13 19:56:31] :: (8)->  point 0
[2017-10-13 19:56:44] :: (8)->  setpower
[2017-10-13 19:56:44] :: (8)->  setpower usevco 1
[2017-10-13 20:30:09] :: (8)->  setpower
[2017-10-13 20:30:09] :: (8)->  setpower pa3 0
[2017-10-13 20:30:29] :: (8)->  setpower
[2017-10-13 20:30:29] :: (8)->  setpower pa3 1
[2017-10-13 21:50:30] :: (8)->  setpower
[2017-10-13 21:50:30] :: (8)->  setpower lsb 0
[2017-10-13 21:50:55] :: (8)->  setpower
[2017-10-13 21:50:55] :: (8)->  setpower lsb 1
[2017-10-14 01:14:05] :: (8)->  setpower
[2017-10-14 01:14:08] :: (8)->  setpower PAs 0
[2017-10-14 01:14:08] :: (8)->  setpower
[2017-10-16 17:54:13] :: (8)->  setpower
[2017-10-16 18:06:14] :: (22)->  setpower
[2017-10-16 18:06:14] :: (22)->  setpower pa2 1
[2017-10-16 18:06:29] :: (22)->  setpower
[2017-10-16 18:06:29] :: (22)->  setpower pa2 0
[2017-10-16 18:44:04] :: (8)->  setpower
[2017-10-16 18:44:09] :: (8)->  setpower PAs 1
[2017-10-16 18:44:10] :: (8)->  setpower
[2017-10-16 18:44:20] :: (8)->  help
[2017-10-16 18:44:23] :: (8)->  status
[2017-10-16 18:44:38] :: (8)->  point gs1
[2017-10-16 18:44:44] :: (8)->  
[2017-10-16 18:44:52] :: (8)->  point gs1
[2017-10-16 18:44:54] :: (8)->  point 1
[2017-10-16 18:44:57] :: (8)->  point 0
[2017-10-16 18:45:03] :: (8)->  point 1
[2017-10-16 18:45:06] :: (8)->  status
[2017-10-16 18:45:17] :: (8)->  point 0
[2017-10-16 18:45:21] :: (8)->  point 1
[2017-10-16 18:45:36] :: (8)->  point 0
[2017-10-16 18:45:42] :: (8)->  point 2
[2017-10-16 18:45:48] :: (8)->  setdac 
[2017-10-16 18:45:51] :: (8)->  help
[2017-10-16 18:45:54] :: (8)->  setdac 5 1
[2017-10-16 18:45:55] :: (8)->  
[2017-10-16 18:45:59] :: (8)->  setdac 0 1000
[2017-10-16 18:46:01] :: (8)->  setdac 1 1000
[2017-10-16 18:46:03] :: (8)->  setdac 2 1000
[2017-10-16 18:46:13] :: (8)->  point
[2017-10-16 18:56:04] :: (8)->  setfreq
[2017-10-16 18:56:11] :: (8)->  setfreq 8650.040
[2017-10-16 18:56:22] :: (8)->  setfreq 8650.05
[2017-10-16 18:57:00] :: (8)->  setfreq 8650.055
[2017-10-16 18:57:19] :: (8)->  setfreq 8650.0525
[2017-10-16 18:57:27] :: (8)->  setfreq
[2017-10-16 19:00:14] :: (8)->  point
[2017-10-16 19:00:21] :: (8)->  point 0
[2017-10-16 19:00:25] :: (8)->  getudp
[2017-10-16 19:00:40] :: (8)->  radio
[2017-10-16 19:00:49] :: (8)->  setpower
[2017-10-16 19:01:36] :: (8)->  usevco 0
[2017-10-16 19:01:42] :: (8)->  setpower usevco 0
[2017-10-16 19:01:47] :: (8)->  setpower
[2017-10-16 19:02:51] :: (8)->  setfreq 
[2017-10-16 19:03:02] :: (8)->  setfreq 8650.053
[2017-10-16 19:03:14] :: (8)->  setfreq 8650.054
[2017-10-16 19:03:20] :: (8)->  setpower
[2017-10-16 19:03:22] :: (8)->  setfreq
[2017-10-16 19:03:30] :: (8)->  setpower 8650.0545
[2017-10-16 19:03:39] :: (8)->  setpower
[2017-10-16 19:03:41] :: (8)->  setpower
[2017-10-16 19:03:50] :: (8)->  setfreq 8650.0545
[2017-10-16 19:04:06] :: (8)->  setfreq 8650.054
[2017-10-16 19:04:15] :: (8)->  setpower 8650.0545
[2017-10-16 19:05:10] :: (8)->  setpower
[2017-10-16 19:05:13] :: (8)->  setpower PAs 0
[2017-10-16 19:05:14] :: (8)->  setpower
[2017-10-17 15:14:27] :: (8)->  status
[2017-10-17 15:14:28] :: (8)->  setpower
[2017-10-17 21:54:55] :: (8)->  status
[2017-10-17 22:20:24] :: (22)->  point
[2017-10-17 22:20:24] :: (26)->  point 1
[2017-10-17 22:20:36] :: (22)->  point
[2017-10-17 22:20:36] :: (22)->  point 2
[2017-10-17 22:20:49] :: (22)->  point
[2017-10-17 22:20:49] :: (22)->  point 0
[2017-10-17 22:31:55] :: (8)->  
[2017-10-17 22:31:55] :: (8)->  
[2017-10-17 22:31:55] :: (8)->  
[2017-10-17 22:31:55] :: (8)->  
[2017-10-17 22:31:55] :: (8)->  
[2017-10-17 22:31:56] :: (8)->  
[2017-10-17 22:57:09] :: (22)->  setpower
[2017-10-17 22:57:09] :: (22)->  setpower pa2 1
[2017-10-17 22:57:10] :: (22)->  setpower
[2017-10-17 22:57:10] :: (22)->  setpower pa3 1
[2017-10-17 22:57:20] :: (22)->  setpower
[2017-10-17 22:57:20] :: (22)->  setpower pa1 1
[2017-10-17 23:00:25] :: (22)->  setfreq
[2017-10-17 23:00:25] :: (22)->  setfreq 8650.048711
[2017-10-17 23:02:32] :: (22)->  radio
[2017-10-17 23:02:32] :: (22)->  radio 1
[2017-10-17 23:03:02] :: (22)->  setpower
[2017-10-17 23:03:02] :: (4)->  setpower pa3 0
[2017-10-17 23:03:04] :: (4)->  setpower
[2017-10-17 23:03:04] :: (4)->  setpower pa1 0
[2017-10-17 23:03:04] :: (4)->  setpower
[2017-10-17 23:03:04] :: (4)->  setpower pa2 0
[2017-10-17 23:03:33] :: (4)->  setpower
[2017-10-17 23:03:34] :: (4)->  setpower pa2 1
[2017-10-17 23:03:35] :: (4)->  setpower
[2017-10-17 23:03:35] :: (4)->  setpower pa2 0
[2017-10-17 23:03:45] :: (4)->  radio
[2017-10-17 23:03:45] :: (4)->  radio 0
[2017-10-18 15:58:13] :: (27)->  setpower
[2017-10-18 15:58:13] :: (22)->  setpower pa2 1
[2017-10-18 15:58:13] :: (22)->  setpower
[2017-10-18 15:58:13] :: (22)->  setpower pa1 1
[2017-10-18 16:00:31] :: (22)->  setpower
[2017-10-18 16:00:31] :: (27)->  setpower pa3 1
[2017-10-18 16:00:46] :: (8)->  initsynth
[2017-10-18 16:03:33] :: (29)->  setfreq
[2017-10-18 16:03:33] :: (22)->  setfreq 8650.005000
[2017-10-18 16:03:33] :: (22)->  setfreq
[2017-10-18 16:03:33] :: (22)->  setfreq 8650.009883
[2017-10-18 16:03:34] :: (22)->  setfreq
[2017-10-18 16:03:34] :: (22)->  setfreq 8650.014766
[2017-10-18 16:03:35] :: (27)->  setfreq
[2017-10-18 16:03:35] :: (22)->  setfreq 8650.019648
[2017-10-18 16:03:36] :: (27)->  setfreq
[2017-10-18 16:03:36] :: (22)->  setfreq 8650.024531
[2017-10-18 16:03:36] :: (22)->  setfreq
[2017-10-18 16:03:36] :: (22)->  setfreq 8650.029414
[2017-10-18 16:03:37] :: (22)->  setfreq
[2017-10-18 16:03:37] :: (27)->  setfreq 8650.034297
[2017-10-18 16:03:38] :: (22)->  setfreq
[2017-10-18 16:03:38] :: (22)->  setfreq 8650.039180
[2017-10-18 16:03:39] :: (22)->  setfreq
[2017-10-18 16:03:39] :: (27)->  setfreq 8650.044062
[2017-10-18 16:03:42] :: (22)->  setfreq
[2017-10-18 16:03:42] :: (22)->  setfreq 8650.038945
[2017-10-18 17:02:43] :: (22)->  setpower
[2017-10-18 17:02:43] :: (22)->  setpower pa2 0
[2017-10-18 17:02:43] :: (27)->  setpower
[2017-10-18 17:02:43] :: (22)->  setpower pa1 0
[2017-10-18 17:02:44] :: (22)->  setpower
[2017-10-18 17:02:44] :: (22)->  setpower pa3 0
[2017-10-18 17:09:41] :: (22)->  setpower
[2017-10-18 17:09:41] :: (22)->  setpower pa2 1
[2017-10-18 17:09:41] :: (22)->  setpower
[2017-10-18 17:09:41] :: (22)->  setpower pa1 1
[2017-10-18 17:09:42] :: (22)->  setpower
[2017-10-18 17:09:42] :: (22)->  setpower pa3 1
[2017-10-18 17:10:29] :: (22)->  setpower
[2017-10-18 17:10:29] :: (22)->  setpower pa2 0
[2017-10-18 17:10:30] :: (22)->  setpower
[2017-10-18 17:10:30] :: (22)->  setpower pa1 0
[2017-10-18 17:10:30] :: (22)->  setpower
[2017-10-18 17:10:30] :: (22)->  setpower pa3 0
[2017-10-18 17:43:01] :: (22)->  setpower
[2017-10-18 17:43:01] :: (22)->  setpower pa2 1
[2017-10-18 17:43:01] :: (22)->  setpower
[2017-10-18 17:43:01] :: (22)->  setpower pa1 1
[2017-10-18 17:43:02] :: (22)->  setpower
[2017-10-18 17:43:02] :: (22)->  setpower pa3 1
[2017-10-18 20:04:25] :: (27)->  setpower
[2017-10-18 20:04:25] :: (22)->  setpower pa2 0
[2017-10-18 20:04:25] :: (22)->  setpower
[2017-10-18 20:04:25] :: (22)->  setpower pa1 0
[2017-10-18 20:04:26] :: (22)->  setpower
[2017-10-18 20:04:26] :: (22)->  setpower pa3 0
[2017-10-18 20:06:18] :: (22)->  setpower
[2017-10-18 20:06:18] :: (27)->  setpower pa3 1
[2017-10-18 20:06:19] :: (22)->  setpower
[2017-10-18 20:06:19] :: (27)->  setpower pa2 1
[2017-10-18 20:06:19] :: (22)->  setpower
[2017-10-18 20:06:19] :: (27)->  setpower pa1 1
[2017-10-18 20:53:08] :: (22)->  setpower
[2017-10-18 20:53:08] :: (22)->  setpower pa1 0
[2017-10-18 20:53:11] :: (22)->  setpower
[2017-10-18 20:53:11] :: (22)->  setpower pa1 1
[2017-10-18 20:53:17] :: (22)->  setpower
[2017-10-18 20:53:17] :: (22)->  setpower pa1 0
[2017-10-18 20:53:25] :: (27)->  setpower
[2017-10-18 20:53:25] :: (27)->  setpower pa1 1
[2017-10-19 00:25:53] :: (8)->  setfreq
[2017-10-19 00:25:53] :: (8)->  setfreq 8650.044062
[2017-10-19 00:25:54] :: (8)->  setfreq
[2017-10-19 00:25:54] :: (8)->  setfreq 8650.038945
[2017-10-19 00:26:01] :: (8)->  setfreq
[2017-10-19 00:26:01] :: (22)->  setfreq 8650.044062
[2017-10-19 00:26:07] :: (8)->  setfreq
[2017-10-19 00:26:07] :: (22)->  setfreq 8650.038945
[2017-10-19 01:00:05] :: Server up and running on TCP port 9001!
[2017-10-19 14:56:30] :: (4)->  setpower
[2017-10-19 14:56:30] :: (4)->  setpower usevco 0
[2017-10-19 14:56:30] :: (5)->  setpower
[2017-10-19 14:56:30] :: (4)->  setpower lsb 1
[2017-10-19 14:56:49] :: (4)->  getudp
[2017-10-19 14:57:06] :: (4)->  getudp
[2017-10-19 14:57:33] :: (4)->  getudp
[2017-10-19 14:57:34] :: (4)->  getudp
[2017-10-19 14:57:35] :: (4)->  getudp
[2017-10-19 14:57:36] :: (4)->  getudp
[2017-10-19 14:57:37] :: (4)->  getudp
[2017-10-19 14:57:37] :: (4)->  getudp
[2017-10-19 14:57:38] :: (4)->  getudp
[2017-10-19 14:57:39] :: (4)->  getudp
[2017-10-19 14:57:40] :: (4)->  getudp
[2017-10-19 14:57:41] :: (4)->  getudp
[2017-10-19 14:57:43] :: (4)->  q
[2017-10-19 15:02:13] :: (4)->  getudp
[2017-10-19 15:02:16] :: (4)->  getudp
[2017-10-19 15:02:16] :: (4)->  getudp
[2017-10-19 15:02:16] :: (4)->  getudp
[2017-10-19 15:02:17] :: (4)->  getudp
[2017-10-19 15:02:17] :: (4)->  getudp
[2017-10-19 15:02:18] :: (4)->  getudp
[2017-10-19 15:02:18] :: (4)->  getudp
[2017-10-19 15:02:18] :: (4)->  getudp
[2017-10-19 15:02:19] :: (4)->  getudp
[2017-10-19 15:02:19] :: (4)->  getudp
[2017-10-19 15:02:19] :: (4)->  getudp
[2017-10-19 15:02:20] :: (4)->  getudp
[2017-10-19 15:35:02] :: Server up and running on TCP port 9001!
[2017-10-19 15:35:08] :: (4)->  getudp
[2017-10-19 15:35:09] :: (4)->  getudp
[2017-10-19 15:35:09] :: (4)->  getudp
[2017-10-19 15:35:10] :: (4)->  getudp
[2017-10-19 15:35:10] :: (4)->  getudp
[2017-10-19 15:35:11] :: (4)->  getudp
[2017-10-19 15:35:11] :: (4)->  getudp
[2017-10-19 15:35:11] :: (4)->  getudp
[2017-10-19 15:35:12] :: (4)->  getudp
[2017-10-19 15:35:12] :: (4)->  q
[2017-10-19 15:37:41] :: (4)->  getudp
[2017-10-19 15:37:41] :: (4)->  getudp
[2017-10-19 15:37:42] :: (4)->  getudp
[2017-10-19 15:37:42] :: (4)->  getudp
[2017-10-19 15:37:42] :: (4)->  getudp
[2017-10-19 15:37:43] :: (4)->  getudp
[2017-10-19 15:37:43] :: (4)->  getudp
[2017-10-19 15:37:44] :: (4)->  getudp
[2017-10-19 15:37:44] :: (4)->  getudp
[2017-10-19 15:37:44] :: (4)->  getudp
[2017-10-19 15:37:45] :: (4)->  getudp
[2017-10-19 15:58:13] :: (4)->  getudp
[2017-10-19 15:58:15] :: (4)->  getudp
[2017-10-19 16:01:38] :: (4)->  getudp
[2017-10-19 16:01:41] :: (4)->  getudp
[2017-10-19 16:01:41] :: (4)->  getudp
[2017-10-19 16:01:41] :: (4)->  getudp
[2017-10-19 16:01:42] :: (4)->  getudp
[2017-10-19 16:02:33] :: (4)->  q
[2017-10-19 16:03:32] :: Server up and running on TCP port 9001!
[2017-10-19 16:04:56] :: Server up and running on TCP port 9001!
[2017-10-19 16:05:51] :: Server up and running on TCP port 9001!
[2017-10-19 16:07:03] :: Server up and running on TCP port 9001!
[2017-10-19 16:57:37] :: (5)->  setpower
[2017-10-19 16:57:37] :: (5)->  setpower pa2 1
[2017-10-19 16:57:37] :: (6)->  setpower
[2017-10-19 16:57:37] :: (6)->  setpower pa1 1
[2017-10-19 16:57:38] :: (5)->  setpower
[2017-10-19 16:57:38] :: (5)->  setpower pa3 1
[2017-10-19 17:08:33] :: (5)->  setfreq
[2017-10-19 17:08:33] :: (5)->  setfreq 8650.005000
[2017-10-19 17:08:34] :: (5)->  setfreq
[2017-10-19 17:08:34] :: (5)->  setfreq 8650.009883
[2017-10-19 17:08:35] :: (5)->  setfreq
[2017-10-19 17:08:35] :: (5)->  setfreq 8650.014766
[2017-10-19 17:08:36] :: (5)->  setfreq
[2017-10-19 17:08:36] :: (5)->  setfreq 8650.019648
[2017-10-19 17:08:37] :: (5)->  setfreq
[2017-10-19 17:08:37] :: (5)->  setfreq 8650.024531
[2017-10-19 18:06:27] :: (5)->  setpower
[2017-10-19 18:06:27] :: (5)->  setpower pa2 0
[2017-10-19 18:06:28] :: (7)->  setpower
[2017-10-19 18:06:28] :: (7)->  setpower pa1 0
[2017-10-19 18:06:28] :: (5)->  setpower
[2017-10-19 18:06:28] :: (5)->  setpower pa3 0
[2017-10-19 18:45:15] :: (5)->  setpower
[2017-10-19 18:45:15] :: (5)->  setpower pa2 1
[2017-10-19 18:45:15] :: (5)->  setpower
[2017-10-19 18:45:15] :: (5)->  setpower pa1 1
[2017-10-19 18:45:16] :: (5)->  setpower
[2017-10-19 18:45:16] :: (5)->  setpower pa3 1
[2018-06-07 18:26:33] :: Server up and running on TCP port 9001!
[2018-06-07 18:26:43] :: (4)->  status
[2018-06-07 18:26:45] :: (4)->  setpower
[2018-06-07 18:30:01] :: Server up and running on TCP port 9001!
[2018-06-07 18:33:52] :: (5)->  point
[2018-06-07 18:33:52] :: (5)->  point 1
[2018-06-07 18:39:08] :: Server up and running on TCP port 9001!
[2018-06-07 18:39:17] :: (4)->  point
[2018-06-07 18:39:17] :: (5)->  point 1
[2018-06-07 18:48:39] :: Server up and running on TCP port 9001!
[2018-06-07 18:50:41] :: (6)->  point
[2018-06-07 18:50:41] :: (4)->  point 1
[2018-06-07 19:03:42] :: Server up and running on TCP port 9001!
[2018-06-07 19:03:49] :: (4)->  point
[2018-06-07 19:03:49] :: (5)->  point 1
[2018-06-07 19:24:24] :: Server up and running on TCP port 9001!
[2018-06-07 19:24:33] :: (5)->  point
[2018-06-07 19:24:33] :: (6)->  point 1
[2018-06-07 22:42:33] :: Server up and running on TCP port 9001!
[2018-06-07 23:00:03] :: (5)->  point
[2018-06-07 23:00:03] :: (6)->  point 1
[2018-06-07 23:49:21] :: (6)->  getudp
[2018-06-08 00:03:56] :: (6)->  getudp
[2018-06-08 00:20:57] :: (6)->  getudp
[2018-06-08 00:45:14] :: Server up and running on TCP port 9001!
[2018-06-08 00:46:02] :: (5)->  point
[2018-06-08 00:46:02] :: (5)->  point 1
[2018-06-08 15:23:59] :: (6)->  point
[2018-06-08 15:23:59] :: (7)->  point 2
[2018-06-08 15:24:06] :: (5)->  point
[2018-06-08 15:24:06] :: (6)->  point 0
[2018-06-08 15:24:12] :: (5)->  point
[2018-06-08 15:24:12] :: (7)->  point 1
[2018-06-08 15:24:17] :: (5)->  point
[2018-06-08 15:24:17] :: (6)->  point 2
[2018-06-08 15:24:20] :: (5)->  point
[2018-06-08 15:24:20] :: (6)->  point 0
[2018-06-08 15:24:22] :: (5)->  point
[2018-06-08 15:24:22] :: (6)->  point 1
[2018-06-08 15:35:50] :: Server up and running on TCP port 9001!
[2018-06-08 15:35:53] :: (5)->  point
[2018-06-08 15:35:53] :: (6)->  point 1
[2018-06-08 18:10:52] :: Server up and running on TCP port 9001!
[2018-06-08 18:10:56] :: (5)->  point
[2018-06-08 18:10:56] :: (6)->  point 1
[2018-06-08 18:56:16] :: (5)->  point
[2018-06-08 18:56:16] :: (6)->  point 2
[2018-06-08 18:56:23] :: (5)->  point
[2018-06-08 18:56:23] :: (6)->  point 0
[2018-06-08 18:56:32] :: (5)->  point
[2018-06-08 18:56:32] :: (6)->  point 1
[2018-06-08 19:53:55] :: Server up and running on TCP port 9001!
[2018-06-08 19:53:58] :: (5)->  point
[2018-06-08 19:53:58] :: (6)->  point 1
[2018-06-08 19:57:06] :: (6)->  point
[2018-06-08 19:57:06] :: (7)->  point 2
[2018-06-08 19:57:49] :: (7)->  point
[2018-06-08 19:57:49] :: (8)->  point 0
[2018-06-08 19:58:14] :: (6)->  setpower
[2018-06-08 19:58:14] :: (7)->  setpower lsb 1
[2018-06-08 19:58:26] :: (5)->  setpower
[2018-06-08 19:58:26] :: (6)->  setpower lsb 0
[2018-06-08 19:58:46] :: (5)->  setpower
[2018-06-08 19:58:46] :: (6)->  setpower pa3 1
[2018-06-08 19:58:54] :: (5)->  setpower
[2018-06-08 19:58:54] :: (7)->  setpower pa3 0
[2018-06-08 19:58:57] :: (6)->  setpower
[2018-06-08 19:58:57] :: (5)->  setpower usevco 1
[2018-06-08 19:59:01] :: (6)->  setpower
[2018-06-08 19:59:01] :: (7)->  setpower usevco 0
[2018-06-08 19:59:03] :: (5)->  setpower
[2018-06-08 19:59:03] :: (6)->  setpower lsb 1
[2018-06-08 19:59:08] :: (5)->  setpower
[2018-06-08 19:59:08] :: (6)->  setpower vco15 1
[2018-06-08 19:59:12] :: (5)->  setpower
[2018-06-08 19:59:12] :: (6)->  setpower lsb 0
[2018-06-08 19:59:34] :: (6)->  setpower
[2018-06-08 19:59:34] :: (7)->  setpower vco15 0
[2018-06-08 19:59:35] :: (5)->  setpower
[2018-06-08 19:59:35] :: (6)->  setpower usevco 1
[2018-06-08 19:59:40] :: (5)->  setpower
[2018-06-08 19:59:40] :: (6)->  setpower usevco 0
[2018-06-08 20:07:15] :: (5)->  point
[2018-06-08 20:07:15] :: (6)->  point 1
[2018-06-08 23:17:43] :: Server up and running on TCP port 9001!
[2018-06-08 23:17:50] :: (7)->  point
[2018-06-08 23:17:50] :: (6)->  point 1
[2018-06-08 23:19:12] :: Server up and running on TCP port 9001!
[2018-06-08 23:19:13] :: (5)->  point
[2018-06-08 23:19:13] :: (6)->  point 1
[2018-06-08 23:31:11] :: Server up and running on TCP port 9001!
[2018-06-08 23:31:16] :: (6)->  point
[2018-06-08 23:31:16] :: (5)->  point 1
[2018-06-08 23:32:29] :: Server up and running on TCP port 9001!
[2018-06-08 23:32:31] :: (5)->  point
[2018-06-08 23:32:31] :: (6)->  point 1
[2018-06-08 23:37:53] :: Server up and running on TCP port 9001!
[2018-06-08 23:37:58] :: (6)->  point
[2018-06-08 23:37:58] :: (5)->  point 1
[2018-06-08 23:43:32] :: Server up and running on TCP port 9001!
[2018-06-08 23:43:36] :: (5)->  point
[2018-06-08 23:43:36] :: (6)->  point 1
[2018-06-08 23:44:14] :: Server up and running on TCP port 9001!
[2018-06-08 23:44:16] :: (5)->  point
[2018-06-08 23:44:16] :: (6)->  point 1
[2018-06-09 00:07:49] :: Server up and running on TCP port 9001!
[2018-06-09 00:07:51] :: (5)->  point
[2018-06-09 00:07:51] :: (6)->  point 1
[2018-06-11 15:39:17] :: Server up and running on TCP port 9001!
[2018-06-11 15:39:21] :: (6)->  point
[2018-06-11 15:39:21] :: (8)->  point 1
[2018-06-11 16:52:12] :: Server up and running on TCP port 9001!
[2018-06-11 16:52:15] :: (6)->  point
[2018-06-11 16:52:15] :: (7)->  point 1
[2018-06-11 17:02:12] :: Server up and running on TCP port 9001!
[2018-06-11 17:02:14] :: (6)->  point
[2018-06-11 17:02:14] :: (7)->  point 1
[2018-06-11 17:03:21] :: Server up and running on TCP port 9001!
[2018-06-11 17:03:23] :: (6)->  point
[2018-06-11 17:03:23] :: (8)->  point 1
[2018-06-11 17:07:19] :: Server up and running on TCP port 9001!
[2018-06-11 17:07:21] :: (6)->  point
[2018-06-11 17:07:21] :: (7)->  point 1
[2018-06-11 17:51:28] :: Server up and running on TCP port 9001!
[2018-06-11 17:51:32] :: (7)->  point
[2018-06-11 17:51:32] :: (8)->  point 1
[2018-06-11 17:53:00] :: Server up and running on TCP port 9001!
[2018-06-11 17:53:03] :: (6)->  point
[2018-06-11 17:53:03] :: (7)->  point 1
[2018-06-11 17:54:18] :: Server up and running on TCP port 9001!
[2018-06-11 17:54:20] :: (6)->  point
[2018-06-11 17:54:20] :: (7)->  point 1
[2018-06-11 17:56:24] :: Server up and running on TCP port 9001!
[2018-06-11 17:56:26] :: (6)->  point
[2018-06-11 17:56:26] :: (7)->  point 1
[2018-06-11 17:56:54] :: Server up and running on TCP port 9001!
[2018-06-11 17:56:56] :: (6)->  point
[2018-06-11 17:56:56] :: (7)->  point 1
[2018-06-11 17:58:23] :: Server up and running on TCP port 9001!
[2018-06-11 17:58:25] :: (6)->  point
[2018-06-11 17:58:25] :: (7)->  point 1
[2018-06-11 17:59:25] :: Server up and running on TCP port 9001!
[2018-06-11 17:59:26] :: (6)->  point
[2018-06-11 17:59:26] :: (7)->  point 1
[2018-06-11 18:10:36] :: Server up and running on TCP port 9001!
[2018-06-11 18:10:50] :: (6)->  point
[2018-06-11 18:10:50] :: (7)->  point 1
[2018-06-11 18:11:57] :: Server up and running on TCP port 9001!
[2018-06-11 18:12:00] :: (6)->  point
[2018-06-11 18:12:00] :: (7)->  point 1
[2018-06-11 18:12:14] :: (6)->  point
[2018-06-11 18:12:14] :: (7)->  point 2
[2018-06-11 18:12:17] :: (6)->  point
[2018-06-11 18:12:17] :: (7)->  point 0
[2018-06-11 18:12:23] :: (6)->  point
[2018-06-11 18:12:23] :: (7)->  point 1
[2018-06-11 18:12:36] :: (7)->  point
[2018-06-11 18:12:36] :: (8)->  point 2
[2018-06-11 18:12:55] :: (7)->  point
[2018-06-11 18:12:55] :: (8)->  point 0
[2018-06-11 18:13:29] :: Server up and running on TCP port 9001!
[2018-06-11 18:13:37] :: (7)->  point
[2018-06-11 18:13:37] :: (8)->  point 1
[2018-06-11 18:13:48] :: (6)->  point
[2018-06-11 18:13:48] :: (7)->  point 2
[2018-06-11 18:13:59] :: (7)->  point
[2018-06-11 18:13:59] :: (8)->  point 0
[2018-06-11 18:15:49] :: Server up and running on TCP port 9001!
[2018-06-11 18:16:11] :: (6)->  point
[2018-06-11 18:16:11] :: (7)->  point 1
[2018-06-11 18:20:49] :: (7)->  point
[2018-06-11 18:20:49] :: (8)->  point 2
[2018-06-11 18:21:04] :: (6)->  point
[2018-06-11 18:21:04] :: (7)->  point 0
[2018-06-11 18:21:06] :: (6)->  point
[2018-06-11 18:21:06] :: (7)->  point 1
[2018-06-11 18:29:06] :: (7)->  setpower
[2018-06-11 18:29:06] :: (8)->  setpower lsb 1
[2018-06-11 18:29:11] :: (6)->  setpower
[2018-06-11 18:29:11] :: (7)->  setpower lsb 0
[2018-06-11 18:34:06] :: Server up and running on TCP port 9001!
[2018-06-11 18:34:11] :: (7)->  point
[2018-06-11 18:34:11] :: (9)->  point 1
[2018-06-11 18:34:25] :: Server up and running on TCP port 9001!
[2018-06-11 18:34:30] :: (6)->  setpower
[2018-06-11 18:34:30] :: (7)->  setpower lsb 1
[2018-06-11 18:34:32] :: (6)->  point
[2018-06-11 18:34:32] :: (7)->  point 1
[2018-06-11 18:34:37] :: Server up and running on TCP port 9001!
[2018-06-11 18:34:39] :: (6)->  setpower
[2018-06-11 18:34:39] :: (7)->  setpower lsb 0
[2018-06-11 18:34:40] :: (6)->  setpower
[2018-06-11 18:34:40] :: (7)->  setpower msb 1
[2018-06-11 18:34:44] :: (6)->  point
[2018-06-11 18:34:44] :: (7)->  point 1
[2018-06-11 18:35:31] :: Server up and running on TCP port 9001!
[2018-06-11 18:35:35] :: (6)->  point
[2018-06-11 18:35:35] :: (7)->  point 1
[2018-06-11 18:35:38] :: (7)->  setpower
[2018-06-11 18:35:38] :: (8)->  setpower msb 0
[2018-06-11 18:35:41] :: (7)->  setpower
[2018-06-11 18:35:41] :: (8)->  setpower lsb 1
[2018-06-11 18:35:42] :: (7)->  setpower
[2018-06-11 18:35:42] :: (8)->  setpower lsb 0
[2018-06-11 18:35:44] :: (6)->  setpower
[2018-06-11 18:35:44] :: (7)->  setpower msb 1
[2018-06-11 18:35:52] :: (6)->  setpower
[2018-06-11 18:35:52] :: (7)->  setpower msb 0
[2018-06-11 18:39:24] :: (7)->  setpower
[2018-06-11 18:39:24] :: (6)->  setpower msb 1
[2018-06-11 18:39:27] :: (6)->  setpower
[2018-06-11 18:39:27] :: (7)->  setpower msb 0
[2018-06-11 18:39:30] :: (7)->  setpower
[2018-06-11 18:39:30] :: (6)->  setpower lsb 1
[2018-06-11 18:39:32] :: (6)->  setpower
[2018-06-11 18:39:32] :: (7)->  setpower msb 1
[2018-06-11 18:46:39] :: Server up and running on TCP port 9001!
[2018-06-11 18:46:49] :: (6)->  point
[2018-06-11 18:46:49] :: (7)->  point 1
[2018-06-11 21:42:52] :: Server up and running on TCP port 9001!
[2018-06-11 21:43:07] :: (6)->  point
[2018-06-11 21:43:07] :: (7)->  point 1
[2018-06-11 21:49:51] :: Server up and running on TCP port 9001!
[2018-06-11 21:53:17] :: Server up and running on TCP port 9001!
[2018-06-11 21:54:10] :: (7)->  point
[2018-06-11 21:54:10] :: (8)->  point 1
[2018-06-11 21:54:30] :: (7)->  setpower
[2018-06-11 21:54:30] :: (8)->  setpower msb 0
[2018-06-11 21:54:31] :: (6)->  setpower
[2018-06-11 21:54:31] :: (7)->  setpower lsb 0
[2018-06-11 21:55:09] :: (6)->  setpower
[2018-06-11 21:55:09] :: (6)->  setpower lsb 1
[2018-06-11 21:55:24] :: (6)->  setpower
[2018-06-11 21:55:24] :: (7)->  setpower msb 1
[2018-06-11 21:55:58] :: (7)->  setpower
[2018-06-11 21:55:58] :: (8)->  setpower lsb 0
[2018-06-11 21:56:09] :: (6)->  setpower
[2018-06-11 21:56:09] :: (7)->  setpower msb 0
[2018-06-11 21:57:14] :: (6)->  point
[2018-06-11 21:57:14] :: (7)->  point 2
[2018-06-11 21:57:17] :: (6)->  point
[2018-06-11 21:57:17] :: (8)->  point 0
[2018-06-11 21:57:50] :: (6)->  point
[2018-06-11 21:57:50] :: (7)->  point 1
[2018-06-11 21:58:11] :: (7)->  setpower
[2018-06-11 21:58:11] :: (8)->  setpower lsb 1
[2018-06-11 21:58:19] :: (6)->  setpower
[2018-06-11 21:58:19] :: (7)->  setpower msb 1
[2018-06-11 21:58:27] :: (6)->  setpower
[2018-06-11 21:58:27] :: (7)->  setpower msb 0
[2018-06-11 21:58:35] :: (6)->  setpower
[2018-06-11 21:58:35] :: (7)->  setpower lsb 0
[2018-06-11 22:02:18] :: Server up and running on TCP port 9001!
[2018-06-11 22:02:23] :: (4)->  point
[2018-06-11 22:02:23] :: (4)->  point 1
[2018-06-11 22:08:41] :: Server up and running on TCP port 9001!
[2018-06-11 22:08:46] :: (4)->  point
[2018-06-11 22:08:46] :: (4)->  point 1
[2018-06-11 22:09:39] :: Server up and running on TCP port 9001!
[2018-06-11 22:09:42] :: (6)->  point
[2018-06-11 22:09:42] :: (8)->  point 1
[2018-06-11 22:10:26] :: Server up and running on TCP port 9001!
[2018-06-11 22:10:28] :: (4)->  point
[2018-06-11 22:10:28] :: (4)->  point 1
[2018-06-11 22:11:54] :: Server up and running on TCP port 9001!
[2018-06-11 22:12:04] :: (4)->  point
[2018-06-11 22:12:05] :: (4)->  point 1
[2018-06-11 22:13:06] :: Server up and running on TCP port 9001!
[2018-06-11 22:13:16] :: (4)->  point
[2018-06-11 22:13:16] :: (4)->  point 1
[2018-06-11 22:13:47] :: (4)->  setpower
[2018-06-11 22:13:47] :: (6)->  setpower lsb 1
[2018-06-11 22:13:57] :: (4)->  setpower
[2018-06-11 22:13:57] :: (4)->  setpower msb 1
[2018-06-11 22:14:09] :: (6)->  setpower
[2018-06-11 22:14:09] :: (7)->  setpower msb 0
[2018-06-11 22:14:10] :: (4)->  setpower
[2018-06-11 22:14:10] :: (4)->  setpower lsb 0
[2018-06-11 22:18:47] :: (4)->  point
[2018-06-11 22:18:47] :: (6)->  point 2
[2018-06-11 22:18:48] :: (4)->  point
[2018-06-11 22:18:48] :: (6)->  point 0
[2018-06-11 22:35:50] :: (4)->  point
[2018-06-11 22:35:50] :: (4)->  point 1
[2018-06-11 22:37:36] :: (4)->  point
[2018-06-11 22:37:36] :: (6)->  point 2
[2018-06-11 22:37:37] :: (6)->  point
[2018-06-11 22:37:37] :: (7)->  point 0
[2018-06-12 00:15:20] :: Server up and running on TCP port 9001!
[2018-06-12 00:15:26] :: (4)->  point
[2018-06-12 00:15:26] :: (4)->  point 1
[2018-06-12 00:15:46] :: (6)->  setpower
[2018-06-12 00:15:46] :: (4)->  setpower lsb 1
[2018-06-12 00:16:03] :: (4)->  setpower
[2018-06-12 00:16:03] :: (4)->  setpower msb 1
[2018-06-12 00:16:15] :: (4)->  setpower
[2018-06-12 00:16:15] :: (4)->  setpower msb 0
[2018-06-12 00:16:15] :: (4)->  setpower
[2018-06-12 00:16:15] :: (4)->  setpower lsb 0
[2018-06-12 00:32:01] :: Server up and running on TCP port 9001!
[2018-06-12 00:32:16] :: (6)->  point
[2018-06-12 00:32:16] :: (6)->  point 1
[2018-06-12 00:34:45] :: Server up and running on TCP port 9001!
[2018-06-12 00:34:56] :: (4)->  point
[2018-06-12 00:34:56] :: (4)->  point 1
[2018-06-12 00:35:16] :: (4)->  setpower
[2018-06-12 00:35:16] :: (4)->  setpower lsb 1
[2018-06-12 00:35:40] :: (4)->  setpower
[2018-06-12 00:35:40] :: (4)->  setpower lsb 0
[2018-06-12 15:26:24] :: Server up and running on TCP port 9001!
[2018-06-12 15:28:08] :: (6)->  point
[2018-06-12 15:28:08] :: (6)->  point 1
[2018-06-12 15:40:12] :: Server up and running on TCP port 9001!
[2018-06-12 15:40:15] :: (7)->  point
[2018-06-12 15:40:15] :: (4)->  point 1
[2018-06-12 16:04:51] :: Server up and running on TCP port 9001!
[2018-06-12 16:04:54] :: (6)->  point
[2018-06-12 16:04:54] :: (6)->  point 1
[2018-06-15 22:23:26] :: Server up and running on TCP port 9001!
[2018-06-18 15:06:15] :: Server up and running on TCP port 9001!
[2018-06-18 15:14:02] :: Server up and running on TCP port 9001!
[2018-06-18 15:20:43] :: Server up and running on TCP port 9001!
[2018-06-18 15:23:45] :: (7)->  hello
[2018-06-18 15:24:19] :: (7)->  ÿôÿýÿôÿýÿôÿýÿôÿý^^^}^^^^^^^^^^^6
[2018-06-18 15:24:21] :: (7)->  ÿûÿûÿûÿû^]
[2018-06-18 15:24:28] :: (7)->  ÿôÿýÿôÿý
[2018-06-18 15:24:28] :: (7)->  ÿûÿû
[2018-06-18 15:24:28] :: (7)->  
[2018-06-18 15:24:29] :: (7)->  
[2018-06-18 15:24:29] :: (7)->  
[2018-06-18 15:24:29] :: (7)->  
[2018-06-18 15:24:31] :: (7)->  quit
[2018-06-18 15:24:50] :: (6)->  hello
[2018-06-18 15:25:01] :: (6)->  quit
[2018-06-18 17:14:13] :: Server up and running on TCP port 9001!
[2018-06-18 17:16:01] :: Server up and running on TCP port 9001!
[2018-06-18 17:16:21] :: Server up and running on TCP port 9001!
[2018-06-18 17:22:48] :: Server up and running on TCP port 9001!
[2018-06-18 17:29:04] :: Server up and running on TCP port 9001!
[2018-06-18 17:36:54] :: Server up and running on TCP port 9001!
[2018-06-18 17:41:40] :: Server up and running on TCP port 9001!
[2018-06-18 17:42:54] :: Server up and running on TCP port 9001!
[2018-06-18 17:43:47] :: Server up and running on TCP port 9001!
[2018-06-18 17:46:48] :: Server up and running on TCP port 9001!
[2018-06-18 21:20:45] :: Server up and running on TCP port 9001!
[2018-06-18 22:03:16] :: Server up and running on TCP port 9001!
[2018-06-19 14:17:45] :: Can't bind local address.
[2018-06-19 14:18:06] :: Can't bind local address.
[2000-01-01 00:01:27] :: Server up and running on TCP port 9001!
[2018-06-19 18:35:56] :: Server up and running on TCP port 9001!
[2000-01-01 00:01:06] :: Server up and running on TCP port 9001!
[2018-06-21 14:37:17] :: Server up and running on TCP port 9001!
[2000-01-01 00:02:05] :: Server up and running on TCP port 9001!
[2018-06-26 21:13:55] :: Server up and running on TCP port 9001!
[2000-01-01 00:03:09] :: Server up and running on TCP port 9001!
[2000-01-01 00:13:34] :: Server up and running on TCP port 9001!
[2018-07-19 14:53:32] :: Server up and running on TCP port 9001!
[2000-01-01 00:02:39] :: Server up and running on TCP port 9001!
[2000-01-01 00:04:53] :: Server up and running on TCP port 9001!
[2000-01-01 00:03:41] :: Server up and running on TCP port 9001!
[2000-01-01 04:44:05] :: Server up and running on TCP port 9001!
[2000-01-01 00:02:05] :: Server up and running on TCP port 9001!
[2000-01-01 00:01:04] :: Server up and running on TCP port 9001!
[2000-01-01 00:01:09] :: Server up and running on TCP port 9001!
[2018-07-26 20:14:13] :: Server up and running on TCP port 9001!
[2018-07-27 17:31:44] :: Server up and running on TCP port 9001!
[2018-07-27 17:47:59] :: Server up and running on TCP port 9001!
[2018-07-27 19:26:00] :: Server up and running on TCP port 9001!
[2018-07-30 22:56:32] :: Server up and running on TCP port 9001!
[2018-07-31 11:08:57] :: Server up and running on TCP port 9001!
[2018-07-31 12:01:55] :: (6)->  help
[2018-07-31 12:02:03] :: (6)->  status
[2018-07-31 12:02:12] :: (6)->  setpower
[2018-07-31 12:04:23] :: (6)->  setpower PA1 1
[2018-07-31 12:04:30] :: (6)->  ÿôÿý
[2018-07-31 12:05:11] :: (6)->  ÿûhelp
[2018-07-31 12:05:21] :: (6)->  setpower PA 1 1
[2018-07-31 12:05:22] :: (6)->  
[2018-07-31 12:05:28] :: (6)->  setpower PA1 1
[2018-07-31 12:05:46] :: (6)->  setpower pa1 1
[2018-07-31 12:06:32] :: (6)->  setpower
[2018-07-31 12:06:47] :: (6)->  setpower pa2 1
[2018-07-31 12:06:56] :: (6)->  setpower pa3 1
[2018-07-31 12:07:57] :: (6)->  setpower pa2
[2018-07-31 12:08:05] :: (6)->  setpower pa2 0
[2018-07-31 12:08:55] :: (6)->  setpower pa1 0 
[2018-07-31 12:09:15] :: (6)->  setpower
[2018-07-31 12:09:16] :: (6)->  
[2018-07-31 12:45:04] :: Server up and running on TCP port 9001!
[2018-07-31 12:47:12] :: (6)->  status
[2018-07-31 12:47:17] :: (6)->  setpower pa1 0
[2018-07-31 12:47:25] :: (6)->  setpower pa3 1
[2018-07-31 12:47:34] :: (6)->  setpower pa2 1
[2018-07-31 12:47:42] :: (6)->  setpower pa1 1
[2018-07-31 12:48:58] :: (6)->  setpower pa1 0
[2018-07-31 12:49:02] :: (6)->  setpower pa2 0
[2018-07-31 12:49:05] :: (6)->  setpower pa3 0
[2018-07-31 13:04:01] :: (6)->  setpower
[2018-07-31 13:04:06] :: (6)->  setpower pa1
[2018-07-31 13:04:11] :: (6)->  setpower pa1 1
[2018-07-31 13:04:16] :: (6)->  setpower pa2 1
[2018-07-31 13:04:21] :: (6)->  setpower pa3 1
[2018-07-31 13:04:26] :: (6)->  setpower pa2 1
[2018-07-31 13:04:31] :: (6)->  setpower pa2 0
[2018-07-31 13:04:37] :: (6)->  setpower pa2 1
[2018-07-31 13:04:50] :: (6)->  setpower pa3 1
[2018-07-31 13:04:53] :: (6)->  setpower pa3 0
[2018-07-31 13:05:01] :: (6)->  setpower pa2 0
[2018-07-31 13:05:05] :: (6)->  setpower pa1 0
[2018-07-31 13:05:16] :: (6)->  status
[2018-07-31 13:05:20] :: (6)->  set power pa1 1
[2018-07-31 13:05:23] :: (6)->  setpower pa1 1
[2018-07-31 13:05:26] :: (6)->  setpower pa1 0
[2018-07-31 13:05:30] :: (6)->  setpower pa2 1
[2018-07-31 13:05:34] :: (6)->  setpower pa2 0
[2018-07-31 13:05:40] :: (6)->  setpower pa3 1
[2018-07-31 13:05:45] :: (6)->  setpower pa3 0
[2018-07-31 13:22:29] :: (6)->  setpower pa1 1
[2018-07-31 13:23:09] :: (6)->  setpower pa2 1
[2018-07-31 13:23:18] :: (6)->  setpower pa3 1
[2018-07-31 13:23:29] :: (6)->  setpower pa1 0
[2018-07-31 13:23:36] :: (6)->  setpower pa2 0
[2018-07-31 13:23:40] :: (6)->  setpower pa3 0
[2018-07-31 13:23:52] :: (6)->  setpower pa1 1
[2018-07-31 13:32:26] :: (6)->  setpower pa1 1
[2018-07-31 13:32:30] :: (6)->  setpower pa2 1
[2018-07-31 13:32:34] :: (6)->  setpower pa3 1
[2018-07-31 13:35:21] :: (6)->  setpower pa3 0
[2018-07-31 13:35:24] :: (6)->  setpower pa2 0
[2018-07-31 13:43:29] :: (6)->  setpower pa1 1
[2018-07-31 13:43:32] :: (6)->  setpower pa2 1
[2018-07-31 13:43:35] :: (6)->  setpower pa3 1
[2018-07-31 15:20:03] :: Server up and running on TCP port 9001!
[2018-07-31 15:21:12] :: (6)->  status
[2018-07-31 15:21:36] :: (6)->  status
[2018-07-31 15:22:02] :: (6)->  status
[2018-07-31 15:22:04] :: (6)->  status
[2018-07-31 15:30:32] :: Can't bind local address.
[2018-07-31 15:30:46] :: Can't bind local address.
[2018-07-31 15:54:13] :: Server up and running on TCP port 9001!
[2018-07-31 17:02:48] :: Server up and running on TCP port 9001!
[2018-08-01 12:13:57] :: Server up and running on TCP port 9001!
[2000-01-01 00:02:12] :: Server up and running on TCP port 9001!
[2000-01-01 00:58:26] :: (6)->  help
[2000-01-01 00:58:31] :: (6)->  status
[2000-01-01 01:00:22] :: (6)->  setpower
[2000-01-01 01:10:38] :: (6)->  quit
