1, 3478, 2109, 274, 0.000000, 0.000000 
2, 3396, 2102, 274, 1.000000, 0.000000 
3, 3319, 2096, 274, 2.000000, 0.000000 
4, 3246, 2091, 274, 3.000000, 0.000000 
5, 3178, 2087, 274, 4.000000, 0.000000 
6, 3113, 2083, 274, 5.000000, 0.000000 
7, 3053, 2081, 274, 6.000000, 0.000000 
8, 2996, 2079, 274, 7.000000, 0.000000 
9, 2943, 2077, 274, 8.000000, 0.000000 
10, 2894, 2077, 274, 9.000000, 0.000000 
11, 2848, 2077, 274, 10.000000, 0.000000 
12, 2806, 2077, 274, 11.000000, 0.000000 
13, 2768, 2078, 274, 12.000000, 0.000000 
14, 2732, 2080, 274, 13.000000, 0.000000 
15, 2700, 2082, 274, 14.000000, 0.000000 
16, 2670, 2085, 274, 15.000000, 0.000000 
17, 2644, 2088, 274, 16.000000, 0.000000 
18, 2621, 2091, 274, 17.000000, 0.000000 
19, 2600, 2095, 274, 18.000000, 0.000000 
20, 2582, 2100, 274, 19.000000, 0.000000 
21, 2566, 2104, 274, 20.000000, 0.000000 
22, 2553, 2109, 274, 21.000000, 0.000000 
23, 2542, 2114, 274, 22.000000, 0.000000 
24, 2534, 2120, 274, 23.000000, 0.000000 
25, 2528, 2125, 274, 24.000000, 0.000000 
26, 2523, 2131, 274, 25.000000, 0.000000 
27, 2521, 2137, 274, 26.000000, 0.000000 
28, 2520, 2143, 274, 27.000000, 0.000000 
29, 2522, 2149, 274, 28.000000, 0.000000 
30, 2524, 2156, 274, 29.000000, 0.000000 
31, 2529, 2162, 274, 30.000000, 0.000000 
32, 2534, 2169, 274, 31.000000, 0.000000 
33, 2542, 2175, 274, 32.000000, 0.000000 
34, 2550, 2181, 274, 33.000000, 0.000000 
35, 2560, 2188, 274, 34.000000, 0.000000 
36, 2570, 2194, 274, 35.000000, 0.000000 
37, 2582, 2200, 274, 36.000000, 0.000000 
38, 2595, 2206, 274, 37.000000, 0.000000 
39, 2608, 2212, 274, 38.000000, 0.000000 
40, 2622, 2217, 274, 39.000000, 0.000000 
41, 2638, 2223, 274, 40.000000, 0.000000 
42, 2653, 2228, 274, 41.000000, 0.000000 
43, 2669, 2233, 274, 42.000000, 0.000000 
44, 2686, 2237, 274, 43.000000, 0.000000 
45, 2703, 2242, 274, 44.000000, 0.000000 
46, 2721, 2246, 274, 45.000000, 0.000000 
47, 2738, 2250, 274, 46.000000, 0.000000 
48, 2756, 2253, 274, 47.000000, 0.000000 
49, 2774, 2256, 274, 48.000000, 0.000000 
50, 2792, 2258, 274, 49.000000, 0.000000 
51, 2810, 2260, 274, 50.000000, 0.000000 
52, 2827, 2262, 274, 51.000000, 0.000000 
53, 2845, 2263, 274, 52.000000, 0.000000 
54, 2862, 2263, 274, 53.000000, 0.000000 
55, 2879, 2263, 274, 54.000000, 0.000000 
56, 2895, 2263, 274, 55.000000, 0.000000 
57, 2911, 2261, 274, 56.000000, 0.000000 
58, 2926, 2260, 274, 57.000000, 0.000000 
59, 2940, 2257, 274, 58.000000, 0.000000 
60, 2954, 2254, 274, 59.000000, 0.000000 
61, 2966, 2250, 274, 60.000000, 0.000000 
62, 2978, 2245, 274, 61.000000, 0.000000 
63, 2989, 2240, 274, 62.000000, 0.000000 
64, 2999, 2234, 274, 63.000000, 0.000000 
65, 3008, 2228, 274, 64.000000, 0.000000 
66, 3016, 2221, 274, 65.000000, 0.000000 
67, 3024, 2213, 274, 66.000000, 0.000000 
68, 3031, 2205, 274, 67.000000, 0.000000 
69, 3037, 2196, 274, 68.000000, 0.000000 
70, 3043, 2187, 274, 69.000000, 0.000000 
71, 3048, 2178, 274, 70.000000, 0.000000 
72, 3052, 2168, 274, 71.000000, 0.000000 
73, 3056, 2158, 274, 72.000000, 0.000000 
74, 3059, 2147, 274, 73.000000, 0.000000 
75, 3062, 2136, 274, 74.000000, 0.000000 
76, 3064, 2126, 274, 75.000000, 0.000000 
77, 3066, 2114, 274, 76.000000, 0.000000 
78, 3068, 2103, 274, 77.000000, 0.000000 
79, 3069, 2092, 274, 78.000000, 0.000000 
80, 3070, 2080, 274, 79.000000, 0.000000 
81, 3070, 2069, 274, 80.000000, 0.000000 
82, 3071, 2058, 274, 81.000000, 0.000000 
83, 3071, 2046, 274, 82.000000, 0.000000 
84, 3072, 2035, 274, 83.000000, 0.000000 
85, 3072, 2024, 274, 84.000000, 0.000000 
86, 3072, 2013, 274, 85.000000, 0.000000 
87, 3072, 2002, 274, 86.000000, 0.000000 
88, 3072, 1991, 274, 87.000000, 0.000000 
89, 3072, 1981, 274, 88.000000, 0.000000 
90, 3072, 1971, 274, 89.000000, 0.000000 
91, 3072, 1961, 274, 90.000000, 0.000000 
92, 3072, 1952, 274, 91.000000, 0.000000 
93, 3073, 1943, 274, 92.000000, 0.000000 
94, 3074, 1934, 274, 93.000000, 0.000000 
95, 3075, 1927, 274, 94.000000, 0.000000 
96, 3076, 1920, 274, 95.000000, 0.000000 
97, 3078, 1914, 274, 96.000000, 0.000000 
98, 3081, 1909, 274, 97.000000, 0.000000 
99, 3084, 1904, 274, 98.000000, 0.000000 
100, 3088, 1901, 274, 99.000000, 0.000000 
101, 3093, 1899, 274, 100.000000, 0.000000 
102, 3098, 1899, 274, 101.000000, 0.000000 
103, 3104, 1900, 274, 102.000000, 0.000000 
104, 3111, 1902, 274, 103.000000, 0.000000 
105, 3119, 1906, 274, 104.000000, 0.000000 
106, 3128, 1911, 274, 105.000000, 0.000000 
107, 3138, 1918, 274, 106.000000, 0.000000 
108, 3149, 1927, 274, 107.000000, 0.000000 
109, 3162, 1938, 274, 108.000000, 0.000000 
110, 3175, 1951, 274, 109.000000, 0.000000 
111, 3190, 1966, 274, 110.000000, 0.000000 
112, 3207, 1984, 274, 111.000000, 0.000000 
113, 3225, 2003, 274, 112.000000, 0.000000 
114, 3244, 2025, 274, 113.000000, 0.000000 
115, 3265, 2049, 274, 114.000000, 0.000000 
116, 3288, 2076, 274, 115.000000, 0.000000 
117, 3312, 2106, 274, 116.000000, 0.000000 
118, 3338, 2139, 274, 117.000000, 0.000000 
119, 3366, 2174, 274, 118.000000, 0.000000 
120, 3396, 2212, 274, 119.000000, 0.000000 
121, 3428, 2253, 274, 120.000000, 0.000000 
122, 3462, 2297, 274, 121.000000, 0.000000 
123, 3497, 2345, 274, 122.000000, 0.000000 
124, 3535, 2394, 274, 123.000000, 0.000000 
125, 279, 2447, 274, 124.000000, 0.000000 
126, 319, 2501, 274, 125.000000, 0.000000 
127, 360, 2557, 274, 126.000000, 0.000000 
128, 403, 2615, 274, 127.000000, 0.000000 
129, 446, 2675, 274, 128.000000, 0.000000 
130, 490, 2735, 274, 129.000000, 0.000000 
131, 535, 2797, 274, 130.000000, 0.000000 
132, 580, 2860, 274, 131.000000, 0.000000 
133, 626, 2922, 274, 132.000000, 0.000000 
134, 671, 2986, 274, 133.000000, 0.000000 
135, 717, 3049, 274, 134.000000, 0.000000 
136, 762, 3112, 274, 135.000000, 0.000000 
137, 807, 3175, 274, 136.000000, 0.000000 
138, 851, 3237, 274, 137.000000, 0.000000 
139, 895, 3298, 274, 138.000000, 0.000000 
140, 937, 3358, 274, 139.000000, 0.000000 
141, 979, 3416, 274, 140.000000, 0.000000 
142, 1020, 3473, 274, 141.000000, 0.000000 
143, 1059, 3528, 274, 142.000000, 0.000000 
144, 1097, 286, 274, 143.000000, 0.000000 
145, 1133, 337, 274, 144.000000, 0.000000 
146, 1167, 385, 274, 145.000000, 0.000000 
147, 1199, 431, 274, 146.000000, 0.000000 
148, 1229, 473, 274, 147.000000, 0.000000 
149, 1257, 512, 274, 148.000000, 0.000000 
150, 1283, 547, 274, 149.000000, 0.000000 
151, 1305, 579, 274, 150.000000, 0.000000 
152, 1325, 607, 274, 151.000000, 0.000000 
153, 1343, 631, 274, 152.000000, 0.000000 
154, 1358, 652, 274, 153.000000, 0.000000 
155, 1370, 669, 274, 154.000000, 0.000000 
156, 1380, 683, 274, 155.000000, 0.000000 
157, 1388, 693, 274, 156.000000, 0.000000 
158, 1394, 701, 274, 157.000000, 0.000000 
159, 1398, 706, 274, 158.000000, 0.000000 
160, 1400, 709, 274, 159.000000, 0.000000 
161, 1401, 709, 274, 160.000000, 0.000000 
162, 1400, 707, 274, 161.000000, 0.000000 
163, 1398, 703, 274, 162.000000, 0.000000 
164, 1394, 697, 274, 163.000000, 0.000000 
165, 1389, 690, 274, 164.000000, 0.000000 
166, 1384, 681, 274, 165.000000, 0.000000 
167, 1377, 670, 274, 166.000000, 0.000000 
168, 1369, 659, 274, 167.000000, 0.000000 
169, 1361, 647, 274, 168.000000, 0.000000 
170, 1353, 634, 274, 169.000000, 0.000000 
171, 1343, 620, 274, 170.000000, 0.000000 
172, 1334, 606, 274, 171.000000, 0.000000 
173, 1324, 592, 274, 172.000000, 0.000000 
174, 1315, 578, 274, 173.000000, 0.000000 
175, 1305, 564, 274, 174.000000, 0.000000 
176, 1296, 550, 274, 175.000000, 0.000000 
177, 1287, 537, 274, 176.000000, 0.000000 
178, 1278, 525, 274, 177.000000, 0.000000 
179, 1270, 513, 274, 178.000000, 0.000000 
180, 1263, 502, 274, 179.000000, 0.000000 
181, 1256, 493, 274, 180.000000, 0.000000 
182, 1251, 485, 274, 181.000000, 0.000000 
183, 1246, 479, 274, 182.000000, 0.000000 
184, 1242, 473, 274, 183.000000, 0.000000 
185, 1239, 470, 274, 184.000000, 0.000000 
186, 1237, 468, 274, 185.000000, 0.000000 
187, 1235, 467, 274, 186.000000, 0.000000 
188, 1234, 468, 274, 187.000000, 0.000000 
189, 1234, 470, 274, 188.000000, 0.000000 
190, 1234, 474, 274, 189.000000, 0.000000 
191, 1234, 479, 274, 190.000000, 0.000000 
192, 1235, 486, 274, 191.000000, 0.000000 
193, 1236, 495, 274, 192.000000, 0.000000 
194, 1237, 505, 274, 193.000000, 0.000000 
195, 1239, 517, 274, 194.000000, 0.000000 
196, 1240, 530, 274, 195.000000, 0.000000 
197, 1242, 545, 274, 196.000000, 0.000000 
198, 1244, 562, 274, 197.000000, 0.000000 
199, 1246, 580, 274, 198.000000, 0.000000 
200, 1247, 600, 274, 199.000000, 0.000000 
201, 1249, 622, 274, 200.000000, 0.000000 
202, 1250, 645, 274, 201.000000, 0.000000 
203, 1251, 671, 274, 202.000000, 0.000000 
204, 1252, 698, 274, 203.000000, 0.000000 
205, 1253, 727, 274, 204.000000, 0.000000 
206, 1252, 757, 274, 205.000000, 0.000000 
207, 1252, 790, 274, 206.000000, 0.000000 
208, 1251, 824, 274, 207.000000, 0.000000 
209, 1249, 860, 274, 208.000000, 0.000000 
210, 1247, 898, 274, 209.000000, 0.000000 
211, 1244, 938, 274, 210.000000, 0.000000 
212, 1240, 979, 274, 211.000000, 0.000000 
213, 1236, 1023, 274, 212.000000, 0.000000 
214, 1230, 1068, 274, 213.000000, 0.000000 
215, 1224, 1114, 274, 214.000000, 0.000000 
216, 1218, 1162, 274, 215.000000, 0.000000 
217, 1210, 1211, 274, 216.000000, 0.000000 
218, 1202, 1260, 274, 217.000000, 0.000000 
219, 1194, 1311, 274, 218.000000, 0.000000 
220, 1185, 1362, 274, 219.000000, 0.000000 
221, 1175, 1413, 274, 220.000000, 0.000000 
222, 1165, 1465, 274, 221.000000, 0.000000 
223, 1154, 1517, 274, 222.000000, 0.000000 
224, 1143, 1569, 274, 223.000000, 0.000000 
225, 1131, 1620, 274, 224.000000, 0.000000 
226, 1119, 1672, 274, 225.000000, 0.000000 
227, 1107, 1722, 274, 226.000000, 0.000000 
228, 1094, 1772, 274, 227.000000, 0.000000 
229, 1081, 1822, 274, 228.000000, 0.000000 
230, 1067, 1870, 274, 229.000000, 0.000000 
231, 1053, 1917, 274, 230.000000, 0.000000 
232, 1039, 1963, 274, 231.000000, 0.000000 
233, 1024, 2007, 274, 232.000000, 0.000000 
234, 1010, 2050, 274, 233.000000, 0.000000 
235, 995, 2091, 274, 234.000000, 0.000000 
236, 980, 2130, 274, 235.000000, 0.000000 
237, 965, 2166, 274, 236.000000, 0.000000 
238, 949, 2201, 274, 237.000000, 0.000000 
239, 934, 2233, 274, 238.000000, 0.000000 
240, 918, 2262, 274, 239.000000, 0.000000 
241, 902, 2289, 274, 240.000000, 0.000000 
242, 887, 2313, 274, 241.000000, 0.000000 
243, 871, 2334, 274, 242.000000, 0.000000 
244, 855, 2352, 274, 243.000000, 0.000000 
245, 840, 2368, 274, 244.000000, 0.000000 
246, 824, 2381, 274, 245.000000, 0.000000 
247, 808, 2392, 274, 246.000000, 0.000000 
248, 793, 2401, 274, 247.000000, 0.000000 
249, 778, 2408, 274, 248.000000, 0.000000 
250, 762, 2413, 274, 249.000000, 0.000000 
251, 747, 2416, 274, 250.000000, 0.000000 
252, 732, 2417, 274, 251.000000, 0.000000 
253, 717, 2417, 274, 252.000000, 0.000000 
254, 703, 2415, 274, 253.000000, 0.000000 
255, 689, 2413, 274, 254.000000, 0.000000 
256, 674, 2409, 274, 255.000000, 0.000000 
257, 661, 2404, 274, 256.000000, 0.000000 
258, 647, 2398, 274, 257.000000, 0.000000 
259, 634, 2391, 274, 258.000000, 0.000000 
260, 621, 2383, 274, 259.000000, 0.000000 
261, 609, 2376, 274, 260.000000, 0.000000 
262, 597, 2367, 274, 261.000000, 0.000000 
263, 585, 2359, 274, 262.000000, 0.000000 
264, 574, 2350, 274, 263.000000, 0.000000 
265, 563, 2341, 274, 264.000000, 0.000000 
266, 552, 2332, 274, 265.000000, 0.000000 
267, 543, 2324, 274, 266.000000, 0.000000 
268, 533, 2316, 274, 267.000000, 0.000000 
269, 524, 2308, 274, 268.000000, 0.000000 
270, 516, 2301, 274, 269.000000, 0.000000 
271, 508, 2294, 274, 270.000000, 0.000000 
272, 501, 2289, 274, 271.000000, 0.000000 
273, 495, 2284, 274, 272.000000, 0.000000 
274, 489, 2280, 274, 273.000000, 0.000000 
275, 483, 2277, 274, 274.000000, 0.000000 
276, 478, 2274, 274, 275.000000, 0.000000 
277, 474, 2272, 274, 276.000000, 0.000000 
278, 469, 2270, 274, 277.000000, 0.000000 
279, 466, 2269, 274, 278.000000, 0.000000 
280, 463, 2269, 274, 279.000000, 0.000000 
281, 460, 2268, 274, 280.000000, 0.000000 
282, 457, 2268, 274, 281.000000, 0.000000 
283, 455, 2268, 274, 282.000000, 0.000000 
284, 454, 2269, 274, 283.000000, 0.000000 
285, 452, 2270, 274, 284.000000, 0.000000 
286, 451, 2270, 274, 285.000000, 0.000000 
287, 450, 2271, 274, 286.000000, 0.000000 
288, 450, 2272, 274, 287.000000, 0.000000 
289, 449, 2273, 274, 288.000000, 0.000000 
290, 449, 2273, 274, 289.000000, 0.000000 
291, 449, 2274, 274, 290.000000, 0.000000 
292, 449, 2274, 274, 291.000000, 0.000000 
293, 449, 2274, 274, 292.000000, 0.000000 
294, 450, 2274, 274, 293.000000, 0.000000 
295, 450, 2273, 274, 294.000000, 0.000000 
296, 451, 2272, 274, 295.000000, 0.000000 
297, 452, 2270, 274, 296.000000, 0.000000 
298, 452, 2268, 274, 297.000000, 0.000000 
299, 453, 2265, 274, 298.000000, 0.000000 
300, 453, 2262, 274, 299.000000, 0.000000 
301, 454, 2258, 274, 300.000000, 0.000000 
302, 455, 2253, 274, 301.000000, 0.000000 
303, 455, 2248, 274, 302.000000, 0.000000 
304, 456, 2241, 274, 303.000000, 0.000000 
305, 456, 2235, 274, 304.000000, 0.000000 
306, 456, 2228, 274, 305.000000, 0.000000 
307, 456, 2220, 274, 306.000000, 0.000000 
308, 456, 2213, 274, 307.000000, 0.000000 
309, 456, 2205, 274, 308.000000, 0.000000 
310, 456, 2196, 274, 309.000000, 0.000000 
311, 456, 2188, 274, 310.000000, 0.000000 
312, 456, 2180, 274, 311.000000, 0.000000 
313, 455, 2172, 274, 312.000000, 0.000000 
314, 455, 2163, 274, 313.000000, 0.000000 
315, 454, 2155, 274, 314.000000, 0.000000 
316, 453, 2148, 274, 315.000000, 0.000000 
317, 452, 2140, 274, 316.000000, 0.000000 
318, 451, 2134, 274, 317.000000, 0.000000 
319, 449, 2127, 274, 318.000000, 0.000000 
320, 448, 2121, 274, 319.000000, 0.000000 
321, 446, 2116, 274, 320.000000, 0.000000 
322, 444, 2111, 274, 321.000000, 0.000000 
323, 442, 2107, 274, 322.000000, 0.000000 
324, 440, 2104, 274, 323.000000, 0.000000 
325, 437, 2102, 274, 324.000000, 0.000000 
326, 434, 2101, 274, 325.000000, 0.000000 
327, 432, 2101, 274, 326.000000, 0.000000 
328, 428, 2102, 274, 327.000000, 0.000000 
329, 425, 2105, 274, 328.000000, 0.000000 
330, 421, 2108, 274, 329.000000, 0.000000 
331, 417, 2113, 274, 330.000000, 0.000000 
332, 413, 2119, 274, 331.000000, 0.000000 
333, 409, 2127, 274, 332.000000, 0.000000 
334, 404, 2137, 274, 333.000000, 0.000000 
335, 399, 2148, 274, 334.000000, 0.000000 
336, 394, 2161, 274, 335.000000, 0.000000 
337, 389, 2177, 274, 336.000000, 0.000000 
338, 383, 2194, 274, 337.000000, 0.000000 
339, 377, 2214, 274, 338.000000, 0.000000 
340, 371, 2236, 274, 339.000000, 0.000000 
341, 365, 2261, 274, 340.000000, 0.000000 
342, 358, 2288, 274, 341.000000, 0.000000 
343, 351, 2318, 274, 342.000000, 0.000000 
344, 344, 2351, 274, 343.000000, 0.000000 
345, 336, 2387, 274, 344.000000, 0.000000 
346, 329, 2426, 274, 345.000000, 0.000000 
347, 321, 2469, 274, 346.000000, 0.000000 
348, 313, 2515, 274, 347.000000, 0.000000 
349, 304, 2564, 274, 348.000000, 0.000000 
350, 295, 2617, 274, 349.000000, 0.000000 
351, 287, 2674, 274, 350.000000, 0.000000 
352, 277, 2735, 274, 351.000000, 0.000000 
353, 3563, 2799, 274, 352.000000, 0.000000 
354, 3553, 2868, 274, 353.000000, 0.000000 
355, 3543, 2942, 274, 354.000000, 0.000000 
356, 3533, 3019, 274, 355.000000, 0.000000 
357, 3522, 3101, 274, 356.000000, 0.000000 
358, 3511, 3188, 274, 357.000000, 0.000000 
359, 3500, 3280, 274, 358.000000, 0.000000 
360, 3489, 3376, 274, 359.000000, 0.000000 
361, 1905, 1604, 274, 0.000000, 5.000000 
362, 1957, 1645, 274, 1.000000, 5.000000 
363, 2006, 1685, 274, 2.000000, 5.000000 
364, 2053, 1723, 274, 3.000000, 5.000000 
365, 2098, 1760, 274, 4.000000, 5.000000 
366, 2140, 1795, 274, 5.000000, 5.000000 
367, 2181, 1828, 274, 6.000000, 5.000000 
368, 2220, 1860, 274, 7.000000, 5.000000 
369, 2256, 1891, 274, 8.000000, 5.000000 
370, 2290, 1920, 274, 9.000000, 5.000000 
371, 2323, 1947, 274, 10.000000, 5.000000 
372, 2354, 1974, 274, 11.000000, 5.000000 
373, 2382, 1999, 274, 12.000000, 5.000000 
374, 2409, 2022, 274, 13.000000, 5.000000 
375, 2434, 2044, 274, 14.000000, 5.000000 
376, 2458, 2065, 274, 15.000000, 5.000000 
377, 2479, 2085, 274, 16.000000, 5.000000 
378, 2499, 2104, 274, 17.000000, 5.000000 
379, 2517, 2121, 274, 18.000000, 5.000000 
380, 2534, 2137, 274, 19.000000, 5.000000 
381, 2549, 2152, 274, 20.000000, 5.000000 
382, 2563, 2166, 274, 21.000000, 5.000000 
383, 2575, 2179, 274, 22.000000, 5.000000 
384, 2586, 2191, 274, 23.000000, 5.000000 
385, 2595, 2202, 274, 24.000000, 5.000000 
386, 2603, 2212, 274, 25.000000, 5.000000 
387, 2610, 2221, 274, 26.000000, 5.000000 
388, 2615, 2228, 274, 27.000000, 5.000000 
389, 2620, 2235, 274, 28.000000, 5.000000 
390, 2623, 2242, 274, 29.000000, 5.000000 
391, 2624, 2247, 274, 30.000000, 5.000000 
392, 2625, 2251, 274, 31.000000, 5.000000 
393, 2625, 2255, 274, 32.000000, 5.000000 
394, 2624, 2258, 274, 33.000000, 5.000000 
395, 2621, 2260, 274, 34.000000, 5.000000 
396, 2618, 2261, 274, 35.000000, 5.000000 
397, 2614, 2262, 274, 36.000000, 5.000000 
398, 2609, 2262, 274, 37.000000, 5.000000 
399, 2604, 2262, 274, 38.000000, 5.000000 
400, 2597, 2261, 274, 39.000000, 5.000000 
401, 2590, 2259, 274, 40.000000, 5.000000 
402, 2582, 2257, 274, 41.000000, 5.000000 
403, 2574, 2254, 274, 42.000000, 5.000000 
404, 2566, 2251, 274, 43.000000, 5.000000 
405, 2556, 2248, 274, 44.000000, 5.000000 
406, 2547, 2244, 274, 45.000000, 5.000000 
407, 2537, 2240, 274, 46.000000, 5.000000 
408, 2526, 2235, 274, 47.000000, 5.000000 
409, 2516, 2231, 274, 48.000000, 5.000000 
410, 2505, 2226, 274, 49.000000, 5.000000 
411, 2494, 2220, 274, 50.000000, 5.000000 
412, 2483, 2215, 274, 51.000000, 5.000000 
413, 2471, 2209, 274, 52.000000, 5.000000 
414, 2460, 2204, 274, 53.000000, 5.000000 
415, 2449, 2198, 274, 54.000000, 5.000000 
416, 2438, 2192, 274, 55.000000, 5.000000 
417, 2426, 2186, 274, 56.000000, 5.000000 
418, 2416, 2180, 274, 57.000000, 5.000000 
419, 2405, 2174, 274, 58.000000, 5.000000 
420, 2394, 2168, 274, 59.000000, 5.000000 
421, 2384, 2163, 274, 60.000000, 5.000000 
422, 2374, 2157, 274, 61.000000, 5.000000 
423, 2365, 2152, 274, 62.000000, 5.000000 
424, 2356, 2146, 274, 63.000000, 5.000000 
425, 2347, 2141, 274, 64.000000, 5.000000 
426, 2339, 2136, 274, 65.000000, 5.000000 
427, 2331, 2131, 274, 66.000000, 5.000000 
428, 2324, 2127, 274, 67.000000, 5.000000 
429, 2317, 2122, 274, 68.000000, 5.000000 
430, 2311, 2118, 274, 69.000000, 5.000000 
431, 2305, 2114, 274, 70.000000, 5.000000 
432, 2300, 2111, 274, 71.000000, 5.000000 
433, 2295, 2107, 274, 72.000000, 5.000000 
434, 2291, 2104, 274, 73.000000, 5.000000 
435, 2288, 2101, 274, 74.000000, 5.000000 
436, 2285, 2098, 274, 75.000000, 5.000000 
437, 2283, 2096, 274, 76.000000, 5.000000 
438, 2281, 2094, 274, 77.000000, 5.000000 
439, 2280, 2092, 274, 78.000000, 5.000000 
440, 2280, 2091, 274, 79.000000, 5.000000 
441, 2280, 2089, 274, 80.000000, 5.000000 
442, 2282, 2089, 274, 81.000000, 5.000000 
443, 2283, 2088, 274, 82.000000, 5.000000 
444, 2286, 2088, 274, 83.000000, 5.000000 
445, 2290, 2088, 274, 84.000000, 5.000000 
446, 2294, 2089, 274, 85.000000, 5.000000 
447, 2299, 2090, 274, 86.000000, 5.000000 
448, 2305, 2092, 274, 87.000000, 5.000000 
449, 2312, 2094, 274, 88.000000, 5.000000 
450, 2320, 2096, 274, 89.000000, 5.000000 
451, 2328, 2099, 274, 90.000000, 5.000000 
452, 2338, 2102, 274, 91.000000, 5.000000 
453, 2348, 2105, 274, 92.000000, 5.000000 
454, 2359, 2109, 274, 93.000000, 5.000000 
455, 2371, 2113, 274, 94.000000, 5.000000 
456, 2383, 2118, 274, 95.000000, 5.000000 
457, 2395, 2122, 274, 96.000000, 5.000000 
458, 2408, 2126, 274, 97.000000, 5.000000 
459, 2420, 2130, 274, 98.000000, 5.000000 
460, 2433, 2134, 274, 99.000000, 5.000000 
461, 2445, 2138, 274, 100.000000, 5.000000 
462, 2458, 2141, 274, 101.000000, 5.000000 
463, 2469, 2144, 274, 102.000000, 5.000000 
464, 2481, 2146, 274, 103.000000, 5.000000 
465, 2491, 2148, 274, 104.000000, 5.000000 
466, 2501, 2149, 274, 105.000000, 5.000000 
467, 2511, 2149, 274, 106.000000, 5.000000 
468, 2519, 2149, 274, 107.000000, 5.000000 
469, 2526, 2147, 274, 108.000000, 5.000000 
470, 2532, 2145, 274, 109.000000, 5.000000 
471, 2536, 2142, 274, 110.000000, 5.000000 
472, 2539, 2137, 274, 111.000000, 5.000000 
473, 2541, 2131, 274, 112.000000, 5.000000 
474, 2540, 2124, 274, 113.000000, 5.000000 
475, 2538, 2116, 274, 114.000000, 5.000000 
476, 2535, 2106, 274, 115.000000, 5.000000 
477, 2529, 2095, 274, 116.000000, 5.000000 
478, 2521, 2081, 274, 117.000000, 5.000000 
479, 2510, 2067, 274, 118.000000, 5.000000 
480, 2497, 2050, 274, 119.000000, 5.000000 
481, 2482, 2032, 274, 120.000000, 5.000000 
482, 2464, 2012, 274, 121.000000, 5.000000 
483, 2444, 1989, 274, 122.000000, 5.000000 
484, 2421, 1966, 274, 123.000000, 5.000000 
485, 2397, 1940, 274, 124.000000, 5.000000 
486, 2370, 1913, 274, 125.000000, 5.000000 
487, 2341, 1885, 274, 126.000000, 5.000000 
488, 2311, 1855, 274, 127.000000, 5.000000 
489, 2279, 1824, 274, 128.000000, 5.000000 
490, 2246, 1792, 274, 129.000000, 5.000000 
491, 2212, 1759, 274, 130.000000, 5.000000 
492, 2176, 1726, 274, 131.000000, 5.000000 
493, 2140, 1691, 274, 132.000000, 5.000000 
494, 2103, 1656, 274, 133.000000, 5.000000 
495, 2065, 1620, 274, 134.000000, 5.000000 
496, 2027, 1584, 274, 135.000000, 5.000000 
497, 1988, 1547, 274, 136.000000, 5.000000 
498, 1950, 1511, 274, 137.000000, 5.000000 
499, 1911, 1474, 274, 138.000000, 5.000000 
500, 1873, 1437, 274, 139.000000, 5.000000 
501, 1835, 1400, 274, 140.000000, 5.000000 
502, 1798, 1364, 274, 141.000000, 5.000000 
503, 1761, 1327, 274, 142.000000, 5.000000 
504, 1725, 1291, 274, 143.000000, 5.000000 
505, 1690, 1256, 274, 144.000000, 5.000000 
506, 1656, 1221, 274, 145.000000, 5.000000 
507, 1623, 1187, 274, 146.000000, 5.000000 
508, 1592, 1154, 274, 147.000000, 5.000000 
509, 1563, 1122, 274, 148.000000, 5.000000 
510, 1535, 1091, 274, 149.000000, 5.000000 
511, 1509, 1061, 274, 150.000000, 5.000000 
512, 1485, 1032, 274, 151.000000, 5.000000 
513, 1463, 1005, 274, 152.000000, 5.000000 
514, 1443, 979, 274, 153.000000, 5.000000 
515, 1425, 954, 274, 154.000000, 5.000000 
516, 1409, 931, 274, 155.000000, 5.000000 
517, 1394, 909, 274, 156.000000, 5.000000 
518, 1381, 889, 274, 157.000000, 5.000000 
519, 1370, 871, 274, 158.000000, 5.000000 
520, 1360, 854, 274, 159.000000, 5.000000 
521, 1351, 840, 274, 160.000000, 5.000000 
522, 1344, 827, 274, 161.000000, 5.000000 
523, 1338, 816, 274, 162.000000, 5.000000 
524, 1333, 807, 274, 163.000000, 5.000000 
525, 1329, 800, 274, 164.000000, 5.000000 
526, 1326, 795, 274, 165.000000, 5.000000 
527, 1324, 792, 274, 166.000000, 5.000000 
528, 1323, 791, 274, 167.000000, 5.000000 
529, 1323, 792, 274, 168.000000, 5.000000 
530, 1323, 796, 274, 169.000000, 5.000000 
531, 1324, 802, 274, 170.000000, 5.000000 
532, 1325, 811, 274, 171.000000, 5.000000 
533, 1327, 822, 274, 172.000000, 5.000000 
534, 1330, 836, 274, 173.000000, 5.000000 
535, 1332, 852, 274, 174.000000, 5.000000 
536, 1335, 871, 274, 175.000000, 5.000000 
537, 1338, 892, 274, 176.000000, 5.000000 
538, 1341, 917, 274, 177.000000, 5.000000 
539, 1344, 944, 274, 178.000000, 5.000000 
540, 1347, 974, 274, 179.000000, 5.000000 
541, 1350, 1007, 274, 180.000000, 5.000000 
542, 1353, 1042, 274, 181.000000, 5.000000 
543, 1355, 1081, 274, 182.000000, 5.000000 
544, 1358, 1122, 274, 183.000000, 5.000000 
545, 1360, 1166, 274, 184.000000, 5.000000 
546, 1362, 1211, 274, 185.000000, 5.000000 
547, 1363, 1258, 274, 186.000000, 5.000000 
548, 1365, 1307, 274, 187.000000, 5.000000 
549, 1367, 1358, 274, 188.000000, 5.000000 
550, 1368, 1409, 274, 189.000000, 5.000000 
551, 1370, 1461, 274, 190.000000, 5.000000 
552, 1371, 1514, 274, 191.000000, 5.000000 
553, 1372, 1568, 274, 192.000000, 5.000000 
554, 1374, 1621, 274, 193.000000, 5.000000 
555, 1375, 1675, 274, 194.000000, 5.000000 
556, 1376, 1728, 274, 195.000000, 5.000000 
557, 1378, 1781, 274, 196.000000, 5.000000 
558, 1379, 1833, 274, 197.000000, 5.000000 
559, 1381, 1884, 274, 198.000000, 5.000000 
560, 1383, 1934, 274, 199.000000, 5.000000 
561, 1385, 1983, 274, 200.000000, 5.000000 
562, 1387, 2030, 274, 201.000000, 5.000000 
563, 1389, 2075, 274, 202.000000, 5.000000 
564, 1391, 2118, 274, 203.000000, 5.000000 
565, 1394, 2158, 274, 204.000000, 5.000000 
566, 1396, 2196, 274, 205.000000, 5.000000 
567, 1399, 2232, 274, 206.000000, 5.000000 
568, 1403, 2264, 274, 207.000000, 5.000000 
569, 1406, 2293, 274, 208.000000, 5.000000 
570, 1410, 2318, 274, 209.000000, 5.000000 
571, 1414, 2340, 274, 210.000000, 5.000000 
572, 1419, 2357, 274, 211.000000, 5.000000 
573, 1424, 2371, 274, 212.000000, 5.000000 
574, 1428, 2381, 274, 213.000000, 5.000000 
575, 1434, 2388, 274, 214.000000, 5.000000 
576, 1439, 2392, 274, 215.000000, 5.000000 
577, 1444, 2393, 274, 216.000000, 5.000000 
578, 1449, 2390, 274, 217.000000, 5.000000 
579, 1453, 2385, 274, 218.000000, 5.000000 
580, 1458, 2377, 274, 219.000000, 5.000000 
581, 1462, 2368, 274, 220.000000, 5.000000 
582, 1466, 2355, 274, 221.000000, 5.000000 
583, 1469, 2341, 274, 222.000000, 5.000000 
584, 1472, 2325, 274, 223.000000, 5.000000 
585, 1474, 2307, 274, 224.000000, 5.000000 
586, 1476, 2288, 274, 225.000000, 5.000000 
587, 1476, 2268, 274, 226.000000, 5.000000 
588, 1476, 2246, 274, 227.000000, 5.000000 
589, 1475, 2224, 274, 228.000000, 5.000000 
590, 1473, 2201, 274, 229.000000, 5.000000 
591, 1469, 2177, 274, 230.000000, 5.000000 
592, 1465, 2153, 274, 231.000000, 5.000000 
593, 1460, 2128, 274, 232.000000, 5.000000 
594, 1453, 2104, 274, 233.000000, 5.000000 
595, 1444, 2079, 274, 234.000000, 5.000000 
596, 1435, 2055, 274, 235.000000, 5.000000 
597, 1423, 2032, 274, 236.000000, 5.000000 
598, 1411, 2009, 274, 237.000000, 5.000000 
599, 1396, 1987, 274, 238.000000, 5.000000 
600, 1380, 1966, 274, 239.000000, 5.000000 
601, 1362, 1946, 274, 240.000000, 5.000000 
602, 1342, 1927, 274, 241.000000, 5.000000 
603, 1320, 1910, 274, 242.000000, 5.000000 
604, 1297, 1894, 274, 243.000000, 5.000000 
605, 1272, 1880, 274, 244.000000, 5.000000 
606, 1246, 1866, 274, 245.000000, 5.000000 
607, 1219, 1854, 274, 246.000000, 5.000000 
608, 1190, 1843, 274, 247.000000, 5.000000 
609, 1161, 1833, 274, 248.000000, 5.000000 
610, 1131, 1824, 274, 249.000000, 5.000000 
611, 1100, 1816, 274, 250.000000, 5.000000 
612, 1069, 1809, 274, 251.000000, 5.000000 
613, 1037, 1803, 274, 252.000000, 5.000000 
614, 1005, 1798, 274, 253.000000, 5.000000 
615, 972, 1794, 274, 254.000000, 5.000000 
616, 940, 1790, 274, 255.000000, 5.000000 
617, 908, 1787, 274, 256.000000, 5.000000 
618, 876, 1785, 274, 257.000000, 5.000000 
619, 845, 1784, 274, 258.000000, 5.000000 
620, 814, 1784, 274, 259.000000, 5.000000 
621, 783, 1783, 274, 260.000000, 5.000000 
622, 754, 1784, 274, 261.000000, 5.000000 
623, 725, 1785, 274, 262.000000, 5.000000 
624, 698, 1787, 274, 263.000000, 5.000000 
625, 671, 1788, 274, 264.000000, 5.000000 
626, 646, 1791, 274, 265.000000, 5.000000 
627, 623, 1794, 274, 266.000000, 5.000000 
628, 601, 1797, 274, 267.000000, 5.000000 
629, 581, 1800, 274, 268.000000, 5.000000 
630, 562, 1803, 274, 269.000000, 5.000000 
631, 546, 1807, 274, 270.000000, 5.000000 
632, 532, 1811, 274, 271.000000, 5.000000 
633, 519, 1815, 274, 272.000000, 5.000000 
634, 509, 1819, 274, 273.000000, 5.000000 
635, 500, 1824, 274, 274.000000, 5.000000 
636, 493, 1828, 274, 275.000000, 5.000000 
637, 487, 1832, 274, 276.000000, 5.000000 
638, 482, 1837, 274, 277.000000, 5.000000 
639, 478, 1842, 274, 278.000000, 5.000000 
640, 476, 1846, 274, 279.000000, 5.000000 
641, 474, 1851, 274, 280.000000, 5.000000 
642, 472, 1855, 274, 281.000000, 5.000000 
643, 471, 1860, 274, 282.000000, 5.000000 
644, 470, 1865, 274, 283.000000, 5.000000 
645, 470, 1869, 274, 284.000000, 5.000000 
646, 469, 1874, 274, 285.000000, 5.000000 
647, 468, 1878, 274, 286.000000, 5.000000 
648, 467, 1882, 274, 287.000000, 5.000000 
649, 466, 1887, 274, 288.000000, 5.000000 
650, 463, 1891, 274, 289.000000, 5.000000 
651, 460, 1895, 274, 290.000000, 5.000000 
652, 456, 1899, 274, 291.000000, 5.000000 
653, 451, 1902, 274, 292.000000, 5.000000 
654, 445, 1906, 274, 293.000000, 5.000000 
655, 437, 1909, 274, 294.000000, 5.000000 
656, 427, 1912, 274, 295.000000, 5.000000 
657, 416, 1915, 274, 296.000000, 5.000000 
658, 403, 1918, 274, 297.000000, 5.000000 
659, 388, 1920, 274, 298.000000, 5.000000 
660, 371, 1922, 274, 299.000000, 5.000000 
661, 351, 1924, 274, 300.000000, 5.000000 
662, 329, 1926, 274, 301.000000, 5.000000 
663, 305, 1927, 274, 302.000000, 5.000000 
664, 278, 1928, 274, 303.000000, 5.000000 
665, 3544, 1929, 274, 304.000000, 5.000000 
666, 3513, 1929, 274, 305.000000, 5.000000 
667, 3479, 1929, 274, 306.000000, 5.000000 
668, 3444, 1929, 274, 307.000000, 5.000000 
669, 3408, 1929, 274, 308.000000, 5.000000 
670, 3369, 1929, 274, 309.000000, 5.000000 
671, 3329, 1928, 274, 310.000000, 5.000000 
672, 3287, 1927, 274, 311.000000, 5.000000 
673, 3244, 1926, 274, 312.000000, 5.000000 
674, 3200, 1925, 274, 313.000000, 5.000000 
675, 3154, 1924, 274, 314.000000, 5.000000 
676, 3108, 1922, 274, 315.000000, 5.000000 
677, 3060, 1921, 274, 316.000000, 5.000000 
678, 3012, 1919, 274, 317.000000, 5.000000 
679, 2962, 1917, 274, 318.000000, 5.000000 
680, 2912, 1916, 274, 319.000000, 5.000000 
681, 2861, 1914, 274, 320.000000, 5.000000 
682, 2810, 1912, 274, 321.000000, 5.000000 
683, 2759, 1910, 274, 322.000000, 5.000000 
684, 2707, 1908, 274, 323.000000, 5.000000 
685, 2655, 1905, 274, 324.000000, 5.000000 
686, 2603, 1903, 274, 325.000000, 5.000000 
687, 2550, 1901, 274, 326.000000, 5.000000 
688, 2498, 1899, 274, 327.000000, 5.000000 
689, 2446, 1897, 274, 328.000000, 5.000000 
690, 2395, 1895, 274, 329.000000, 5.000000 
691, 2343, 1893, 274, 330.000000, 5.000000 
692, 2293, 1891, 274, 331.000000, 5.000000 
693, 2243, 1889, 274, 332.000000, 5.000000 
694, 2193, 1887, 274, 333.000000, 5.000000 
695, 2145, 1886, 274, 334.000000, 5.000000 
696, 2098, 1884, 274, 335.000000, 5.000000 
697, 2053, 1882, 274, 336.000000, 5.000000 
698, 2009, 1881, 274, 337.000000, 5.000000 
699, 1967, 1880, 274, 338.000000, 5.000000 
700, 1928, 1879, 274, 339.000000, 5.000000 
701, 1890, 1878, 274, 340.000000, 5.000000 
702, 1855, 1877, 274, 341.000000, 5.000000 
703, 1822, 1876, 274, 342.000000, 5.000000 
704, 1793, 1876, 274, 343.000000, 5.000000 
705, 1766, 1875, 274, 344.000000, 5.000000 
706, 1742, 1875, 274, 345.000000, 5.000000 
707, 1722, 1875, 274, 346.000000, 5.000000 
708, 1706, 1876, 274, 347.000000, 5.000000 
709, 1693, 1876, 274, 348.000000, 5.000000 
710, 1684, 1877, 274, 349.000000, 5.000000 
711, 1679, 1878, 274, 350.000000, 5.000000 
712, 1679, 1879, 274, 351.000000, 5.000000 
713, 1683, 1881, 274, 352.000000, 5.000000 
714, 1693, 1883, 274, 353.000000, 5.000000 
715, 1706, 1885, 274, 354.000000, 5.000000 
716, 1726, 1888, 274, 355.000000, 5.000000 
717, 1750, 1890, 274, 356.000000, 5.000000 
718, 1780, 1894, 274, 357.000000, 5.000000 
719, 1816, 1897, 274, 358.000000, 5.000000 
720, 1857, 1901, 274, 359.000000, 5.000000 
721, 1986, 1710, 274, 0.000000, 10.000000 
722, 2000, 1720, 274, 1.000000, 10.000000 
723, 2013, 1729, 274, 2.000000, 10.000000 
724, 2024, 1736, 274, 3.000000, 10.000000 
725, 2033, 1742, 274, 4.000000, 10.000000 
726, 2042, 1746, 274, 5.000000, 10.000000 
727, 2048, 1749, 274, 6.000000, 10.000000 
728, 2054, 1751, 274, 7.000000, 10.000000 
729, 2058, 1752, 274, 8.000000, 10.000000 
730, 2061, 1752, 274, 9.000000, 10.000000 
731, 2062, 1751, 274, 10.000000, 10.000000 
732, 2063, 1749, 274, 11.000000, 10.000000 
733, 2062, 1745, 274, 12.000000, 10.000000 
734, 2060, 1741, 274, 13.000000, 10.000000 
735, 2057, 1736, 274, 14.000000, 10.000000 
736, 2053, 1730, 274, 15.000000, 10.000000 
737, 2049, 1723, 274, 16.000000, 10.000000 
738, 2043, 1716, 274, 17.000000, 10.000000 
739, 2037, 1707, 274, 18.000000, 10.000000 
740, 2029, 1698, 274, 19.000000, 10.000000 
741, 2021, 1689, 274, 20.000000, 10.000000 
742, 2013, 1679, 274, 21.000000, 10.000000 
743, 2003, 1668, 274, 22.000000, 10.000000 
744, 1993, 1657, 274, 23.000000, 10.000000 
745, 1983, 1645, 274, 24.000000, 10.000000 
746, 1972, 1633, 274, 25.000000, 10.000000 
747, 1961, 1621, 274, 26.000000, 10.000000 
748, 1949, 1608, 274, 27.000000, 10.000000 
749, 1936, 1595, 274, 28.000000, 10.000000 
750, 1924, 1582, 274, 29.000000, 10.000000 
751, 1911, 1569, 274, 30.000000, 10.000000 
752, 1898, 1555, 274, 31.000000, 10.000000 
753, 1885, 1542, 274, 32.000000, 10.000000 
754, 1872, 1528, 274, 33.000000, 10.000000 
755, 1858, 1514, 274, 34.000000, 10.000000 
756, 1844, 1501, 274, 35.000000, 10.000000 
757, 1831, 1487, 274, 36.000000, 10.000000 
758, 1817, 1473, 274, 37.000000, 10.000000 
759, 1803, 1459, 274, 38.000000, 10.000000 
760, 1789, 1446, 274, 39.000000, 10.000000 
761, 1775, 1432, 274, 40.000000, 10.000000 
762, 1761, 1419, 274, 41.000000, 10.000000 
763, 1748, 1405, 274, 42.000000, 10.000000 
764, 1734, 1392, 274, 43.000000, 10.000000 
765, 1720, 1379, 274, 44.000000, 10.000000 
766, 1707, 1367, 274, 45.000000, 10.000000 
767, 1693, 1354, 274, 46.000000, 10.000000 
768, 1680, 1342, 274, 47.000000, 10.000000 
769, 1667, 1330, 274, 48.000000, 10.000000 
770, 1654, 1318, 274, 49.000000, 10.000000 
771, 1642, 1307, 274, 50.000000, 10.000000 
772, 1630, 1296, 274, 51.000000, 10.000000 
773, 1618, 1286, 274, 52.000000, 10.000000 
774, 1606, 1276, 274, 53.000000, 10.000000 
775, 1595, 1266, 274, 54.000000, 10.000000 
776, 1584, 1257, 274, 55.000000, 10.000000 
777, 1574, 1249, 274, 56.000000, 10.000000 
778, 1564, 1241, 274, 57.000000, 10.000000 
779, 1554, 1233, 274, 58.000000, 10.000000 
780, 1545, 1226, 274, 59.000000, 10.000000 
781, 1536, 1220, 274, 60.000000, 10.000000 
782, 1528, 1214, 274, 61.000000, 10.000000 
783, 1520, 1209, 274, 62.000000, 10.000000 
784, 1513, 1205, 274, 63.000000, 10.000000 
785, 1506, 1200, 274, 64.000000, 10.000000 
786, 1500, 1197, 274, 65.000000, 10.000000 
787, 1494, 1194, 274, 66.000000, 10.000000 
788, 1488, 1191, 274, 67.000000, 10.000000 
789, 1483, 1189, 274, 68.000000, 10.000000 
790, 1478, 1187, 274, 69.000000, 10.000000 
791, 1473, 1186, 274, 70.000000, 10.000000 
792, 1468, 1185, 274, 71.000000, 10.000000 
793, 1463, 1184, 274, 72.000000, 10.000000 
794, 1459, 1184, 274, 73.000000, 10.000000 
795, 1454, 1183, 274, 74.000000, 10.000000 
796, 1450, 1183, 274, 75.000000, 10.000000 
797, 1445, 1183, 274, 76.000000, 10.000000 
798, 1441, 1184, 274, 77.000000, 10.000000 
799, 1436, 1184, 274, 78.000000, 10.000000 
800, 1432, 1184, 274, 79.000000, 10.000000 
801, 1427, 1185, 274, 80.000000, 10.000000 
802, 1422, 1186, 274, 81.000000, 10.000000 
803, 1417, 1186, 274, 82.000000, 10.000000 
804, 1412, 1187, 274, 83.000000, 10.000000 
805, 1406, 1187, 274, 84.000000, 10.000000 
806, 1400, 1187, 274, 85.000000, 10.000000 
807, 1394, 1188, 274, 86.000000, 10.000000 
808, 1387, 1188, 274, 87.000000, 10.000000 
809, 1380, 1188, 274, 88.000000, 10.000000 
810, 1373, 1187, 274, 89.000000, 10.000000 
811, 1365, 1187, 274, 90.000000, 10.000000 
812, 1357, 1186, 274, 91.000000, 10.000000 
813, 1348, 1185, 274, 92.000000, 10.000000 
814, 1338, 1184, 274, 93.000000, 10.000000 
815, 1329, 1182, 274, 94.000000, 10.000000 
816, 1319, 1181, 274, 95.000000, 10.000000 
817, 1308, 1179, 274, 96.000000, 10.000000 
818, 1298, 1177, 274, 97.000000, 10.000000 
819, 1287, 1175, 274, 98.000000, 10.000000 
820, 1276, 1173, 274, 99.000000, 10.000000 
821, 1265, 1171, 274, 100.000000, 10.000000 
822, 1253, 1169, 274, 101.000000, 10.000000 
823, 1242, 1167, 274, 102.000000, 10.000000 
824, 1230, 1164, 274, 103.000000, 10.000000 
825, 1219, 1162, 274, 104.000000, 10.000000 
826, 1208, 1160, 274, 105.000000, 10.000000 
827, 1196, 1158, 274, 106.000000, 10.000000 
828, 1185, 1157, 274, 107.000000, 10.000000 
829, 1174, 1155, 274, 108.000000, 10.000000 
830, 1163, 1154, 274, 109.000000, 10.000000 
831, 1153, 1152, 274, 110.000000, 10.000000 
832, 1142, 1151, 274, 111.000000, 10.000000 
833, 1132, 1151, 274, 112.000000, 10.000000 
834, 1123, 1150, 274, 113.000000, 10.000000 
835, 1114, 1150, 274, 114.000000, 10.000000 
836, 1105, 1150, 274, 115.000000, 10.000000 
837, 1097, 1151, 274, 116.000000, 10.000000 
838, 1089, 1152, 274, 117.000000, 10.000000 
839, 1082, 1153, 274, 118.000000, 10.000000 
840, 1075, 1155, 274, 119.000000, 10.000000 
841, 1069, 1157, 274, 120.000000, 10.000000 
842, 1064, 1159, 274, 121.000000, 10.000000 
843, 1059, 1162, 274, 122.000000, 10.000000 
844, 1055, 1166, 274, 123.000000, 10.000000 
845, 1052, 1170, 274, 124.000000, 10.000000 
846, 1049, 1174, 274, 125.000000, 10.000000 
847, 1047, 1179, 274, 126.000000, 10.000000 
848, 1045, 1185, 274, 127.000000, 10.000000 
849, 1043, 1190, 274, 128.000000, 10.000000 
850, 1042, 1197, 274, 129.000000, 10.000000 
851, 1042, 1203, 274, 130.000000, 10.000000 
852, 1042, 1210, 274, 131.000000, 10.000000 
853, 1042, 1218, 274, 132.000000, 10.000000 
854, 1043, 1226, 274, 133.000000, 10.000000 
855, 1044, 1234, 274, 134.000000, 10.000000 
856, 1045, 1242, 274, 135.000000, 10.000000 
857, 1046, 1251, 274, 136.000000, 10.000000 
858, 1048, 1261, 274, 137.000000, 10.000000 
859, 1050, 1271, 274, 138.000000, 10.000000 
860, 1052, 1281, 274, 139.000000, 10.000000 
861, 1054, 1291, 274, 140.000000, 10.000000 
862, 1057, 1302, 274, 141.000000, 10.000000 
863, 1059, 1313, 274, 142.000000, 10.000000 
864, 1062, 1325, 274, 143.000000, 10.000000 
865, 1064, 1337, 274, 144.000000, 10.000000 
866, 1067, 1349, 274, 145.000000, 10.000000 
867, 1069, 1361, 274, 146.000000, 10.000000 
868, 1071, 1374, 274, 147.000000, 10.000000 
869, 1074, 1387, 274, 148.000000, 10.000000 
870, 1076, 1401, 274, 149.000000, 10.000000 
871, 1078, 1415, 274, 150.000000, 10.000000 
872, 1080, 1429, 274, 151.000000, 10.000000 
873, 1082, 1443, 274, 152.000000, 10.000000 
874, 1083, 1458, 274, 153.000000, 10.000000 
875, 1085, 1473, 274, 154.000000, 10.000000 
876, 1087, 1488, 274, 155.000000, 10.000000 
877, 1088, 1503, 274, 156.000000, 10.000000 
878, 1089, 1519, 274, 157.000000, 10.000000 
879, 1091, 1535, 274, 158.000000, 10.000000 
880, 1092, 1551, 274, 159.000000, 10.000000 
881, 1094, 1567, 274, 160.000000, 10.000000 
882, 1095, 1583, 274, 161.000000, 10.000000 
883, 1097, 1600, 274, 162.000000, 10.000000 
884, 1099, 1616, 274, 163.000000, 10.000000 
885, 1101, 1633, 274, 164.000000, 10.000000 
886, 1103, 1650, 274, 165.000000, 10.000000 
887, 1105, 1667, 274, 166.000000, 10.000000 
888, 1108, 1685, 274, 167.000000, 10.000000 
889, 1110, 1702, 274, 168.000000, 10.000000 
890, 1113, 1720, 274, 169.000000, 10.000000 
891, 1117, 1737, 274, 170.000000, 10.000000 
892, 1120, 1755, 274, 171.000000, 10.000000 
893, 1124, 1772, 274, 172.000000, 10.000000 
894, 1128, 1790, 274, 173.000000, 10.000000 
895, 1133, 1808, 274, 174.000000, 10.000000 
896, 1138, 1825, 274, 175.000000, 10.000000 
897, 1144, 1843, 274, 176.000000, 10.000000 
898, 1150, 1861, 274, 177.000000, 10.000000 
899, 1156, 1879, 274, 178.000000, 10.000000 
900, 1163, 1896, 274, 179.000000, 10.000000 
901, 1171, 1914, 274, 180.000000, 10.000000 
902, 1179, 1932, 274, 181.000000, 10.000000 
903, 1187, 1949, 274, 182.000000, 10.000000 
904, 1196, 1967, 274, 183.000000, 10.000000 
905, 1206, 1984, 274, 184.000000, 10.000000 
906, 1216, 2002, 274, 185.000000, 10.000000 
907, 1226, 2019, 274, 186.000000, 10.000000 
908, 1237, 2036, 274, 187.000000, 10.000000 
909, 1248, 2053, 274, 188.000000, 10.000000 
910, 1260, 2070, 274, 189.000000, 10.000000 
911, 1271, 2087, 274, 190.000000, 10.000000 
912, 1283, 2104, 274, 191.000000, 10.000000 
913, 1295, 2121, 274, 192.000000, 10.000000 
914, 1308, 2138, 274, 193.000000, 10.000000 
915, 1320, 2154, 274, 194.000000, 10.000000 
916, 1333, 2170, 274, 195.000000, 10.000000 
917, 1346, 2187, 274, 196.000000, 10.000000 
918, 1359, 2203, 274, 197.000000, 10.000000 
919, 1372, 2219, 274, 198.000000, 10.000000 
920, 1384, 2234, 274, 199.000000, 10.000000 
921, 1397, 2250, 274, 200.000000, 10.000000 
922, 1410, 2265, 274, 201.000000, 10.000000 
923, 1423, 2281, 274, 202.000000, 10.000000 
924, 1436, 2296, 274, 203.000000, 10.000000 
925, 1448, 2311, 274, 204.000000, 10.000000 
926, 1461, 2325, 274, 205.000000, 10.000000 
927, 1473, 2340, 274, 206.000000, 10.000000 
928, 1485, 2354, 274, 207.000000, 10.000000 
929, 1497, 2368, 274, 208.000000, 10.000000 
930, 1508, 2382, 274, 209.000000, 10.000000 
931, 1519, 2396, 274, 210.000000, 10.000000 
932, 1530, 2409, 274, 211.000000, 10.000000 
933, 1540, 2422, 274, 212.000000, 10.000000 
934, 1551, 2435, 274, 213.000000, 10.000000 
935, 1560, 2447, 274, 214.000000, 10.000000 
936, 1570, 2459, 274, 215.000000, 10.000000 
937, 1579, 2471, 274, 216.000000, 10.000000 
938, 1589, 2482, 274, 217.000000, 10.000000 
939, 1598, 2493, 274, 218.000000, 10.000000 
940, 1606, 2503, 274, 219.000000, 10.000000 
941, 1615, 2513, 274, 220.000000, 10.000000 
942, 1624, 2522, 274, 221.000000, 10.000000 
943, 1632, 2530, 274, 222.000000, 10.000000 
944, 1641, 2537, 274, 223.000000, 10.000000 
945, 1649, 2544, 274, 224.000000, 10.000000 
946, 1657, 2550, 274, 225.000000, 10.000000 
947, 1665, 2555, 274, 226.000000, 10.000000 
948, 1674, 2560, 274, 227.000000, 10.000000 
949, 1682, 2563, 274, 228.000000, 10.000000 
950, 1690, 2565, 274, 229.000000, 10.000000 
951, 1699, 2567, 274, 230.000000, 10.000000 
952, 1707, 2567, 274, 231.000000, 10.000000 
953, 1716, 2567, 274, 232.000000, 10.000000 
954, 1725, 2565, 274, 233.000000, 10.000000 
955, 1734, 2562, 274, 234.000000, 10.000000 
956, 1743, 2558, 274, 235.000000, 10.000000 
957, 1752, 2553, 274, 236.000000, 10.000000 
958, 1761, 2546, 274, 237.000000, 10.000000 
959, 1771, 2539, 274, 238.000000, 10.000000 
960, 1781, 2529, 274, 239.000000, 10.000000 
961, 1791, 2519, 274, 240.000000, 10.000000 
962, 1802, 2507, 274, 241.000000, 10.000000 
963, 1813, 2494, 274, 242.000000, 10.000000 
964, 1824, 2479, 274, 243.000000, 10.000000 
965, 1836, 2464, 274, 244.000000, 10.000000 
966, 1847, 2447, 274, 245.000000, 10.000000 
967, 1860, 2429, 274, 246.000000, 10.000000 
968, 1872, 2411, 274, 247.000000, 10.000000 
969, 1885, 2391, 274, 248.000000, 10.000000 
970, 1897, 2371, 274, 249.000000, 10.000000 
971, 1911, 2351, 274, 250.000000, 10.000000 
972, 1924, 2330, 274, 251.000000, 10.000000 
973, 1938, 2308, 274, 252.000000, 10.000000 
974, 1952, 2286, 274, 253.000000, 10.000000 
975, 1966, 2264, 274, 254.000000, 10.000000 
976, 1980, 2242, 274, 255.000000, 10.000000 
977, 1995, 2219, 274, 256.000000, 10.000000 
978, 2010, 2197, 274, 257.000000, 10.000000 
979, 2025, 2175, 274, 258.000000, 10.000000 
980, 2040, 2153, 274, 259.000000, 10.000000 
981, 2056, 2131, 274, 260.000000, 10.000000 
982, 2072, 2110, 274, 261.000000, 10.000000 
983, 2088, 2089, 274, 262.000000, 10.000000 
984, 2104, 2069, 274, 263.000000, 10.000000 
985, 2120, 2049, 274, 264.000000, 10.000000 
986, 2137, 2031, 274, 265.000000, 10.000000 
987, 2154, 2013, 274, 266.000000, 10.000000 
988, 2171, 1996, 274, 267.000000, 10.000000 
989, 2188, 1980, 274, 268.000000, 10.000000 
990, 2205, 1965, 274, 269.000000, 10.000000 
991, 2223, 1951, 274, 270.000000, 10.000000 
992, 2240, 1939, 274, 271.000000, 10.000000 
993, 2258, 1928, 274, 272.000000, 10.000000 
994, 2276, 1918, 274, 273.000000, 10.000000 
995, 2294, 1909, 274, 274.000000, 10.000000 
996, 2312, 1901, 274, 275.000000, 10.000000 
997, 2330, 1894, 274, 276.000000, 10.000000 
998, 2347, 1889, 274, 277.000000, 10.000000 
999, 2365, 1884, 274, 278.000000, 10.000000 
1000, 2383, 1880, 274, 279.000000, 10.000000 
1001, 2400, 1877, 274, 280.000000, 10.000000 
1002, 2417, 1874, 274, 281.000000, 10.000000 
1003, 2433, 1873, 274, 282.000000, 10.000000 
1004, 2450, 1872, 274, 283.000000, 10.000000 
1005, 2466, 1871, 274, 284.000000, 10.000000 
1006, 2481, 1871, 274, 285.000000, 10.000000 
1007, 2496, 1872, 274, 286.000000, 10.000000 
1008, 2511, 1872, 274, 287.000000, 10.000000 
1009, 2525, 1874, 274, 288.000000, 10.000000 
1010, 2538, 1875, 274, 289.000000, 10.000000 
1011, 2551, 1877, 274, 290.000000, 10.000000 
1012, 2563, 1879, 274, 291.000000, 10.000000 
1013, 2574, 1881, 274, 292.000000, 10.000000 
1014, 2584, 1883, 274, 293.000000, 10.000000 
1015, 2594, 1886, 274, 294.000000, 10.000000 
1016, 2603, 1888, 274, 295.000000, 10.000000 
1017, 2611, 1890, 274, 296.000000, 10.000000 
1018, 2618, 1892, 274, 297.000000, 10.000000 
1019, 2624, 1894, 274, 298.000000, 10.000000 
1020, 2628, 1895, 274, 299.000000, 10.000000 
1021, 2632, 1897, 274, 300.000000, 10.000000 
1022, 2635, 1898, 274, 301.000000, 10.000000 
1023, 2637, 1898, 274, 302.000000, 10.000000 
1024, 2637, 1898, 274, 303.000000, 10.000000 
1025, 2637, 1898, 274, 304.000000, 10.000000 
1026, 2635, 1898, 274, 305.000000, 10.000000 
1027, 2633, 1897, 274, 306.000000, 10.000000 
1028, 2630, 1896, 274, 307.000000, 10.000000 
1029, 2625, 1895, 274, 308.000000, 10.000000 
1030, 2620, 1894, 274, 309.000000, 10.000000 
1031, 2614, 1892, 274, 310.000000, 10.000000 
1032, 2607, 1890, 274, 311.000000, 10.000000 
1033, 2600, 1888, 274, 312.000000, 10.000000 
1034, 2591, 1886, 274, 313.000000, 10.000000 
1035, 2582, 1883, 274, 314.000000, 10.000000 
1036, 2572, 1881, 274, 315.000000, 10.000000 
1037, 2562, 1878, 274, 316.000000, 10.000000 
1038, 2551, 1875, 274, 317.000000, 10.000000 
1039, 2539, 1872, 274, 318.000000, 10.000000 
1040, 2527, 1869, 274, 319.000000, 10.000000 
1041, 2514, 1866, 274, 320.000000, 10.000000 
1042, 2500, 1862, 274, 321.000000, 10.000000 
1043, 2487, 1859, 274, 322.000000, 10.000000 
1044, 2472, 1856, 274, 323.000000, 10.000000 
1045, 2457, 1853, 274, 324.000000, 10.000000 
1046, 2442, 1849, 274, 325.000000, 10.000000 
1047, 2427, 1846, 274, 326.000000, 10.000000 
1048, 2411, 1842, 274, 327.000000, 10.000000 
1049, 2395, 1839, 274, 328.000000, 10.000000 
1050, 2378, 1836, 274, 329.000000, 10.000000 
1051, 2361, 1833, 274, 330.000000, 10.000000 
1052, 2344, 1830, 274, 331.000000, 10.000000 
1053, 2327, 1827, 274, 332.000000, 10.000000 
1054, 2310, 1824, 274, 333.000000, 10.000000 
1055, 2293, 1821, 274, 334.000000, 10.000000 
1056, 2275, 1819, 274, 335.000000, 10.000000 
1057, 2258, 1817, 274, 336.000000, 10.000000 
1058, 2241, 1816, 274, 337.000000, 10.000000 
1059, 2224, 1814, 274, 338.000000, 10.000000 
1060, 2207, 1814, 274, 339.000000, 10.000000 
1061, 2190, 1813, 274, 340.000000, 10.000000 
1062, 2174, 1814, 274, 341.000000, 10.000000 
1063, 2158, 1815, 274, 342.000000, 10.000000 
1064, 2142, 1816, 274, 343.000000, 10.000000 
1065, 2127, 1818, 274, 344.000000, 10.000000 
1066, 2112, 1821, 274, 345.000000, 10.000000 
1067, 2098, 1825, 274, 346.000000, 10.000000 
1068, 2085, 1830, 274, 347.000000, 10.000000 
1069, 2072, 1835, 274, 348.000000, 10.000000 
1070, 2059, 1842, 274, 349.000000, 10.000000 
1071, 2048, 1849, 274, 350.000000, 10.000000 
1072, 2037, 1857, 274, 351.000000, 10.000000 
1073, 2027, 1867, 274, 352.000000, 10.000000 
1074, 2019, 1877, 274, 353.000000, 10.000000 
1075, 2011, 1889, 274, 354.000000, 10.000000 
1076, 2004, 1902, 274, 355.000000, 10.000000 
1077, 1998, 1916, 274, 356.000000, 10.000000 
1078, 1993, 1931, 274, 357.000000, 10.000000 
1079, 1989, 1948, 274, 358.000000, 10.000000 
1080, 1987, 1966, 274, 359.000000, 10.000000 
1081, 2209, 1436, 274, 0.000000, 15.000000 
1082, 2195, 1428, 274, 1.000000, 15.000000 
1083, 2182, 1420, 274, 2.000000, 15.000000 
1084, 2168, 1413, 274, 3.000000, 15.000000 
1085, 2155, 1405, 274, 4.000000, 15.000000 
1086, 2142, 1397, 274, 5.000000, 15.000000 
1087, 2129, 1389, 274, 6.000000, 15.000000 
1088, 2117, 1381, 274, 7.000000, 15.000000 
1089, 2104, 1373, 274, 8.000000, 15.000000 
1090, 2091, 1365, 274, 9.000000, 15.000000 
1091, 2079, 1357, 274, 10.000000, 15.000000 
1092, 2067, 1349, 274, 11.000000, 15.000000 
1093, 2054, 1341, 274, 12.000000, 15.000000 
1094, 2042, 1333, 274, 13.000000, 15.000000 
1095, 2030, 1325, 274, 14.000000, 15.000000 
1096, 2018, 1317, 274, 15.000000, 15.000000 
1097, 2006, 1309, 274, 16.000000, 15.000000 
1098, 1995, 1301, 274, 17.000000, 15.000000 
1099, 1983, 1293, 274, 18.000000, 15.000000 
1100, 1971, 1285, 274, 19.000000, 15.000000 
1101, 1960, 1278, 274, 20.000000, 15.000000 
1102, 1948, 1270, 274, 21.000000, 15.000000 
1103, 1937, 1263, 274, 22.000000, 15.000000 
1104, 1926, 1255, 274, 23.000000, 15.000000 
1105, 1914, 1248, 274, 24.000000, 15.000000 
1106, 1903, 1240, 274, 25.000000, 15.000000 
1107, 1892, 1233, 274, 26.000000, 15.000000 
1108, 1881, 1226, 274, 27.000000, 15.000000 
1109, 1870, 1219, 274, 28.000000, 15.000000 
1110, 1859, 1212, 274, 29.000000, 15.000000 
1111, 1848, 1205, 274, 30.000000, 15.000000 
1112, 1837, 1198, 274, 31.000000, 15.000000 
1113, 1826, 1192, 274, 32.000000, 15.000000 
1114, 1815, 1185, 274, 33.000000, 15.000000 
1115, 1804, 1179, 274, 34.000000, 15.000000 
1116, 1793, 1172, 274, 35.000000, 15.000000 
1117, 1782, 1166, 274, 36.000000, 15.000000 
1118, 1771, 1160, 274, 37.000000, 15.000000 
1119, 1760, 1154, 274, 38.000000, 15.000000 
1120, 1749, 1149, 274, 39.000000, 15.000000 
1121, 1738, 1143, 274, 40.000000, 15.000000 
1122, 1727, 1137, 274, 41.000000, 15.000000 
1123, 1716, 1132, 274, 42.000000, 15.000000 
1124, 1705, 1127, 274, 43.000000, 15.000000 
1125, 1694, 1122, 274, 44.000000, 15.000000 
1126, 1683, 1116, 274, 45.000000, 15.000000 
1127, 1672, 1112, 274, 46.000000, 15.000000 
1128, 1661, 1107, 274, 47.000000, 15.000000 
1129, 1650, 1102, 274, 48.000000, 15.000000 
1130, 1639, 1098, 274, 49.000000, 15.000000 
1131, 1628, 1093, 274, 50.000000, 15.000000 
1132, 1617, 1089, 274, 51.000000, 15.000000 
1133, 1606, 1085, 274, 52.000000, 15.000000 
1134, 1595, 1081, 274, 53.000000, 15.000000 
1135, 1584, 1077, 274, 54.000000, 15.000000 
1136, 1573, 1074, 274, 55.000000, 15.000000 
1137, 1562, 1070, 274, 56.000000, 15.000000 
1138, 1550, 1067, 274, 57.000000, 15.000000 
1139, 1539, 1064, 274, 58.000000, 15.000000 
1140, 1528, 1061, 274, 59.000000, 15.000000 
1141, 1517, 1058, 274, 60.000000, 15.000000 
1142, 1505, 1055, 274, 61.000000, 15.000000 
1143, 1494, 1053, 274, 62.000000, 15.000000 
1144, 1482, 1050, 274, 63.000000, 15.000000 
1145, 1471, 1048, 274, 64.000000, 15.000000 
1146, 1459, 1046, 274, 65.000000, 15.000000 
1147, 1448, 1043, 274, 66.000000, 15.000000 
1148, 1436, 1041, 274, 67.000000, 15.000000 
1149, 1425, 1040, 274, 68.000000, 15.000000 
1150, 1413, 1038, 274, 69.000000, 15.000000 
1151, 1401, 1036, 274, 70.000000, 15.000000 
1152, 1390, 1034, 274, 71.000000, 15.000000 
1153, 1378, 1032, 274, 72.000000, 15.000000 
1154, 1366, 1031, 274, 73.000000, 15.000000 
1155, 1355, 1029, 274, 74.000000, 15.000000 
1156, 1343, 1027, 274, 75.000000, 15.000000 
1157, 1331, 1026, 274, 76.000000, 15.000000 
1158, 1320, 1024, 274, 77.000000, 15.000000 
1159, 1308, 1022, 274, 78.000000, 15.000000 
1160, 1296, 1021, 274, 79.000000, 15.000000 
1161, 1285, 1019, 274, 80.000000, 15.000000 
1162, 1273, 1017, 274, 81.000000, 15.000000 
1163, 1262, 1015, 274, 82.000000, 15.000000 
1164, 1250, 1013, 274, 83.000000, 15.000000 
1165, 1239, 1011, 274, 84.000000, 15.000000 
1166, 1227, 1009, 274, 85.000000, 15.000000 
1167, 1216, 1007, 274, 86.000000, 15.000000 
1168, 1204, 1004, 274, 87.000000, 15.000000 
1169, 1193, 1002, 274, 88.000000, 15.000000 
1170, 1181, 999, 274, 89.000000, 15.000000 
1171, 1170, 996, 274, 90.000000, 15.000000 
1172, 1159, 994, 274, 91.000000, 15.000000 
1173, 1148, 990, 274, 92.000000, 15.000000 
1174, 1137, 987, 274, 93.000000, 15.000000 
1175, 1126, 984, 274, 94.000000, 15.000000 
1176, 1114, 981, 274, 95.000000, 15.000000 
1177, 1104, 977, 274, 96.000000, 15.000000 
1178, 1093, 973, 274, 97.000000, 15.000000 
1179, 1082, 970, 274, 98.000000, 15.000000 
1180, 1071, 966, 274, 99.000000, 15.000000 
1181, 1060, 962, 274, 100.000000, 15.000000 
1182, 1050, 959, 274, 101.000000, 15.000000 
1183, 1039, 955, 274, 102.000000, 15.000000 
1184, 1028, 951, 274, 103.000000, 15.000000 
1185, 1018, 947, 274, 104.000000, 15.000000 
1186, 1008, 943, 274, 105.000000, 15.000000 
1187, 997, 940, 274, 106.000000, 15.000000 
1188, 987, 936, 274, 107.000000, 15.000000 
1189, 977, 933, 274, 108.000000, 15.000000 
1190, 967, 929, 274, 109.000000, 15.000000 
1191, 957, 926, 274, 110.000000, 15.000000 
1192, 947, 922, 274, 111.000000, 15.000000 
1193, 937, 919, 274, 112.000000, 15.000000 
1194, 928, 916, 274, 113.000000, 15.000000 
1195, 918, 913, 274, 114.000000, 15.000000 
1196, 909, 911, 274, 115.000000, 15.000000 
1197, 899, 908, 274, 116.000000, 15.000000 
1198, 890, 906, 274, 117.000000, 15.000000 
1199, 881, 904, 274, 118.000000, 15.000000 
1200, 872, 902, 274, 119.000000, 15.000000 
1201, 863, 900, 274, 120.000000, 15.000000 
1202, 854, 899, 274, 121.000000, 15.000000 
1203, 845, 897, 274, 122.000000, 15.000000 
1204, 836, 897, 274, 123.000000, 15.000000 
1205, 828, 896, 274, 124.000000, 15.000000 
1206, 820, 896, 274, 125.000000, 15.000000 
1207, 812, 896, 274, 126.000000, 15.000000 
1208, 804, 897, 274, 127.000000, 15.000000 
1209, 796, 898, 274, 128.000000, 15.000000 
1210, 789, 899, 274, 129.000000, 15.000000 
1211, 781, 901, 274, 130.000000, 15.000000 
1212, 774, 904, 274, 131.000000, 15.000000 
1213, 768, 907, 274, 132.000000, 15.000000 
1214, 762, 911, 274, 133.000000, 15.000000 
1215, 756, 915, 274, 134.000000, 15.000000 
1216, 750, 920, 274, 135.000000, 15.000000 
1217, 745, 926, 274, 136.000000, 15.000000 
1218, 740, 932, 274, 137.000000, 15.000000 
1219, 735, 940, 274, 138.000000, 15.000000 
1220, 731, 948, 274, 139.000000, 15.000000 
1221, 728, 956, 274, 140.000000, 15.000000 
1222, 724, 966, 274, 141.000000, 15.000000 
1223, 722, 976, 274, 142.000000, 15.000000 
1224, 719, 987, 274, 143.000000, 15.000000 
1225, 717, 1000, 274, 144.000000, 15.000000 
1226, 716, 1013, 274, 145.000000, 15.000000 
1227, 715, 1027, 274, 146.000000, 15.000000 
1228, 715, 1042, 274, 147.000000, 15.000000 
1229, 716, 1058, 274, 148.000000, 15.000000 
1230, 716, 1075, 274, 149.000000, 15.000000 
1231, 718, 1094, 274, 150.000000, 15.000000 
1232, 720, 1113, 274, 151.000000, 15.000000 
1233, 723, 1134, 274, 152.000000, 15.000000 
1234, 726, 1155, 274, 153.000000, 15.000000 
1235, 730, 1177, 274, 154.000000, 15.000000 
1236, 734, 1200, 274, 155.000000, 15.000000 
1237, 739, 1224, 274, 156.000000, 15.000000 
1238, 744, 1249, 274, 157.000000, 15.000000 
1239, 749, 1274, 274, 158.000000, 15.000000 
1240, 755, 1299, 274, 159.000000, 15.000000 
1241, 761, 1325, 274, 160.000000, 15.000000 
1242, 767, 1351, 274, 161.000000, 15.000000 
1243, 774, 1377, 274, 162.000000, 15.000000 
1244, 781, 1404, 274, 163.000000, 15.000000 
1245, 788, 1431, 274, 164.000000, 15.000000 
1246, 795, 1457, 274, 165.000000, 15.000000 
1247, 802, 1484, 274, 166.000000, 15.000000 
1248, 809, 1510, 274, 167.000000, 15.000000 
1249, 817, 1536, 274, 168.000000, 15.000000 
1250, 824, 1562, 274, 169.000000, 15.000000 
1251, 831, 1587, 274, 170.000000, 15.000000 
1252, 838, 1612, 274, 171.000000, 15.000000 
1253, 846, 1636, 274, 172.000000, 15.000000 
1254, 853, 1659, 274, 173.000000, 15.000000 
1255, 859, 1682, 274, 174.000000, 15.000000 
1256, 866, 1704, 274, 175.000000, 15.000000 
1257, 872, 1725, 274, 176.000000, 15.000000 
1258, 878, 1745, 274, 177.000000, 15.000000 
1259, 884, 1764, 274, 178.000000, 15.000000 
1260, 889, 1782, 274, 179.000000, 15.000000 
1261, 895, 1799, 274, 180.000000, 15.000000 
1262, 899, 1814, 274, 181.000000, 15.000000 
1263, 903, 1828, 274, 182.000000, 15.000000 
1264, 907, 1841, 274, 183.000000, 15.000000 
1265, 911, 1853, 274, 184.000000, 15.000000 
1266, 914, 1864, 274, 185.000000, 15.000000 
1267, 918, 1874, 274, 186.000000, 15.000000 
1268, 921, 1883, 274, 187.000000, 15.000000 
1269, 923, 1891, 274, 188.000000, 15.000000 
1270, 926, 1898, 274, 189.000000, 15.000000 
1271, 929, 1904, 274, 190.000000, 15.000000 
1272, 931, 1910, 274, 191.000000, 15.000000 
1273, 934, 1916, 274, 192.000000, 15.000000 
1274, 937, 1921, 274, 193.000000, 15.000000 
1275, 939, 1925, 274, 194.000000, 15.000000 
1276, 942, 1929, 274, 195.000000, 15.000000 
1277, 945, 1933, 274, 196.000000, 15.000000 
1278, 948, 1936, 274, 197.000000, 15.000000 
1279, 952, 1940, 274, 198.000000, 15.000000 
1280, 956, 1943, 274, 199.000000, 15.000000 
1281, 960, 1946, 274, 200.000000, 15.000000 
1282, 964, 1949, 274, 201.000000, 15.000000 
1283, 969, 1953, 274, 202.000000, 15.000000 
1284, 974, 1956, 274, 203.000000, 15.000000 
1285, 979, 1960, 274, 204.000000, 15.000000 
1286, 985, 1964, 274, 205.000000, 15.000000 
1287, 992, 1969, 274, 206.000000, 15.000000 
1288, 999, 1973, 274, 207.000000, 15.000000 
1289, 1007, 1979, 274, 208.000000, 15.000000 
1290, 1015, 1985, 274, 209.000000, 15.000000 
1291, 1024, 1991, 274, 210.000000, 15.000000 
1292, 1034, 1999, 274, 211.000000, 15.000000 
1293, 1045, 2007, 274, 212.000000, 15.000000 
1294, 1056, 2015, 274, 213.000000, 15.000000 
1295, 1068, 2024, 274, 214.000000, 15.000000 
1296, 1080, 2034, 274, 215.000000, 15.000000 
1297, 1093, 2044, 274, 216.000000, 15.000000 
1298, 1106, 2055, 274, 217.000000, 15.000000 
1299, 1120, 2066, 274, 218.000000, 15.000000 
1300, 1135, 2077, 274, 219.000000, 15.000000 
1301, 1149, 2089, 274, 220.000000, 15.000000 
1302, 1165, 2101, 274, 221.000000, 15.000000 
1303, 1180, 2114, 274, 222.000000, 15.000000 
1304, 1196, 2126, 274, 223.000000, 15.000000 
1305, 1213, 2139, 274, 224.000000, 15.000000 
1306, 1229, 2152, 274, 225.000000, 15.000000 
1307, 1246, 2165, 274, 226.000000, 15.000000 
1308, 1263, 2178, 274, 227.000000, 15.000000 
1309, 1281, 2191, 274, 228.000000, 15.000000 
1310, 1298, 2204, 274, 229.000000, 15.000000 
1311, 1316, 2217, 274, 230.000000, 15.000000 
1312, 1333, 2230, 274, 231.000000, 15.000000 
1313, 1351, 2242, 274, 232.000000, 15.000000 
1314, 1369, 2255, 274, 233.000000, 15.000000 
1315, 1387, 2267, 274, 234.000000, 15.000000 
1316, 1405, 2279, 274, 235.000000, 15.000000 
1317, 1422, 2291, 274, 236.000000, 15.000000 
1318, 1440, 2302, 274, 237.000000, 15.000000 
1319, 1458, 2313, 274, 238.000000, 15.000000 
1320, 1475, 2323, 274, 239.000000, 15.000000 
1321, 1492, 2333, 274, 240.000000, 15.000000 
1322, 1509, 2343, 274, 241.000000, 15.000000 
1323, 1526, 2352, 274, 242.000000, 15.000000 
1324, 1543, 2360, 274, 243.000000, 15.000000 
1325, 1559, 2368, 274, 244.000000, 15.000000 
1326, 1576, 2375, 274, 245.000000, 15.000000 
1327, 1592, 2382, 274, 246.000000, 15.000000 
1328, 1608, 2388, 274, 247.000000, 15.000000 
1329, 1624, 2394, 274, 248.000000, 15.000000 
1330, 1640, 2399, 274, 249.000000, 15.000000 
1331, 1655, 2404, 274, 250.000000, 15.000000 
1332, 1671, 2408, 274, 251.000000, 15.000000 
1333, 1686, 2412, 274, 252.000000, 15.000000 
1334, 1702, 2415, 274, 253.000000, 15.000000 
1335, 1717, 2418, 274, 254.000000, 15.000000 
1336, 1732, 2420, 274, 255.000000, 15.000000 
1337, 1747, 2421, 274, 256.000000, 15.000000 
1338, 1762, 2422, 274, 257.000000, 15.000000 
1339, 1777, 2423, 274, 258.000000, 15.000000 
1340, 1792, 2423, 274, 259.000000, 15.000000 
1341, 1807, 2422, 274, 260.000000, 15.000000 
1342, 1822, 2421, 274, 261.000000, 15.000000 
1343, 1836, 2419, 274, 262.000000, 15.000000 
1344, 1851, 2417, 274, 263.000000, 15.000000 
1345, 1866, 2414, 274, 264.000000, 15.000000 
1346, 1881, 2410, 274, 265.000000, 15.000000 
1347, 1896, 2407, 274, 266.000000, 15.000000 
1348, 1910, 2402, 274, 267.000000, 15.000000 
1349, 1925, 2397, 274, 268.000000, 15.000000 
1350, 1940, 2392, 274, 269.000000, 15.000000 
1351, 1955, 2385, 274, 270.000000, 15.000000 
1352, 1970, 2379, 274, 271.000000, 15.000000 
1353, 1985, 2372, 274, 272.000000, 15.000000 
1354, 2000, 2364, 274, 273.000000, 15.000000 
1355, 2015, 2356, 274, 274.000000, 15.000000 
1356, 2029, 2347, 274, 275.000000, 15.000000 
1357, 2044, 2338, 274, 276.000000, 15.000000 
1358, 2059, 2328, 274, 277.000000, 15.000000 
1359, 2074, 2318, 274, 278.000000, 15.000000 
1360, 2088, 2308, 274, 279.000000, 15.000000 
1361, 2103, 2297, 274, 280.000000, 15.000000 
1362, 2117, 2286, 274, 281.000000, 15.000000 
1363, 2131, 2274, 274, 282.000000, 15.000000 
1364, 2145, 2262, 274, 283.000000, 15.000000 
1365, 2159, 2250, 274, 284.000000, 15.000000 
1366, 2172, 2237, 274, 285.000000, 15.000000 
1367, 2186, 2225, 274, 286.000000, 15.000000 
1368, 2198, 2211, 274, 287.000000, 15.000000 
1369, 2211, 2198, 274, 288.000000, 15.000000 
1370, 2223, 2184, 274, 289.000000, 15.000000 
1371, 2235, 2171, 274, 290.000000, 15.000000 
1372, 2247, 2156, 274, 291.000000, 15.000000 
1373, 2258, 2142, 274, 292.000000, 15.000000 
1374, 2269, 2128, 274, 293.000000, 15.000000 
1375, 2280, 2113, 274, 294.000000, 15.000000 
1376, 2290, 2099, 274, 295.000000, 15.000000 
1377, 2299, 2084, 274, 296.000000, 15.000000 
1378, 2309, 2069, 274, 297.000000, 15.000000 
1379, 2317, 2054, 274, 298.000000, 15.000000 
1380, 2325, 2039, 274, 299.000000, 15.000000 
1381, 2333, 2024, 274, 300.000000, 15.000000 
1382, 2340, 2009, 274, 301.000000, 15.000000 
1383, 2346, 1993, 274, 302.000000, 15.000000 
1384, 2352, 1978, 274, 303.000000, 15.000000 
1385, 2358, 1963, 274, 304.000000, 15.000000 
1386, 2363, 1948, 274, 305.000000, 15.000000 
1387, 2367, 1933, 274, 306.000000, 15.000000 
1388, 2371, 1919, 274, 307.000000, 15.000000 
1389, 2375, 1904, 274, 308.000000, 15.000000 
1390, 2378, 1890, 274, 309.000000, 15.000000 
1391, 2380, 1876, 274, 310.000000, 15.000000 
1392, 2382, 1862, 274, 311.000000, 15.000000 
1393, 2384, 1849, 274, 312.000000, 15.000000 
1394, 2385, 1836, 274, 313.000000, 15.000000 
1395, 2386, 1823, 274, 314.000000, 15.000000 
1396, 2386, 1811, 274, 315.000000, 15.000000 
1397, 2387, 1799, 274, 316.000000, 15.000000 
1398, 2386, 1787, 274, 317.000000, 15.000000 
1399, 2385, 1777, 274, 318.000000, 15.000000 
1400, 2384, 1766, 274, 319.000000, 15.000000 
1401, 2383, 1756, 274, 320.000000, 15.000000 
1402, 2381, 1747, 274, 321.000000, 15.000000 
1403, 2379, 1739, 274, 322.000000, 15.000000 
1404, 2377, 1731, 274, 323.000000, 15.000000 
1405, 2374, 1724, 274, 324.000000, 15.000000 
1406, 2371, 1717, 274, 325.000000, 15.000000 
1407, 2367, 1711, 274, 326.000000, 15.000000 
1408, 2364, 1707, 274, 327.000000, 15.000000 
1409, 2360, 1702, 274, 328.000000, 15.000000 
1410, 2356, 1699, 274, 329.000000, 15.000000 
1411, 2351, 1697, 274, 330.000000, 15.000000 
1412, 2347, 1695, 274, 331.000000, 15.000000 
1413, 2342, 1695, 274, 332.000000, 15.000000 
1414, 2337, 1695, 274, 333.000000, 15.000000 
1415, 2332, 1697, 274, 334.000000, 15.000000 
1416, 2326, 1699, 274, 335.000000, 15.000000 
1417, 2321, 1703, 274, 336.000000, 15.000000 
1418, 2315, 1708, 274, 337.000000, 15.000000 
1419, 2310, 1713, 274, 338.000000, 15.000000 
1420, 2304, 1721, 274, 339.000000, 15.000000 
1421, 2298, 1729, 274, 340.000000, 15.000000 
1422, 2292, 1738, 274, 341.000000, 15.000000 
1423, 2287, 1749, 274, 342.000000, 15.000000 
1424, 2281, 1762, 274, 343.000000, 15.000000 
1425, 2275, 1775, 274, 344.000000, 15.000000 
1426, 2270, 1790, 274, 345.000000, 15.000000 
1427, 2264, 1807, 274, 346.000000, 15.000000 
1428, 2259, 1825, 274, 347.000000, 15.000000 
1429, 2253, 1844, 274, 348.000000, 15.000000 
1430, 2248, 1865, 274, 349.000000, 15.000000 
1431, 2243, 1888, 274, 350.000000, 15.000000 
1432, 2239, 1912, 274, 351.000000, 15.000000 
1433, 2234, 1938, 274, 352.000000, 15.000000 
1434, 2230, 1965, 274, 353.000000, 15.000000 
1435, 2226, 1995, 274, 354.000000, 15.000000 
1436, 2222, 2026, 274, 355.000000, 15.000000 
1437, 2219, 2059, 274, 356.000000, 15.000000 
1438, 2216, 2093, 274, 357.000000, 15.000000 
1439, 2213, 2130, 274, 358.000000, 15.000000 
1440, 2211, 2168, 274, 359.000000, 15.000000 
1441, 1943, 1236, 274, 0.000000, 20.000000 
1442, 1942, 1238, 274, 1.000000, 20.000000 
1443, 1941, 1239, 274, 2.000000, 20.000000 
1444, 1939, 1240, 274, 3.000000, 20.000000 
1445, 1936, 1240, 274, 4.000000, 20.000000 
1446, 1933, 1240, 274, 5.000000, 20.000000 
1447, 1928, 1239, 274, 6.000000, 20.000000 
1448, 1923, 1238, 274, 7.000000, 20.000000 
1449, 1917, 1237, 274, 8.000000, 20.000000 
1450, 1911, 1235, 274, 9.000000, 20.000000 
1451, 1904, 1233, 274, 10.000000, 20.000000 
1452, 1896, 1231, 274, 11.000000, 20.000000 
1453, 1888, 1228, 274, 12.000000, 20.000000 
1454, 1879, 1225, 274, 13.000000, 20.000000 
1455, 1869, 1222, 274, 14.000000, 20.000000 
1456, 1860, 1218, 274, 15.000000, 20.000000 
1457, 1849, 1214, 274, 16.000000, 20.000000 
1458, 1838, 1210, 274, 17.000000, 20.000000 
1459, 1827, 1206, 274, 18.000000, 20.000000 
1460, 1816, 1202, 274, 19.000000, 20.000000 
1461, 1804, 1197, 274, 20.000000, 20.000000 
1462, 1791, 1192, 274, 21.000000, 20.000000 
1463, 1779, 1188, 274, 22.000000, 20.000000 
1464, 1766, 1183, 274, 23.000000, 20.000000 
1465, 1753, 1178, 274, 24.000000, 20.000000 
1466, 1740, 1172, 274, 25.000000, 20.000000 
1467, 1726, 1167, 274, 26.000000, 20.000000 
1468, 1713, 1162, 274, 27.000000, 20.000000 
1469, 1699, 1157, 274, 28.000000, 20.000000 
1470, 1685, 1152, 274, 29.000000, 20.000000 
1471, 1671, 1146, 274, 30.000000, 20.000000 
1472, 1657, 1141, 274, 31.000000, 20.000000 
1473, 1643, 1136, 274, 32.000000, 20.000000 
1474, 1629, 1131, 274, 33.000000, 20.000000 
1475, 1615, 1126, 274, 34.000000, 20.000000 
1476, 1601, 1121, 274, 35.000000, 20.000000 
1477, 1587, 1116, 274, 36.000000, 20.000000 
1478, 1573, 1111, 274, 37.000000, 20.000000 
1479, 1559, 1106, 274, 38.000000, 20.000000 
1480, 1545, 1101, 274, 39.000000, 20.000000 
1481, 1531, 1097, 274, 40.000000, 20.000000 
1482, 1517, 1092, 274, 41.000000, 20.000000 
1483, 1504, 1088, 274, 42.000000, 20.000000 
1484, 1490, 1084, 274, 43.000000, 20.000000 
1485, 1477, 1080, 274, 44.000000, 20.000000 
1486, 1464, 1076, 274, 45.000000, 20.000000 
1487, 1451, 1072, 274, 46.000000, 20.000000 
1488, 1438, 1068, 274, 47.000000, 20.000000 
1489, 1425, 1064, 274, 48.000000, 20.000000 
1490, 1413, 1061, 274, 49.000000, 20.000000 
1491, 1401, 1058, 274, 50.000000, 20.000000 
1492, 1389, 1055, 274, 51.000000, 20.000000 
1493, 1377, 1052, 274, 52.000000, 20.000000 
1494, 1366, 1049, 274, 53.000000, 20.000000 
1495, 1354, 1047, 274, 54.000000, 20.000000 
1496, 1344, 1045, 274, 55.000000, 20.000000 
1497, 1333, 1043, 274, 56.000000, 20.000000 
1498, 1323, 1041, 274, 57.000000, 20.000000 
1499, 1313, 1039, 274, 58.000000, 20.000000 
1500, 1303, 1038, 274, 59.000000, 20.000000 
1501, 1294, 1037, 274, 60.000000, 20.000000 
1502, 1285, 1036, 274, 61.000000, 20.000000 
1503, 1277, 1036, 274, 62.000000, 20.000000 
1504, 1269, 1035, 274, 63.000000, 20.000000 
1505, 1261, 1035, 274, 64.000000, 20.000000 
1506, 1254, 1035, 274, 65.000000, 20.000000 
1507, 1246, 1035, 274, 66.000000, 20.000000 
1508, 1239, 1036, 274, 67.000000, 20.000000 
1509, 1233, 1036, 274, 68.000000, 20.000000 
1510, 1226, 1037, 274, 69.000000, 20.000000 
1511, 1220, 1038, 274, 70.000000, 20.000000 
1512, 1214, 1039, 274, 71.000000, 20.000000 
1513, 1208, 1040, 274, 72.000000, 20.000000 
1514, 1202, 1041, 274, 73.000000, 20.000000 
1515, 1196, 1042, 274, 74.000000, 20.000000 
1516, 1190, 1043, 274, 75.000000, 20.000000 
1517, 1185, 1045, 274, 76.000000, 20.000000 
1518, 1179, 1046, 274, 77.000000, 20.000000 
1519, 1174, 1047, 274, 78.000000, 20.000000 
1520, 1168, 1049, 274, 79.000000, 20.000000 
1521, 1163, 1050, 274, 80.000000, 20.000000 
1522, 1157, 1052, 274, 81.000000, 20.000000 
1523, 1151, 1053, 274, 82.000000, 20.000000 
1524, 1146, 1054, 274, 83.000000, 20.000000 
1525, 1140, 1055, 274, 84.000000, 20.000000 
1526, 1134, 1056, 274, 85.000000, 20.000000 
1527, 1128, 1057, 274, 86.000000, 20.000000 
1528, 1121, 1058, 274, 87.000000, 20.000000 
1529, 1115, 1059, 274, 88.000000, 20.000000 
1530, 1108, 1060, 274, 89.000000, 20.000000 
1531, 1101, 1060, 274, 90.000000, 20.000000 
1532, 1094, 1061, 274, 91.000000, 20.000000 
1533, 1086, 1061, 274, 92.000000, 20.000000 
1534, 1079, 1061, 274, 93.000000, 20.000000 
1535, 1071, 1061, 274, 94.000000, 20.000000 
1536, 1063, 1061, 274, 95.000000, 20.000000 
1537, 1055, 1061, 274, 96.000000, 20.000000 
1538, 1047, 1061, 274, 97.000000, 20.000000 
1539, 1038, 1061, 274, 98.000000, 20.000000 
1540, 1030, 1061, 274, 99.000000, 20.000000 
1541, 1022, 1061, 274, 100.000000, 20.000000 
1542, 1013, 1062, 274, 101.000000, 20.000000 
1543, 1005, 1062, 274, 102.000000, 20.000000 
1544, 996, 1063, 274, 103.000000, 20.000000 
1545, 988, 1064, 274, 104.000000, 20.000000 
1546, 979, 1065, 274, 105.000000, 20.000000 
1547, 971, 1067, 274, 106.000000, 20.000000 
1548, 963, 1068, 274, 107.000000, 20.000000 
1549, 955, 1071, 274, 108.000000, 20.000000 
1550, 947, 1073, 274, 109.000000, 20.000000 
1551, 939, 1076, 274, 110.000000, 20.000000 
1552, 932, 1080, 274, 111.000000, 20.000000 
1553, 925, 1084, 274, 112.000000, 20.000000 
1554, 918, 1088, 274, 113.000000, 20.000000 
1555, 911, 1093, 274, 114.000000, 20.000000 
1556, 904, 1098, 274, 115.000000, 20.000000 
1557, 898, 1104, 274, 116.000000, 20.000000 
1558, 892, 1111, 274, 117.000000, 20.000000 
1559, 887, 1119, 274, 118.000000, 20.000000 
1560, 882, 1127, 274, 119.000000, 20.000000 
1561, 877, 1135, 274, 120.000000, 20.000000 
1562, 873, 1145, 274, 121.000000, 20.000000 
1563, 869, 1155, 274, 122.000000, 20.000000 
1564, 866, 1166, 274, 123.000000, 20.000000 
1565, 863, 1177, 274, 124.000000, 20.000000 
1566, 860, 1189, 274, 125.000000, 20.000000 
1567, 858, 1202, 274, 126.000000, 20.000000 
1568, 856, 1215, 274, 127.000000, 20.000000 
1569, 854, 1229, 274, 128.000000, 20.000000 
1570, 853, 1243, 274, 129.000000, 20.000000 
1571, 852, 1258, 274, 130.000000, 20.000000 
1572, 851, 1273, 274, 131.000000, 20.000000 
1573, 851, 1288, 274, 132.000000, 20.000000 
1574, 851, 1303, 274, 133.000000, 20.000000 
1575, 851, 1319, 274, 134.000000, 20.000000 
1576, 852, 1335, 274, 135.000000, 20.000000 
1577, 852, 1351, 274, 136.000000, 20.000000 
1578, 853, 1368, 274, 137.000000, 20.000000 
1579, 855, 1384, 274, 138.000000, 20.000000 
1580, 856, 1401, 274, 139.000000, 20.000000 
1581, 857, 1418, 274, 140.000000, 20.000000 
1582, 859, 1434, 274, 141.000000, 20.000000 
1583, 861, 1451, 274, 142.000000, 20.000000 
1584, 863, 1467, 274, 143.000000, 20.000000 
1585, 865, 1484, 274, 144.000000, 20.000000 
1586, 868, 1500, 274, 145.000000, 20.000000 
1587, 870, 1516, 274, 146.000000, 20.000000 
1588, 873, 1532, 274, 147.000000, 20.000000 
1589, 875, 1548, 274, 148.000000, 20.000000 
1590, 878, 1563, 274, 149.000000, 20.000000 
1591, 881, 1578, 274, 150.000000, 20.000000 
1592, 884, 1593, 274, 151.000000, 20.000000 
1593, 887, 1607, 274, 152.000000, 20.000000 
1594, 890, 1621, 274, 153.000000, 20.000000 
1595, 893, 1635, 274, 154.000000, 20.000000 
1596, 896, 1649, 274, 155.000000, 20.000000 
1597, 900, 1662, 274, 156.000000, 20.000000 
1598, 903, 1675, 274, 157.000000, 20.000000 
1599, 907, 1688, 274, 158.000000, 20.000000 
1600, 911, 1701, 274, 159.000000, 20.000000 
1601, 915, 1714, 274, 160.000000, 20.000000 
1602, 920, 1727, 274, 161.000000, 20.000000 
1603, 925, 1739, 274, 162.000000, 20.000000 
1604, 930, 1752, 274, 163.000000, 20.000000 
1605, 935, 1764, 274, 164.000000, 20.000000 
1606, 940, 1777, 274, 165.000000, 20.000000 
1607, 946, 1790, 274, 166.000000, 20.000000 
1608, 952, 1803, 274, 167.000000, 20.000000 
1609, 959, 1816, 274, 168.000000, 20.000000 
1610, 966, 1829, 274, 169.000000, 20.000000 
1611, 973, 1842, 274, 170.000000, 20.000000 
1612, 981, 1856, 274, 171.000000, 20.000000 
1613, 989, 1869, 274, 172.000000, 20.000000 
1614, 998, 1884, 274, 173.000000, 20.000000 
1615, 1007, 1898, 274, 174.000000, 20.000000 
1616, 1016, 1913, 274, 175.000000, 20.000000 
1617, 1026, 1928, 274, 176.000000, 20.000000 
1618, 1036, 1943, 274, 177.000000, 20.000000 
1619, 1047, 1959, 274, 178.000000, 20.000000 
1620, 1059, 1975, 274, 179.000000, 20.000000 
1621, 1071, 1992, 274, 180.000000, 20.000000 
1622, 1084, 2009, 274, 181.000000, 20.000000 
1623, 1097, 2027, 274, 182.000000, 20.000000 
1624, 1111, 2045, 274, 183.000000, 20.000000 
1625, 1125, 2063, 274, 184.000000, 20.000000 
1626, 1140, 2082, 274, 185.000000, 20.000000 
1627, 1155, 2101, 274, 186.000000, 20.000000 
1628, 1170, 2120, 274, 187.000000, 20.000000 
1629, 1186, 2139, 274, 188.000000, 20.000000 
1630, 1202, 2158, 274, 189.000000, 20.000000 
1631, 1218, 2178, 274, 190.000000, 20.000000 
1632, 1235, 2197, 274, 191.000000, 20.000000 
1633, 1252, 2216, 274, 192.000000, 20.000000 
1634, 1269, 2234, 274, 193.000000, 20.000000 
1635, 1286, 2253, 274, 194.000000, 20.000000 
1636, 1303, 2271, 274, 195.000000, 20.000000 
1637, 1320, 2289, 274, 196.000000, 20.000000 
1638, 1337, 2306, 274, 197.000000, 20.000000 
1639, 1355, 2323, 274, 198.000000, 20.000000 
1640, 1372, 2340, 274, 199.000000, 20.000000 
1641, 1389, 2355, 274, 200.000000, 20.000000 
1642, 1406, 2371, 274, 201.000000, 20.000000 
1643, 1423, 2385, 274, 202.000000, 20.000000 
1644, 1440, 2399, 274, 203.000000, 20.000000 
1645, 1456, 2411, 274, 204.000000, 20.000000 
1646, 1473, 2423, 274, 205.000000, 20.000000 
1647, 1489, 2434, 274, 206.000000, 20.000000 
1648, 1504, 2444, 274, 207.000000, 20.000000 
1649, 1520, 2453, 274, 208.000000, 20.000000 
1650, 1535, 2461, 274, 209.000000, 20.000000 
1651, 1549, 2467, 274, 210.000000, 20.000000 
1652, 1564, 2473, 274, 211.000000, 20.000000 
1653, 1577, 2477, 274, 212.000000, 20.000000 
1654, 1591, 2480, 274, 213.000000, 20.000000 
1655, 1604, 2482, 274, 214.000000, 20.000000 
1656, 1616, 2483, 274, 215.000000, 20.000000 
1657, 1629, 2483, 274, 216.000000, 20.000000 
1658, 1640, 2482, 274, 217.000000, 20.000000 
1659, 1652, 2480, 274, 218.000000, 20.000000 
1660, 1663, 2478, 274, 219.000000, 20.000000 
1661, 1674, 2475, 274, 220.000000, 20.000000 
1662, 1685, 2471, 274, 221.000000, 20.000000 
1663, 1695, 2467, 274, 222.000000, 20.000000 
1664, 1706, 2462, 274, 223.000000, 20.000000 
1665, 1716, 2456, 274, 224.000000, 20.000000 
1666, 1725, 2451, 274, 225.000000, 20.000000 
1667, 1735, 2445, 274, 226.000000, 20.000000 
1668, 1744, 2438, 274, 227.000000, 20.000000 
1669, 1754, 2432, 274, 228.000000, 20.000000 
1670, 1763, 2425, 274, 229.000000, 20.000000 
1671, 1772, 2419, 274, 230.000000, 20.000000 
1672, 1781, 2412, 274, 231.000000, 20.000000 
1673, 1790, 2405, 274, 232.000000, 20.000000 
1674, 1798, 2399, 274, 233.000000, 20.000000 
1675, 1807, 2392, 274, 234.000000, 20.000000 
1676, 1816, 2386, 274, 235.000000, 20.000000 
1677, 1824, 2380, 274, 236.000000, 20.000000 
1678, 1833, 2375, 274, 237.000000, 20.000000 
1679, 1842, 2369, 274, 238.000000, 20.000000 
1680, 1850, 2365, 274, 239.000000, 20.000000 
1681, 1859, 2360, 274, 240.000000, 20.000000 
1682, 1868, 2357, 274, 241.000000, 20.000000 
1683, 1877, 2354, 274, 242.000000, 20.000000 
1684, 1886, 2351, 274, 243.000000, 20.000000 
1685, 1895, 2349, 274, 244.000000, 20.000000 
1686, 1904, 2347, 274, 245.000000, 20.000000 
1687, 1913, 2346, 274, 246.000000, 20.000000 
1688, 1922, 2345, 274, 247.000000, 20.000000 
1689, 1931, 2345, 274, 248.000000, 20.000000 
1690, 1940, 2345, 274, 249.000000, 20.000000 
1691, 1950, 2345, 274, 250.000000, 20.000000 
1692, 1959, 2345, 274, 251.000000, 20.000000 
1693, 1968, 2345, 274, 252.000000, 20.000000 
1694, 1978, 2346, 274, 253.000000, 20.000000 
1695, 1987, 2347, 274, 254.000000, 20.000000 
1696, 1996, 2347, 274, 255.000000, 20.000000 
1697, 2006, 2348, 274, 256.000000, 20.000000 
1698, 2015, 2349, 274, 257.000000, 20.000000 
1699, 2025, 2350, 274, 258.000000, 20.000000 
1700, 2034, 2351, 274, 259.000000, 20.000000 
1701, 2044, 2351, 274, 260.000000, 20.000000 
1702, 2053, 2352, 274, 261.000000, 20.000000 
1703, 2063, 2352, 274, 262.000000, 20.000000 
1704, 2073, 2352, 274, 263.000000, 20.000000 
1705, 2082, 2352, 274, 264.000000, 20.000000 
1706, 2092, 2352, 274, 265.000000, 20.000000 
1707, 2101, 2351, 274, 266.000000, 20.000000 
1708, 2111, 2350, 274, 267.000000, 20.000000 
1709, 2120, 2348, 274, 268.000000, 20.000000 
1710, 2130, 2347, 274, 269.000000, 20.000000 
1711, 2139, 2344, 274, 270.000000, 20.000000 
1712, 2149, 2341, 274, 271.000000, 20.000000 
1713, 2158, 2338, 274, 272.000000, 20.000000 
1714, 2168, 2334, 274, 273.000000, 20.000000 
1715, 2177, 2330, 274, 274.000000, 20.000000 
1716, 2186, 2325, 274, 275.000000, 20.000000 
1717, 2196, 2319, 274, 276.000000, 20.000000 
1718, 2205, 2314, 274, 277.000000, 20.000000 
1719, 2214, 2307, 274, 278.000000, 20.000000 
1720, 2222, 2300, 274, 279.000000, 20.000000 
1721, 2231, 2293, 274, 280.000000, 20.000000 
1722, 2239, 2285, 274, 281.000000, 20.000000 
1723, 2247, 2276, 274, 282.000000, 20.000000 
1724, 2255, 2267, 274, 283.000000, 20.000000 
1725, 2263, 2258, 274, 284.000000, 20.000000 
1726, 2270, 2247, 274, 285.000000, 20.000000 
1727, 2277, 2237, 274, 286.000000, 20.000000 
1728, 2284, 2225, 274, 287.000000, 20.000000 
1729, 2290, 2214, 274, 288.000000, 20.000000 
1730, 2296, 2201, 274, 289.000000, 20.000000 
1731, 2302, 2188, 274, 290.000000, 20.000000 
1732, 2307, 2175, 274, 291.000000, 20.000000 
1733, 2312, 2161, 274, 292.000000, 20.000000 
1734, 2316, 2146, 274, 293.000000, 20.000000 
1735, 2320, 2131, 274, 294.000000, 20.000000 
1736, 2324, 2116, 274, 295.000000, 20.000000 
1737, 2327, 2099, 274, 296.000000, 20.000000 
1738, 2329, 2082, 274, 297.000000, 20.000000 
1739, 2331, 2065, 274, 298.000000, 20.000000 
1740, 2333, 2047, 274, 299.000000, 20.000000 
1741, 2334, 2028, 274, 300.000000, 20.000000 
1742, 2334, 2009, 274, 301.000000, 20.000000 
1743, 2334, 1989, 274, 302.000000, 20.000000 
1744, 2333, 1969, 274, 303.000000, 20.000000 
1745, 2331, 1949, 274, 304.000000, 20.000000 
1746, 2330, 1928, 274, 305.000000, 20.000000 
1747, 2327, 1906, 274, 306.000000, 20.000000 
1748, 2324, 1885, 274, 307.000000, 20.000000 
1749, 2321, 1863, 274, 308.000000, 20.000000 
1750, 2317, 1841, 274, 309.000000, 20.000000 
1751, 2313, 1819, 274, 310.000000, 20.000000 
1752, 2308, 1797, 274, 311.000000, 20.000000 
1753, 2303, 1775, 274, 312.000000, 20.000000 
1754, 2298, 1754, 274, 313.000000, 20.000000 
1755, 2292, 1732, 274, 314.000000, 20.000000 
1756, 2286, 1711, 274, 315.000000, 20.000000 
1757, 2280, 1689, 274, 316.000000, 20.000000 
1758, 2273, 1669, 274, 317.000000, 20.000000 
1759, 2266, 1648, 274, 318.000000, 20.000000 
1760, 2258, 1628, 274, 319.000000, 20.000000 
1761, 2251, 1609, 274, 320.000000, 20.000000 
1762, 2243, 1590, 274, 321.000000, 20.000000 
1763, 2234, 1571, 274, 322.000000, 20.000000 
1764, 2226, 1554, 274, 323.000000, 20.000000 
1765, 2217, 1537, 274, 324.000000, 20.000000 
1766, 2209, 1520, 274, 325.000000, 20.000000 
1767, 2200, 1505, 274, 326.000000, 20.000000 
1768, 2190, 1491, 274, 327.000000, 20.000000 
1769, 2181, 1477, 274, 328.000000, 20.000000 
1770, 2172, 1465, 274, 329.000000, 20.000000 
1771, 2162, 1453, 274, 330.000000, 20.000000 
1772, 2152, 1443, 274, 331.000000, 20.000000 
1773, 2143, 1434, 274, 332.000000, 20.000000 
1774, 2133, 1426, 274, 333.000000, 20.000000 
1775, 2123, 1420, 274, 334.000000, 20.000000 
1776, 2113, 1415, 274, 335.000000, 20.000000 
1777, 2103, 1411, 274, 336.000000, 20.000000 
1778, 2093, 1409, 274, 337.000000, 20.000000 
1779, 2084, 1409, 274, 338.000000, 20.000000 
1780, 2074, 1410, 274, 339.000000, 20.000000 
1781, 2065, 1413, 274, 340.000000, 20.000000 
1782, 2055, 1417, 274, 341.000000, 20.000000 
1783, 2046, 1424, 274, 342.000000, 20.000000 
1784, 2037, 1433, 274, 343.000000, 20.000000 
1785, 2029, 1443, 274, 344.000000, 20.000000 
1786, 2020, 1456, 274, 345.000000, 20.000000 
1787, 2012, 1471, 274, 346.000000, 20.000000 
1788, 2004, 1488, 274, 347.000000, 20.000000 
1789, 1997, 1507, 274, 348.000000, 20.000000 
1790, 1990, 1529, 274, 349.000000, 20.000000 
1791, 1983, 1553, 274, 350.000000, 20.000000 
1792, 1977, 1580, 274, 351.000000, 20.000000 
1793, 1971, 1609, 274, 352.000000, 20.000000 
1794, 1966, 1641, 274, 353.000000, 20.000000 
1795, 1961, 1675, 274, 354.000000, 20.000000 
1796, 1956, 1712, 274, 355.000000, 20.000000 
1797, 1952, 1753, 274, 356.000000, 20.000000 
1798, 1949, 1796, 274, 357.000000, 20.000000 
1799, 1946, 1842, 274, 358.000000, 20.000000 
1800, 1944, 1891, 274, 359.000000, 20.000000 
1801, 1786, 1000, 274, 0.000000, 25.000000 
1802, 1787, 994, 274, 1.000000, 25.000000 
1803, 1787, 988, 274, 2.000000, 25.000000 
1804, 1785, 983, 274, 3.000000, 25.000000 
1805, 1782, 977, 274, 4.000000, 25.000000 
1806, 1778, 972, 274, 5.000000, 25.000000 
1807, 1773, 967, 274, 6.000000, 25.000000 
1808, 1767, 962, 274, 7.000000, 25.000000 
1809, 1760, 957, 274, 8.000000, 25.000000 
1810, 1751, 952, 274, 9.000000, 25.000000 
1811, 1742, 948, 274, 10.000000, 25.000000 
1812, 1732, 944, 274, 11.000000, 25.000000 
1813, 1721, 939, 274, 12.000000, 25.000000 
1814, 1709, 935, 274, 13.000000, 25.000000 
1815, 1696, 932, 274, 14.000000, 25.000000 
1816, 1683, 928, 274, 15.000000, 25.000000 
1817, 1668, 924, 274, 16.000000, 25.000000 
1818, 1653, 921, 274, 17.000000, 25.000000 
1819, 1638, 918, 274, 18.000000, 25.000000 
1820, 1622, 915, 274, 19.000000, 25.000000 
1821, 1605, 912, 274, 20.000000, 25.000000 
1822, 1588, 909, 274, 21.000000, 25.000000 
1823, 1570, 906, 274, 22.000000, 25.000000 
1824, 1552, 904, 274, 23.000000, 25.000000 
1825, 1534, 901, 274, 24.000000, 25.000000 
1826, 1515, 899, 274, 25.000000, 25.000000 
1827, 1496, 897, 274, 26.000000, 25.000000 
1828, 1476, 895, 274, 27.000000, 25.000000 
1829, 1457, 893, 274, 28.000000, 25.000000 
1830, 1437, 892, 274, 29.000000, 25.000000 
1831, 1417, 890, 274, 30.000000, 25.000000 
1832, 1397, 888, 274, 31.000000, 25.000000 
1833, 1377, 887, 274, 32.000000, 25.000000 
1834, 1356, 886, 274, 33.000000, 25.000000 
1835, 1336, 885, 274, 34.000000, 25.000000 
1836, 1316, 884, 274, 35.000000, 25.000000 
1837, 1296, 883, 274, 36.000000, 25.000000 
1838, 1276, 883, 274, 37.000000, 25.000000 
1839, 1256, 882, 274, 38.000000, 25.000000 
1840, 1236, 882, 274, 39.000000, 25.000000 
1841, 1216, 882, 274, 40.000000, 25.000000 
1842, 1197, 881, 274, 41.000000, 25.000000 
1843, 1177, 882, 274, 42.000000, 25.000000 
1844, 1158, 882, 274, 43.000000, 25.000000 
1845, 1139, 882, 274, 44.000000, 25.000000 
1846, 1121, 883, 274, 45.000000, 25.000000 
1847, 1102, 883, 274, 46.000000, 25.000000 
1848, 1084, 884, 274, 47.000000, 25.000000 
1849, 1067, 885, 274, 48.000000, 25.000000 
1850, 1049, 886, 274, 49.000000, 25.000000 
1851, 1032, 887, 274, 50.000000, 25.000000 
1852, 1016, 889, 274, 51.000000, 25.000000 
1853, 1000, 890, 274, 52.000000, 25.000000 
1854, 984, 892, 274, 53.000000, 25.000000 
1855, 969, 894, 274, 54.000000, 25.000000 
1856, 955, 896, 274, 55.000000, 25.000000 
1857, 941, 898, 274, 56.000000, 25.000000 
1858, 928, 901, 274, 57.000000, 25.000000 
1859, 915, 903, 274, 58.000000, 25.000000 
1860, 903, 906, 274, 59.000000, 25.000000 
1861, 891, 909, 274, 60.000000, 25.000000 
1862, 881, 912, 274, 61.000000, 25.000000 
1863, 871, 915, 274, 62.000000, 25.000000 
1864, 861, 918, 274, 63.000000, 25.000000 
1865, 852, 922, 274, 64.000000, 25.000000 
1866, 844, 926, 274, 65.000000, 25.000000 
1867, 837, 930, 274, 66.000000, 25.000000 
1868, 830, 934, 274, 67.000000, 25.000000 
1869, 823, 938, 274, 68.000000, 25.000000 
1870, 817, 943, 274, 69.000000, 25.000000 
1871, 812, 948, 274, 70.000000, 25.000000 
1872, 807, 953, 274, 71.000000, 25.000000 
1873, 802, 958, 274, 72.000000, 25.000000 
1874, 798, 964, 274, 73.000000, 25.000000 
1875, 794, 970, 274, 74.000000, 25.000000 
1876, 791, 976, 274, 75.000000, 25.000000 
1877, 788, 982, 274, 76.000000, 25.000000 
1878, 786, 989, 274, 77.000000, 25.000000 
1879, 783, 996, 274, 78.000000, 25.000000 
1880, 782, 1003, 274, 79.000000, 25.000000 
1881, 780, 1011, 274, 80.000000, 25.000000 
1882, 779, 1019, 274, 81.000000, 25.000000 
1883, 777, 1027, 274, 82.000000, 25.000000 
1884, 777, 1036, 274, 83.000000, 25.000000 
1885, 776, 1045, 274, 84.000000, 25.000000 
1886, 775, 1054, 274, 85.000000, 25.000000 
1887, 775, 1064, 274, 86.000000, 25.000000 
1888, 775, 1074, 274, 87.000000, 25.000000 
1889, 775, 1084, 274, 88.000000, 25.000000 
1890, 775, 1095, 274, 89.000000, 25.000000 
1891, 775, 1106, 274, 90.000000, 25.000000 
1892, 775, 1118, 274, 91.000000, 25.000000 
1893, 776, 1130, 274, 92.000000, 25.000000 
1894, 776, 1142, 274, 93.000000, 25.000000 
1895, 776, 1154, 274, 94.000000, 25.000000 
1896, 777, 1167, 274, 95.000000, 25.000000 
1897, 777, 1181, 274, 96.000000, 25.000000 
1898, 778, 1194, 274, 97.000000, 25.000000 
1899, 779, 1208, 274, 98.000000, 25.000000 
1900, 780, 1222, 274, 99.000000, 25.000000 
1901, 781, 1237, 274, 100.000000, 25.000000 
1902, 782, 1251, 274, 101.000000, 25.000000 
1903, 783, 1266, 274, 102.000000, 25.000000 
1904, 784, 1281, 274, 103.000000, 25.000000 
1905, 786, 1296, 274, 104.000000, 25.000000 
1906, 787, 1312, 274, 105.000000, 25.000000 
1907, 789, 1327, 274, 106.000000, 25.000000 
1908, 791, 1343, 274, 107.000000, 25.000000 
1909, 793, 1359, 274, 108.000000, 25.000000 
1910, 795, 1375, 274, 109.000000, 25.000000 
1911, 797, 1391, 274, 110.000000, 25.000000 
1912, 799, 1407, 274, 111.000000, 25.000000 
1913, 802, 1424, 274, 112.000000, 25.000000 
1914, 805, 1440, 274, 113.000000, 25.000000 
1915, 808, 1457, 274, 114.000000, 25.000000 
1916, 811, 1473, 274, 115.000000, 25.000000 
1917, 814, 1489, 274, 116.000000, 25.000000 
1918, 818, 1506, 274, 117.000000, 25.000000 
1919, 821, 1522, 274, 118.000000, 25.000000 
1920, 825, 1539, 274, 119.000000, 25.000000 
1921, 829, 1555, 274, 120.000000, 25.000000 
1922, 833, 1572, 274, 121.000000, 25.000000 
1923, 838, 1588, 274, 122.000000, 25.000000 
1924, 843, 1604, 274, 123.000000, 25.000000 
1925, 847, 1620, 274, 124.000000, 25.000000 
1926, 852, 1636, 274, 125.000000, 25.000000 
1927, 857, 1652, 274, 126.000000, 25.000000 
1928, 863, 1668, 274, 127.000000, 25.000000 
1929, 868, 1683, 274, 128.000000, 25.000000 
1930, 874, 1699, 274, 129.000000, 25.000000 
1931, 879, 1714, 274, 130.000000, 25.000000 
1932, 885, 1729, 274, 131.000000, 25.000000 
1933, 891, 1744, 274, 132.000000, 25.000000 
1934, 897, 1758, 274, 133.000000, 25.000000 
1935, 903, 1773, 274, 134.000000, 25.000000 
1936, 909, 1787, 274, 135.000000, 25.000000 
1937, 915, 1800, 274, 136.000000, 25.000000 
1938, 921, 1814, 274, 137.000000, 25.000000 
1939, 927, 1827, 274, 138.000000, 25.000000 
1940, 933, 1840, 274, 139.000000, 25.000000 
1941, 939, 1852, 274, 140.000000, 25.000000 
1942, 946, 1865, 274, 141.000000, 25.000000 
1943, 952, 1876, 274, 142.000000, 25.000000 
1944, 958, 1888, 274, 143.000000, 25.000000 
1945, 964, 1899, 274, 144.000000, 25.000000 
1946, 970, 1910, 274, 145.000000, 25.000000 
1947, 976, 1920, 274, 146.000000, 25.000000 
1948, 982, 1930, 274, 147.000000, 25.000000 
1949, 987, 1939, 274, 148.000000, 25.000000 
1950, 993, 1948, 274, 149.000000, 25.000000 
1951, 999, 1956, 274, 150.000000, 25.000000 
1952, 1004, 1964, 274, 151.000000, 25.000000 
1953, 1009, 1972, 274, 152.000000, 25.000000 
1954, 1015, 1979, 274, 153.000000, 25.000000 
1955, 1020, 1985, 274, 154.000000, 25.000000 
1956, 1025, 1992, 274, 155.000000, 25.000000 
1957, 1031, 1998, 274, 156.000000, 25.000000 
1958, 1036, 2004, 274, 157.000000, 25.000000 
1959, 1042, 2010, 274, 158.000000, 25.000000 
1960, 1047, 2015, 274, 159.000000, 25.000000 
1961, 1053, 2021, 274, 160.000000, 25.000000 
1962, 1059, 2026, 274, 161.000000, 25.000000 
1963, 1065, 2032, 274, 162.000000, 25.000000 
1964, 1072, 2038, 274, 163.000000, 25.000000 
1965, 1078, 2043, 274, 164.000000, 25.000000 
1966, 1085, 2049, 274, 165.000000, 25.000000 
1967, 1093, 2055, 274, 166.000000, 25.000000 
1968, 1101, 2061, 274, 167.000000, 25.000000 
1969, 1109, 2068, 274, 168.000000, 25.000000 
1970, 1117, 2075, 274, 169.000000, 25.000000 
1971, 1127, 2082, 274, 170.000000, 25.000000 
1972, 1136, 2090, 274, 171.000000, 25.000000 
1973, 1146, 2098, 274, 172.000000, 25.000000 
1974, 1157, 2107, 274, 173.000000, 25.000000 
1975, 1168, 2117, 274, 174.000000, 25.000000 
1976, 1180, 2127, 274, 175.000000, 25.000000 
1977, 1193, 2137, 274, 176.000000, 25.000000 
1978, 1206, 2149, 274, 177.000000, 25.000000 
1979, 1220, 2161, 274, 178.000000, 25.000000 
1980, 1235, 2174, 274, 179.000000, 25.000000 
1981, 1250, 2187, 274, 180.000000, 25.000000 
1982, 1266, 2202, 274, 181.000000, 25.000000 
1983, 1283, 2217, 274, 182.000000, 25.000000 
1984, 1301, 2234, 274, 183.000000, 25.000000 
1985, 1320, 2250, 274, 184.000000, 25.000000 
1986, 1339, 2268, 274, 185.000000, 25.000000 
1987, 1358, 2286, 274, 186.000000, 25.000000 
1988, 1378, 2304, 274, 187.000000, 25.000000 
1989, 1398, 2323, 274, 188.000000, 25.000000 
1990, 1419, 2342, 274, 189.000000, 25.000000 
1991, 1440, 2361, 274, 190.000000, 25.000000 
1992, 1462, 2380, 274, 191.000000, 25.000000 
1993, 1484, 2400, 274, 192.000000, 25.000000 
1994, 1505, 2419, 274, 193.000000, 25.000000 
1995, 1527, 2438, 274, 194.000000, 25.000000 
1996, 1549, 2457, 274, 195.000000, 25.000000 
1997, 1571, 2476, 274, 196.000000, 25.000000 
1998, 1593, 2495, 274, 197.000000, 25.000000 
1999, 1615, 2513, 274, 198.000000, 25.000000 
2000, 1637, 2530, 274, 199.000000, 25.000000 
2001, 1658, 2547, 274, 200.000000, 25.000000 
2002, 1680, 2563, 274, 201.000000, 25.000000 
2003, 1700, 2579, 274, 202.000000, 25.000000 
2004, 1721, 2594, 274, 203.000000, 25.000000 
2005, 1741, 2607, 274, 204.000000, 25.000000 
2006, 1761, 2620, 274, 205.000000, 25.000000 
2007, 1780, 2632, 274, 206.000000, 25.000000 
2008, 1799, 2643, 274, 207.000000, 25.000000 
2009, 1817, 2652, 274, 208.000000, 25.000000 
2010, 1834, 2660, 274, 209.000000, 25.000000 
2011, 1850, 2667, 274, 210.000000, 25.000000 
2012, 1866, 2673, 274, 211.000000, 25.000000 
2013, 1881, 2677, 274, 212.000000, 25.000000 
2014, 1895, 2680, 274, 213.000000, 25.000000 
2015, 1909, 2681, 274, 214.000000, 25.000000 
2016, 1922, 2682, 274, 215.000000, 25.000000 
2017, 1934, 2681, 274, 216.000000, 25.000000 
2018, 1946, 2679, 274, 217.000000, 25.000000 
2019, 1957, 2677, 274, 218.000000, 25.000000 
2020, 1968, 2673, 274, 219.000000, 25.000000 
2021, 1979, 2669, 274, 220.000000, 25.000000 
2022, 1989, 2664, 274, 221.000000, 25.000000 
2023, 1999, 2659, 274, 222.000000, 25.000000 
2024, 2008, 2652, 274, 223.000000, 25.000000 
2025, 2017, 2646, 274, 224.000000, 25.000000 
2026, 2026, 2639, 274, 225.000000, 25.000000 
2027, 2035, 2631, 274, 226.000000, 25.000000 
2028, 2044, 2623, 274, 227.000000, 25.000000 
2029, 2052, 2615, 274, 228.000000, 25.000000 
2030, 2061, 2607, 274, 229.000000, 25.000000 
2031, 2069, 2599, 274, 230.000000, 25.000000 
2032, 2078, 2591, 274, 231.000000, 25.000000 
2033, 2087, 2582, 274, 232.000000, 25.000000 
2034, 2095, 2574, 274, 233.000000, 25.000000 
2035, 2104, 2566, 274, 234.000000, 25.000000 
2036, 2113, 2559, 274, 235.000000, 25.000000 
2037, 2123, 2551, 274, 236.000000, 25.000000 
2038, 2132, 2545, 274, 237.000000, 25.000000 
2039, 2142, 2538, 274, 238.000000, 25.000000 
2040, 2153, 2532, 274, 239.000000, 25.000000 
2041, 2163, 2527, 274, 240.000000, 25.000000 
2042, 2175, 2523, 274, 241.000000, 25.000000 
2043, 2186, 2519, 274, 242.000000, 25.000000 
2044, 2198, 2516, 274, 243.000000, 25.000000 
2045, 2210, 2513, 274, 244.000000, 25.000000 
2046, 2223, 2511, 274, 245.000000, 25.000000 
2047, 2236, 2509, 274, 246.000000, 25.000000 
2048, 2249, 2507, 274, 247.000000, 25.000000 
2049, 2262, 2506, 274, 248.000000, 25.000000 
2050, 2276, 2505, 274, 249.000000, 25.000000 
2051, 2289, 2505, 274, 250.000000, 25.000000 
2052, 2303, 2504, 274, 251.000000, 25.000000 
2053, 2317, 2504, 274, 252.000000, 25.000000 
2054, 2331, 2504, 274, 253.000000, 25.000000 
2055, 2345, 2504, 274, 254.000000, 25.000000 
2056, 2359, 2504, 274, 255.000000, 25.000000 
2057, 2372, 2504, 274, 256.000000, 25.000000 
2058, 2386, 2503, 274, 257.000000, 25.000000 
2059, 2400, 2503, 274, 258.000000, 25.000000 
2060, 2413, 2502, 274, 259.000000, 25.000000 
2061, 2426, 2501, 274, 260.000000, 25.000000 
2062, 2439, 2500, 274, 261.000000, 25.000000 
2063, 2452, 2498, 274, 262.000000, 25.000000 
2064, 2464, 2496, 274, 263.000000, 25.000000 
2065, 2476, 2493, 274, 264.000000, 25.000000 
2066, 2488, 2490, 274, 265.000000, 25.000000 
2067, 2499, 2486, 274, 266.000000, 25.000000 
2068, 2510, 2482, 274, 267.000000, 25.000000 
2069, 2520, 2477, 274, 268.000000, 25.000000 
2070, 2530, 2471, 274, 269.000000, 25.000000 
2071, 2539, 2464, 274, 270.000000, 25.000000 
2072, 2548, 2457, 274, 271.000000, 25.000000 
2073, 2556, 2449, 274, 272.000000, 25.000000 
2074, 2564, 2440, 274, 273.000000, 25.000000 
2075, 2571, 2430, 274, 274.000000, 25.000000 
2076, 2577, 2419, 274, 275.000000, 25.000000 
2077, 2583, 2408, 274, 276.000000, 25.000000 
2078, 2589, 2396, 274, 277.000000, 25.000000 
2079, 2593, 2383, 274, 278.000000, 25.000000 
2080, 2598, 2369, 274, 279.000000, 25.000000 
2081, 2601, 2355, 274, 280.000000, 25.000000 
2082, 2604, 2340, 274, 281.000000, 25.000000 
2083, 2607, 2324, 274, 282.000000, 25.000000 
2084, 2608, 2308, 274, 283.000000, 25.000000 
2085, 2610, 2290, 274, 284.000000, 25.000000 
2086, 2611, 2273, 274, 285.000000, 25.000000 
2087, 2611, 2254, 274, 286.000000, 25.000000 
2088, 2610, 2235, 274, 287.000000, 25.000000 
2089, 2609, 2216, 274, 288.000000, 25.000000 
2090, 2608, 2196, 274, 289.000000, 25.000000 
2091, 2606, 2175, 274, 290.000000, 25.000000 
2092, 2603, 2154, 274, 291.000000, 25.000000 
2093, 2600, 2132, 274, 292.000000, 25.000000 
2094, 2596, 2110, 274, 293.000000, 25.000000 
2095, 2592, 2087, 274, 294.000000, 25.000000 
2096, 2587, 2063, 274, 295.000000, 25.000000 
2097, 2582, 2039, 274, 296.000000, 25.000000 
2098, 2576, 2015, 274, 297.000000, 25.000000 
2099, 2569, 1990, 274, 298.000000, 25.000000 
2100, 2562, 1965, 274, 299.000000, 25.000000 
2101, 2554, 1939, 274, 300.000000, 25.000000 
2102, 2546, 1913, 274, 301.000000, 25.000000 
2103, 2537, 1887, 274, 302.000000, 25.000000 
2104, 2528, 1860, 274, 303.000000, 25.000000 
2105, 2518, 1833, 274, 304.000000, 25.000000 
2106, 2508, 1806, 274, 305.000000, 25.000000 
2107, 2497, 1778, 274, 306.000000, 25.000000 
2108, 2486, 1751, 274, 307.000000, 25.000000 
2109, 2475, 1723, 274, 308.000000, 25.000000 
2110, 2463, 1696, 274, 309.000000, 25.000000 
2111, 2450, 1669, 274, 310.000000, 25.000000 
2112, 2438, 1642, 274, 311.000000, 25.000000 
2113, 2425, 1615, 274, 312.000000, 25.000000 
2114, 2411, 1588, 274, 313.000000, 25.000000 
2115, 2398, 1562, 274, 314.000000, 25.000000 
2116, 2384, 1536, 274, 315.000000, 25.000000 
2117, 2370, 1511, 274, 316.000000, 25.000000 
2118, 2355, 1486, 274, 317.000000, 25.000000 
2119, 2340, 1462, 274, 318.000000, 25.000000 
2120, 2326, 1439, 274, 319.000000, 25.000000 
2121, 2310, 1416, 274, 320.000000, 25.000000 
2122, 2295, 1394, 274, 321.000000, 25.000000 
2123, 2280, 1372, 274, 322.000000, 25.000000 
2124, 2264, 1352, 274, 323.000000, 25.000000 
2125, 2249, 1333, 274, 324.000000, 25.000000 
2126, 2233, 1314, 274, 325.000000, 25.000000 
2127, 2217, 1297, 274, 326.000000, 25.000000 
2128, 2202, 1281, 274, 327.000000, 25.000000 
2129, 2186, 1266, 274, 328.000000, 25.000000 
2130, 2170, 1252, 274, 329.000000, 25.000000 
2131, 2154, 1239, 274, 330.000000, 25.000000 
2132, 2138, 1228, 274, 331.000000, 25.000000 
2133, 2123, 1219, 274, 332.000000, 25.000000 
2134, 2107, 1211, 274, 333.000000, 25.000000 
2135, 2091, 1204, 274, 334.000000, 25.000000 
2136, 2076, 1199, 274, 335.000000, 25.000000 
2137, 2061, 1196, 274, 336.000000, 25.000000 
2138, 2046, 1194, 274, 337.000000, 25.000000 
2139, 2031, 1194, 274, 338.000000, 25.000000 
2140, 2016, 1196, 274, 339.000000, 25.000000 
2141, 2001, 1200, 274, 340.000000, 25.000000 
2142, 1987, 1206, 274, 341.000000, 25.000000 
2143, 1973, 1214, 274, 342.000000, 25.000000 
2144, 1959, 1225, 274, 343.000000, 25.000000 
2145, 1946, 1237, 274, 344.000000, 25.000000 
2146, 1932, 1252, 274, 345.000000, 25.000000 
2147, 1920, 1269, 274, 346.000000, 25.000000 
2148, 1907, 1288, 274, 347.000000, 25.000000 
2149, 1895, 1310, 274, 348.000000, 25.000000 
2150, 1883, 1334, 274, 349.000000, 25.000000 
2151, 1872, 1361, 274, 350.000000, 25.000000 
2152, 1861, 1391, 274, 351.000000, 25.000000 
2153, 1851, 1423, 274, 352.000000, 25.000000 
2154, 1841, 1458, 274, 353.000000, 25.000000 
2155, 1831, 1496, 274, 354.000000, 25.000000 
2156, 1822, 1537, 274, 355.000000, 25.000000 
2157, 1814, 1581, 274, 356.000000, 25.000000 
2158, 1806, 1627, 274, 357.000000, 25.000000 
2159, 1799, 1677, 274, 358.000000, 25.000000 
2160, 1792, 1730, 274, 359.000000, 25.000000 
2161, 1984, 877, 274, 0.000000, 30.000000 
2162, 1983, 865, 274, 1.000000, 30.000000 
2163, 1979, 854, 274, 2.000000, 30.000000 
2164, 1973, 843, 274, 3.000000, 30.000000 
2165, 1966, 833, 274, 4.000000, 30.000000 
2166, 1956, 822, 274, 5.000000, 30.000000 
2167, 1945, 812, 274, 6.000000, 30.000000 
2168, 1932, 803, 274, 7.000000, 30.000000 
2169, 1918, 794, 274, 8.000000, 30.000000 
2170, 1902, 785, 274, 9.000000, 30.000000 
2171, 1885, 776, 274, 10.000000, 30.000000 
2172, 1866, 767, 274, 11.000000, 30.000000 
2173, 1845, 759, 274, 12.000000, 30.000000 
2174, 1824, 751, 274, 13.000000, 30.000000 
2175, 1801, 744, 274, 14.000000, 30.000000 
2176, 1777, 736, 274, 15.000000, 30.000000 
2177, 1753, 729, 274, 16.000000, 30.000000 
2178, 1727, 722, 274, 17.000000, 30.000000 
2179, 1700, 716, 274, 18.000000, 30.000000 
2180, 1672, 709, 274, 19.000000, 30.000000 
2181, 1644, 703, 274, 20.000000, 30.000000 
2182, 1615, 698, 274, 21.000000, 30.000000 
2183, 1585, 692, 274, 22.000000, 30.000000 
2184, 1555, 687, 274, 23.000000, 30.000000 
2185, 1524, 681, 274, 24.000000, 30.000000 
2186, 1493, 677, 274, 25.000000, 30.000000 
2187, 1461, 672, 274, 26.000000, 30.000000 
2188, 1430, 667, 274, 27.000000, 30.000000 
2189, 1398, 663, 274, 28.000000, 30.000000 
2190, 1365, 659, 274, 29.000000, 30.000000 
2191, 1333, 655, 274, 30.000000, 30.000000 
2192, 1301, 651, 274, 31.000000, 30.000000 
2193, 1269, 648, 274, 32.000000, 30.000000 
2194, 1236, 645, 274, 33.000000, 30.000000 
2195, 1204, 642, 274, 34.000000, 30.000000 
2196, 1172, 639, 274, 35.000000, 30.000000 
2197, 1141, 636, 274, 36.000000, 30.000000 
2198, 1109, 633, 274, 37.000000, 30.000000 
2199, 1078, 631, 274, 38.000000, 30.000000 
2200, 1047, 629, 274, 39.000000, 30.000000 
2201, 1017, 627, 274, 40.000000, 30.000000 
2202, 986, 625, 274, 41.000000, 30.000000 
2203, 957, 624, 274, 42.000000, 30.000000 
2204, 928, 622, 274, 43.000000, 30.000000 
2205, 899, 621, 274, 44.000000, 30.000000 
2206, 871, 620, 274, 45.000000, 30.000000 
2207, 843, 619, 274, 46.000000, 30.000000 
2208, 816, 618, 274, 47.000000, 30.000000 
2209, 790, 618, 274, 48.000000, 30.000000 
2210, 764, 618, 274, 49.000000, 30.000000 
2211, 739, 617, 274, 50.000000, 30.000000 
2212, 715, 617, 274, 51.000000, 30.000000 
2213, 692, 618, 274, 52.000000, 30.000000 
2214, 670, 618, 274, 53.000000, 30.000000 
2215, 648, 619, 274, 54.000000, 30.000000 
2216, 628, 619, 274, 55.000000, 30.000000 
2217, 609, 620, 274, 56.000000, 30.000000 
2218, 590, 621, 274, 57.000000, 30.000000 
2219, 573, 623, 274, 58.000000, 30.000000 
2220, 556, 624, 274, 59.000000, 30.000000 
2221, 541, 626, 274, 60.000000, 30.000000 
2222, 527, 628, 274, 61.000000, 30.000000 
2223, 515, 630, 274, 62.000000, 30.000000 
2224, 503, 632, 274, 63.000000, 30.000000 
2225, 492, 634, 274, 64.000000, 30.000000 
2226, 482, 637, 274, 65.000000, 30.000000 
2227, 474, 639, 274, 66.000000, 30.000000 
2228, 466, 642, 274, 67.000000, 30.000000 
2229, 459, 646, 274, 68.000000, 30.000000 
2230, 453, 649, 274, 69.000000, 30.000000 
2231, 447, 653, 274, 70.000000, 30.000000 
2232, 442, 657, 274, 71.000000, 30.000000 
2233, 438, 661, 274, 72.000000, 30.000000 
2234, 435, 665, 274, 73.000000, 30.000000 
2235, 432, 670, 274, 74.000000, 30.000000 
2236, 430, 675, 274, 75.000000, 30.000000 
2237, 428, 681, 274, 76.000000, 30.000000 
2238, 426, 686, 274, 77.000000, 30.000000 
2239, 425, 692, 274, 78.000000, 30.000000 
2240, 424, 698, 274, 79.000000, 30.000000 
2241, 423, 705, 274, 80.000000, 30.000000 
2242, 423, 712, 274, 81.000000, 30.000000 
2243, 423, 719, 274, 82.000000, 30.000000 
2244, 422, 727, 274, 83.000000, 30.000000 
2245, 422, 735, 274, 84.000000, 30.000000 
2246, 422, 743, 274, 85.000000, 30.000000 
2247, 422, 752, 274, 86.000000, 30.000000 
2248, 422, 761, 274, 87.000000, 30.000000 
2249, 422, 770, 274, 88.000000, 30.000000 
2250, 421, 780, 274, 89.000000, 30.000000 
2251, 421, 790, 274, 90.000000, 30.000000 
2252, 420, 801, 274, 91.000000, 30.000000 
2253, 418, 812, 274, 92.000000, 30.000000 
2254, 417, 823, 274, 93.000000, 30.000000 
2255, 415, 835, 274, 94.000000, 30.000000 
2256, 414, 847, 274, 95.000000, 30.000000 
2257, 412, 860, 274, 96.000000, 30.000000 
2258, 410, 873, 274, 97.000000, 30.000000 
2259, 408, 887, 274, 98.000000, 30.000000 
2260, 406, 901, 274, 99.000000, 30.000000 
2261, 405, 915, 274, 100.000000, 30.000000 
2262, 403, 930, 274, 101.000000, 30.000000 
2263, 402, 945, 274, 102.000000, 30.000000 
2264, 400, 961, 274, 103.000000, 30.000000 
2265, 399, 977, 274, 104.000000, 30.000000 
2266, 398, 994, 274, 105.000000, 30.000000 
2267, 398, 1011, 274, 106.000000, 30.000000 
2268, 398, 1028, 274, 107.000000, 30.000000 
2269, 398, 1046, 274, 108.000000, 30.000000 
2270, 398, 1064, 274, 109.000000, 30.000000 
2271, 399, 1083, 274, 110.000000, 30.000000 
2272, 401, 1102, 274, 111.000000, 30.000000 
2273, 403, 1122, 274, 112.000000, 30.000000 
2274, 405, 1142, 274, 113.000000, 30.000000 
2275, 408, 1162, 274, 114.000000, 30.000000 
2276, 412, 1183, 274, 115.000000, 30.000000 
2277, 417, 1205, 274, 116.000000, 30.000000 
2278, 422, 1226, 274, 117.000000, 30.000000 
2279, 428, 1249, 274, 118.000000, 30.000000 
2280, 434, 1272, 274, 119.000000, 30.000000 
2281, 442, 1295, 274, 120.000000, 30.000000 
2282, 450, 1318, 274, 121.000000, 30.000000 
2283, 459, 1343, 274, 122.000000, 30.000000 
2284, 469, 1367, 274, 123.000000, 30.000000 
2285, 480, 1392, 274, 124.000000, 30.000000 
2286, 492, 1418, 274, 125.000000, 30.000000 
2287, 504, 1444, 274, 126.000000, 30.000000 
2288, 517, 1471, 274, 127.000000, 30.000000 
2289, 531, 1498, 274, 128.000000, 30.000000 
2290, 546, 1526, 274, 129.000000, 30.000000 
2291, 561, 1555, 274, 130.000000, 30.000000 
2292, 577, 1584, 274, 131.000000, 30.000000 
2293, 594, 1613, 274, 132.000000, 30.000000 
2294, 611, 1644, 274, 133.000000, 30.000000 
2295, 629, 1674, 274, 134.000000, 30.000000 
2296, 648, 1706, 274, 135.000000, 30.000000 
2297, 667, 1738, 274, 136.000000, 30.000000 
2298, 687, 1771, 274, 137.000000, 30.000000 
2299, 708, 1805, 274, 138.000000, 30.000000 
2300, 729, 1839, 274, 139.000000, 30.000000 
2301, 750, 1874, 274, 140.000000, 30.000000 
2302, 772, 1910, 274, 141.000000, 30.000000 
2303, 795, 1946, 274, 142.000000, 30.000000 
2304, 818, 1983, 274, 143.000000, 30.000000 
2305, 842, 2021, 274, 144.000000, 30.000000 
2306, 866, 2060, 274, 145.000000, 30.000000 
2307, 891, 2100, 274, 146.000000, 30.000000 
2308, 916, 2140, 274, 147.000000, 30.000000 
2309, 941, 2181, 274, 148.000000, 30.000000 
2310, 967, 2223, 274, 149.000000, 30.000000 
2311, 994, 2266, 274, 150.000000, 30.000000 
2312, 1020, 2310, 274, 151.000000, 30.000000 
2313, 1047, 2355, 274, 152.000000, 30.000000 
2314, 1075, 2400, 274, 153.000000, 30.000000 
2315, 1102, 2446, 274, 154.000000, 30.000000 
2316, 1130, 2492, 274, 155.000000, 30.000000 
2317, 1158, 2538, 274, 156.000000, 30.000000 
2318, 1185, 2585, 274, 157.000000, 30.000000 
2319, 1213, 2632, 274, 158.000000, 30.000000 
2320, 1240, 2679, 274, 159.000000, 30.000000 
2321, 1268, 2726, 274, 160.000000, 30.000000 
2322, 1295, 2773, 274, 161.000000, 30.000000 
2323, 1321, 2820, 274, 162.000000, 30.000000 
2324, 1348, 2866, 274, 163.000000, 30.000000 
2325, 1373, 2912, 274, 164.000000, 30.000000 
2326, 1399, 2958, 274, 165.000000, 30.000000 
2327, 1423, 3002, 274, 166.000000, 30.000000 
2328, 1447, 3046, 274, 167.000000, 30.000000 
2329, 1471, 3090, 274, 168.000000, 30.000000 
2330, 1493, 3132, 274, 169.000000, 30.000000 
2331, 1515, 3173, 274, 170.000000, 30.000000 
2332, 1536, 3213, 274, 171.000000, 30.000000 
2333, 1556, 3252, 274, 172.000000, 30.000000 
2334, 1574, 3289, 274, 173.000000, 30.000000 
2335, 1592, 3325, 274, 174.000000, 30.000000 
2336, 1609, 3360, 274, 175.000000, 30.000000 
2337, 1624, 3393, 274, 176.000000, 30.000000 
2338, 1638, 3424, 274, 177.000000, 30.000000 
2339, 1650, 3453, 274, 178.000000, 30.000000 
2340, 1661, 3481, 274, 179.000000, 30.000000 
2341, 1671, 3506, 274, 180.000000, 30.000000 
2342, 1679, 3529, 274, 181.000000, 30.000000 
2343, 1686, 3550, 274, 182.000000, 30.000000 
2344, 1691, 275, 274, 183.000000, 30.000000 
2345, 1696, 292, 274, 184.000000, 30.000000 
2346, 1699, 307, 274, 185.000000, 30.000000 
2347, 1701, 321, 274, 186.000000, 30.000000 
2348, 1703, 333, 274, 187.000000, 30.000000 
2349, 1704, 343, 274, 188.000000, 30.000000 
2350, 1705, 352, 274, 189.000000, 30.000000 
2351, 1706, 359, 274, 190.000000, 30.000000 
2352, 1706, 365, 274, 191.000000, 30.000000 
2353, 1707, 369, 274, 192.000000, 30.000000 
2354, 1707, 372, 274, 193.000000, 30.000000 
2355, 1708, 374, 274, 194.000000, 30.000000 
2356, 1709, 375, 274, 195.000000, 30.000000 
2357, 1711, 375, 274, 196.000000, 30.000000 
2358, 1714, 374, 274, 197.000000, 30.000000 
2359, 1718, 372, 274, 198.000000, 30.000000 
2360, 1722, 369, 274, 199.000000, 30.000000 
2361, 1728, 365, 274, 200.000000, 30.000000 
2362, 1735, 361, 274, 201.000000, 30.000000 
2363, 1744, 356, 274, 202.000000, 30.000000 
2364, 1754, 350, 274, 203.000000, 30.000000 
2365, 1766, 344, 274, 204.000000, 30.000000 
2366, 1780, 337, 274, 205.000000, 30.000000 
2367, 1796, 331, 274, 206.000000, 30.000000 
2368, 1814, 323, 274, 207.000000, 30.000000 
2369, 1834, 316, 274, 208.000000, 30.000000 
2370, 1857, 309, 274, 209.000000, 30.000000 
2371, 1882, 301, 274, 210.000000, 30.000000 
2372, 1910, 294, 274, 211.000000, 30.000000 
2373, 1941, 286, 274, 212.000000, 30.000000 
2374, 1974, 279, 274, 213.000000, 30.000000 
2375, 2010, 3567, 274, 214.000000, 30.000000 
2376, 2047, 3560, 274, 215.000000, 30.000000 
2377, 2087, 3554, 274, 216.000000, 30.000000 
2378, 2128, 3548, 274, 217.000000, 30.000000 
2379, 2170, 3543, 274, 218.000000, 30.000000 
2380, 2214, 3538, 274, 219.000000, 30.000000 
2381, 2259, 3534, 274, 220.000000, 30.000000 
2382, 2305, 3531, 274, 221.000000, 30.000000 
2383, 2352, 3528, 274, 222.000000, 30.000000 
2384, 2400, 3527, 274, 223.000000, 30.000000 
2385, 2448, 3526, 274, 224.000000, 30.000000 
2386, 2497, 3526, 274, 225.000000, 30.000000 
2387, 2545, 3527, 274, 226.000000, 30.000000 
2388, 2594, 3530, 274, 227.000000, 30.000000 
2389, 2642, 3534, 274, 228.000000, 30.000000 
2390, 2690, 3539, 274, 229.000000, 30.000000 
2391, 2738, 3545, 274, 230.000000, 30.000000 
2392, 2784, 3553, 274, 231.000000, 30.000000 
2393, 2830, 3562, 274, 232.000000, 30.000000 
2394, 2875, 278, 274, 233.000000, 30.000000 
2395, 2918, 291, 274, 234.000000, 30.000000 
2396, 2960, 305, 274, 235.000000, 30.000000 
2397, 3000, 321, 274, 236.000000, 30.000000 
2398, 3039, 339, 274, 237.000000, 30.000000 
2399, 3076, 359, 274, 238.000000, 30.000000 
2400, 3110, 381, 274, 239.000000, 30.000000 
2401, 3142, 405, 274, 240.000000, 30.000000 
2402, 3172, 431, 274, 241.000000, 30.000000 
2403, 3199, 459, 274, 242.000000, 30.000000 
2404, 3225, 489, 274, 243.000000, 30.000000 
2405, 3247, 521, 274, 244.000000, 30.000000 
2406, 3268, 554, 274, 245.000000, 30.000000 
2407, 3287, 589, 274, 246.000000, 30.000000 
2408, 3304, 624, 274, 247.000000, 30.000000 
2409, 3319, 661, 274, 248.000000, 30.000000 
2410, 3332, 699, 274, 249.000000, 30.000000 
2411, 3344, 738, 274, 250.000000, 30.000000 
2412, 3354, 778, 274, 251.000000, 30.000000 
2413, 3362, 818, 274, 252.000000, 30.000000 
2414, 3369, 859, 274, 253.000000, 30.000000 
2415, 3375, 899, 274, 254.000000, 30.000000 
2416, 3380, 940, 274, 255.000000, 30.000000 
2417, 3383, 981, 274, 256.000000, 30.000000 
2418, 3386, 1022, 274, 257.000000, 30.000000 
2419, 3388, 1062, 274, 258.000000, 30.000000 
2420, 3388, 1102, 274, 259.000000, 30.000000 
2421, 3389, 1141, 274, 260.000000, 30.000000 
2422, 3388, 1180, 274, 261.000000, 30.000000 
2423, 3387, 1218, 274, 262.000000, 30.000000 
2424, 3385, 1254, 274, 263.000000, 30.000000 
2425, 3383, 1290, 274, 264.000000, 30.000000 
2426, 3381, 1324, 274, 265.000000, 30.000000 
2427, 3379, 1356, 274, 266.000000, 30.000000 
2428, 3376, 1387, 274, 267.000000, 30.000000 
2429, 3374, 1416, 274, 268.000000, 30.000000 
2430, 3372, 1444, 274, 269.000000, 30.000000 
2431, 3369, 1469, 274, 270.000000, 30.000000 
2432, 3367, 1492, 274, 271.000000, 30.000000 
2433, 3366, 1513, 274, 272.000000, 30.000000 
2434, 3364, 1532, 274, 273.000000, 30.000000 
2435, 3363, 1549, 274, 274.000000, 30.000000 
2436, 3362, 1564, 274, 275.000000, 30.000000 
2437, 3361, 1577, 274, 276.000000, 30.000000 
2438, 3360, 1588, 274, 277.000000, 30.000000 
2439, 3359, 1597, 274, 278.000000, 30.000000 
2440, 3358, 1605, 274, 279.000000, 30.000000 
2441, 3357, 1611, 274, 280.000000, 30.000000 
2442, 3356, 1616, 274, 281.000000, 30.000000 
2443, 3355, 1619, 274, 282.000000, 30.000000 
2444, 3353, 1621, 274, 283.000000, 30.000000 
2445, 3352, 1621, 274, 284.000000, 30.000000 
2446, 3350, 1620, 274, 285.000000, 30.000000 
2447, 3349, 1618, 274, 286.000000, 30.000000 
2448, 3346, 1615, 274, 287.000000, 30.000000 
2449, 3344, 1611, 274, 288.000000, 30.000000 
2450, 3341, 1605, 274, 289.000000, 30.000000 
2451, 3338, 1599, 274, 290.000000, 30.000000 
2452, 3335, 1592, 274, 291.000000, 30.000000 
2453, 3331, 1584, 274, 292.000000, 30.000000 
2454, 3326, 1575, 274, 293.000000, 30.000000 
2455, 3321, 1565, 274, 294.000000, 30.000000 
2456, 3316, 1555, 274, 295.000000, 30.000000 
2457, 3310, 1545, 274, 296.000000, 30.000000 
2458, 3303, 1533, 274, 297.000000, 30.000000 
2459, 3295, 1522, 274, 298.000000, 30.000000 
2460, 3287, 1510, 274, 299.000000, 30.000000 
2461, 3279, 1497, 274, 300.000000, 30.000000 
2462, 3269, 1485, 274, 301.000000, 30.000000 
2463, 3259, 1472, 274, 302.000000, 30.000000 
2464, 3248, 1459, 274, 303.000000, 30.000000 
2465, 3236, 1446, 274, 304.000000, 30.000000 
2466, 3224, 1434, 274, 305.000000, 30.000000 
2467, 3211, 1421, 274, 306.000000, 30.000000 
2468, 3197, 1408, 274, 307.000000, 30.000000 
2469, 3183, 1395, 274, 308.000000, 30.000000 
2470, 3168, 1382, 274, 309.000000, 30.000000 
2471, 3152, 1370, 274, 310.000000, 30.000000 
2472, 3136, 1358, 274, 311.000000, 30.000000 
2473, 3119, 1346, 274, 312.000000, 30.000000 
2474, 3102, 1334, 274, 313.000000, 30.000000 
2475, 3084, 1323, 274, 314.000000, 30.000000 
2476, 3065, 1312, 274, 315.000000, 30.000000 
2477, 3046, 1302, 274, 316.000000, 30.000000 
2478, 3027, 1293, 274, 317.000000, 30.000000 
2479, 3006, 1284, 274, 318.000000, 30.000000 
2480, 2986, 1275, 274, 319.000000, 30.000000 
2481, 2964, 1268, 274, 320.000000, 30.000000 
2482, 2943, 1261, 274, 321.000000, 30.000000 
2483, 2921, 1255, 274, 322.000000, 30.000000 
2484, 2898, 1249, 274, 323.000000, 30.000000 
2485, 2875, 1245, 274, 324.000000, 30.000000 
2486, 2851, 1241, 274, 325.000000, 30.000000 
2487, 2827, 1239, 274, 326.000000, 30.000000 
2488, 2803, 1237, 274, 327.000000, 30.000000 
2489, 2778, 1237, 274, 328.000000, 30.000000 
2490, 2753, 1238, 274, 329.000000, 30.000000 
2491, 2728, 1240, 274, 330.000000, 30.000000 
2492, 2702, 1243, 274, 331.000000, 30.000000 
2493, 2676, 1247, 274, 332.000000, 30.000000 
2494, 2649, 1253, 274, 333.000000, 30.000000 
2495, 2623, 1260, 274, 334.000000, 30.000000 
2496, 2596, 1268, 274, 335.000000, 30.000000 
2497, 2569, 1278, 274, 336.000000, 30.000000 
2498, 2542, 1289, 274, 337.000000, 30.000000 
2499, 2514, 1302, 274, 338.000000, 30.000000 
2500, 2487, 1316, 274, 339.000000, 30.000000 
2501, 2460, 1331, 274, 340.000000, 30.000000 
2502, 2433, 1348, 274, 341.000000, 30.000000 
2503, 2406, 1366, 274, 342.000000, 30.000000 
2504, 2379, 1386, 274, 343.000000, 30.000000 
2505, 2352, 1408, 274, 344.000000, 30.000000 
2506, 2326, 1431, 274, 345.000000, 30.000000 
2507, 2300, 1456, 274, 346.000000, 30.000000 
2508, 2274, 1482, 274, 347.000000, 30.000000 
2509, 2248, 1510, 274, 348.000000, 30.000000 
2510, 2223, 1539, 274, 349.000000, 30.000000 
2511, 2198, 1571, 274, 350.000000, 30.000000 
2512, 2174, 1604, 274, 351.000000, 30.000000 
2513, 2150, 1639, 274, 352.000000, 30.000000 
2514, 2127, 1676, 274, 353.000000, 30.000000 
2515, 2105, 1714, 274, 354.000000, 30.000000 
2516, 2083, 1754, 274, 355.000000, 30.000000 
2517, 2062, 1797, 274, 356.000000, 30.000000 
2518, 2041, 1841, 274, 357.000000, 30.000000 
2519, 2021, 1887, 274, 358.000000, 30.000000 
2520, 2003, 1935, 274, 359.000000, 30.000000 
2521, 2600, 899, 274, 0.000000, 35.000000 
2522, 2552, 848, 274, 1.000000, 35.000000 
2523, 2505, 800, 274, 2.000000, 35.000000 
2524, 2459, 756, 274, 3.000000, 35.000000 
2525, 2412, 715, 274, 4.000000, 35.000000 
2526, 2366, 677, 274, 5.000000, 35.000000 
2527, 2320, 642, 274, 6.000000, 35.000000 
2528, 2274, 611, 274, 7.000000, 35.000000 
2529, 2228, 582, 274, 8.000000, 35.000000 
2530, 2183, 555, 274, 9.000000, 35.000000 
2531, 2138, 532, 274, 10.000000, 35.000000 
2532, 2093, 511, 274, 11.000000, 35.000000 
2533, 2049, 492, 274, 12.000000, 35.000000 
2534, 2005, 475, 274, 13.000000, 35.000000 
2535, 1961, 461, 274, 14.000000, 35.000000 
2536, 1918, 448, 274, 15.000000, 35.000000 
2537, 1875, 437, 274, 16.000000, 35.000000 
2538, 1832, 428, 274, 17.000000, 35.000000 
2539, 1790, 421, 274, 18.000000, 35.000000 
2540, 1748, 415, 274, 19.000000, 35.000000 
2541, 1706, 411, 274, 20.000000, 35.000000 
2542, 1665, 408, 274, 21.000000, 35.000000 
2543, 1625, 406, 274, 22.000000, 35.000000 
2544, 1585, 405, 274, 23.000000, 35.000000 
2545, 1545, 405, 274, 24.000000, 35.000000 
2546, 1506, 406, 274, 25.000000, 35.000000 
2547, 1467, 407, 274, 26.000000, 35.000000 
2548, 1429, 409, 274, 27.000000, 35.000000 
2549, 1391, 412, 274, 28.000000, 35.000000 
2550, 1354, 415, 274, 29.000000, 35.000000 
2551, 1318, 418, 274, 30.000000, 35.000000 
2552, 1282, 421, 274, 31.000000, 35.000000 
2553, 1246, 424, 274, 32.000000, 35.000000 
2554, 1212, 427, 274, 33.000000, 35.000000 
2555, 1177, 430, 274, 34.000000, 35.000000 
2556, 1144, 433, 274, 35.000000, 35.000000 
2557, 1111, 437, 274, 36.000000, 35.000000 
2558, 1078, 439, 274, 37.000000, 35.000000 
2559, 1047, 442, 274, 38.000000, 35.000000 
2560, 1016, 445, 274, 39.000000, 35.000000 
2561, 985, 447, 274, 40.000000, 35.000000 
2562, 955, 449, 274, 41.000000, 35.000000 
2563, 926, 451, 274, 42.000000, 35.000000 
2564, 897, 452, 274, 43.000000, 35.000000 
2565, 870, 454, 274, 44.000000, 35.000000 
2566, 842, 454, 274, 45.000000, 35.000000 
2567, 816, 455, 274, 46.000000, 35.000000 
2568, 790, 455, 274, 47.000000, 35.000000 
2569, 765, 454, 274, 48.000000, 35.000000 
2570, 740, 453, 274, 49.000000, 35.000000 
2571, 717, 451, 274, 50.000000, 35.000000 
2572, 694, 449, 274, 51.000000, 35.000000 
2573, 672, 446, 274, 52.000000, 35.000000 
2574, 650, 442, 274, 53.000000, 35.000000 
2575, 629, 438, 274, 54.000000, 35.000000 
2576, 609, 433, 274, 55.000000, 35.000000 
2577, 590, 427, 274, 56.000000, 35.000000 
2578, 572, 421, 274, 57.000000, 35.000000 
2579, 554, 413, 274, 58.000000, 35.000000 
2580, 537, 405, 274, 59.000000, 35.000000 
2581, 521, 396, 274, 60.000000, 35.000000 
2582, 505, 386, 274, 61.000000, 35.000000 
2583, 491, 375, 274, 62.000000, 35.000000 
2584, 477, 364, 274, 63.000000, 35.000000 
2585, 464, 352, 274, 64.000000, 35.000000 
2586, 451, 340, 274, 65.000000, 35.000000 
2587, 440, 327, 274, 66.000000, 35.000000 
2588, 429, 315, 274, 67.000000, 35.000000 
2589, 418, 303, 274, 68.000000, 35.000000 
2590, 408, 291, 274, 69.000000, 35.000000 
2591, 399, 280, 274, 70.000000, 35.000000 
2592, 390, 3564, 274, 71.000000, 35.000000 
2593, 382, 3554, 274, 72.000000, 35.000000 
2594, 374, 3546, 274, 73.000000, 35.000000 
2595, 367, 3538, 274, 74.000000, 35.000000 
2596, 360, 3531, 274, 75.000000, 35.000000 
2597, 353, 3526, 274, 76.000000, 35.000000 
2598, 347, 3523, 274, 77.000000, 35.000000 
2599, 341, 3521, 274, 78.000000, 35.000000 
2600, 336, 3521, 274, 79.000000, 35.000000 
2601, 331, 3524, 274, 80.000000, 35.000000 
2602, 326, 3528, 274, 81.000000, 35.000000 
2603, 321, 3535, 274, 82.000000, 35.000000 
2604, 317, 3544, 274, 83.000000, 35.000000 
2605, 313, 3556, 274, 84.000000, 35.000000 
2606, 309, 277, 274, 85.000000, 35.000000 
2607, 305, 294, 274, 86.000000, 35.000000 
2608, 301, 316, 274, 87.000000, 35.000000 
2609, 297, 340, 274, 88.000000, 35.000000 
2610, 294, 368, 274, 89.000000, 35.000000 
2611, 290, 399, 274, 90.000000, 35.000000 
2612, 286, 435, 274, 91.000000, 35.000000 
2613, 283, 474, 274, 92.000000, 35.000000 
2614, 279, 516, 274, 93.000000, 35.000000 
2615, 276, 561, 274, 94.000000, 35.000000 
2616, 3567, 609, 274, 95.000000, 35.000000 
2617, 3563, 659, 274, 96.000000, 35.000000 
2618, 3559, 712, 274, 97.000000, 35.000000 
2619, 3555, 767, 274, 98.000000, 35.000000 
2620, 3551, 824, 274, 99.000000, 35.000000 
2621, 3547, 882, 274, 100.000000, 35.000000 
2622, 3543, 942, 274, 101.000000, 35.000000 
2623, 3538, 1002, 274, 102.000000, 35.000000 
2624, 3534, 1064, 274, 103.000000, 35.000000 
2625, 3529, 1126, 274, 104.000000, 35.000000 
2626, 3524, 1188, 274, 105.000000, 35.000000 
2627, 3519, 1251, 274, 106.000000, 35.000000 
2628, 3514, 1313, 274, 107.000000, 35.000000 
2629, 3508, 1375, 274, 108.000000, 35.000000 
2630, 3502, 1436, 274, 109.000000, 35.000000 
2631, 3496, 1496, 274, 110.000000, 35.000000 
2632, 3490, 1556, 274, 111.000000, 35.000000 
2633, 3483, 1613, 274, 112.000000, 35.000000 
2634, 3476, 1670, 274, 113.000000, 35.000000 
2635, 3469, 1724, 274, 114.000000, 35.000000 
2636, 3461, 1776, 274, 115.000000, 35.000000 
2637, 3453, 1826, 274, 116.000000, 35.000000 
2638, 3445, 1873, 274, 117.000000, 35.000000 
2639, 3436, 1917, 274, 118.000000, 35.000000 
2640, 3427, 1958, 274, 119.000000, 35.000000 
2641, 3417, 1995, 274, 120.000000, 35.000000 
2642, 3407, 2030, 274, 121.000000, 35.000000 
2643, 3397, 2060, 274, 122.000000, 35.000000 
2644, 3386, 2087, 274, 123.000000, 35.000000 
2645, 3376, 2111, 274, 124.000000, 35.000000 
2646, 3365, 2131, 274, 125.000000, 35.000000 
2647, 3355, 2148, 274, 126.000000, 35.000000 
2648, 3345, 2162, 274, 127.000000, 35.000000 
2649, 3335, 2172, 274, 128.000000, 35.000000 
2650, 3325, 2180, 274, 129.000000, 35.000000 
2651, 3316, 2184, 274, 130.000000, 35.000000 
2652, 3308, 2186, 274, 131.000000, 35.000000 
2653, 3301, 2185, 274, 132.000000, 35.000000 
2654, 3294, 2180, 274, 133.000000, 35.000000 
2655, 3289, 2174, 274, 134.000000, 35.000000 
2656, 3284, 2164, 274, 135.000000, 35.000000 
2657, 3281, 2152, 274, 136.000000, 35.000000 
2658, 3279, 2137, 274, 137.000000, 35.000000 
2659, 3278, 2120, 274, 138.000000, 35.000000 
2660, 3279, 2101, 274, 139.000000, 35.000000 
2661, 3282, 2079, 274, 140.000000, 35.000000 
2662, 3287, 2055, 274, 141.000000, 35.000000 
2663, 3293, 2029, 274, 142.000000, 35.000000 
2664, 3301, 2000, 274, 143.000000, 35.000000 
2665, 3312, 1970, 274, 144.000000, 35.000000 
2666, 3324, 1937, 274, 145.000000, 35.000000 
2667, 3339, 1903, 274, 146.000000, 35.000000 
2668, 3356, 1867, 274, 147.000000, 35.000000 
2669, 3376, 1829, 274, 148.000000, 35.000000 
2670, 3398, 1789, 274, 149.000000, 35.000000 
2671, 3423, 1748, 274, 150.000000, 35.000000 
2672, 3451, 1705, 274, 151.000000, 35.000000 
2673, 3482, 1661, 274, 152.000000, 35.000000 
2674, 3515, 1616, 274, 153.000000, 35.000000 
2675, 3550, 1569, 274, 154.000000, 35.000000 
2676, 293, 1521, 274, 155.000000, 35.000000 
2677, 332, 1473, 274, 156.000000, 35.000000 
2678, 374, 1423, 274, 157.000000, 35.000000 
2679, 416, 1374, 274, 158.000000, 35.000000 
2680, 461, 1323, 274, 159.000000, 35.000000 
2681, 506, 1273, 274, 160.000000, 35.000000 
2682, 552, 1222, 274, 161.000000, 35.000000 
2683, 600, 1172, 274, 162.000000, 35.000000 
2684, 648, 1121, 274, 163.000000, 35.000000 
2685, 696, 1071, 274, 164.000000, 35.000000 
2686, 745, 1021, 274, 165.000000, 35.000000 
2687, 794, 972, 274, 166.000000, 35.000000 
2688, 843, 924, 274, 167.000000, 35.000000 
2689, 892, 876, 274, 168.000000, 35.000000 
2690, 940, 830, 274, 169.000000, 35.000000 
2691, 988, 785, 274, 170.000000, 35.000000 
2692, 1035, 741, 274, 171.000000, 35.000000 
2693, 1081, 698, 274, 172.000000, 35.000000 
2694, 1126, 657, 274, 173.000000, 35.000000 
2695, 1169, 618, 274, 174.000000, 35.000000 
2696, 1212, 580, 274, 175.000000, 35.000000 
2697, 1252, 545, 274, 176.000000, 35.000000 
2698, 1291, 512, 274, 177.000000, 35.000000 
2699, 1328, 481, 274, 178.000000, 35.000000 
2700, 1362, 452, 274, 179.000000, 35.000000 
2701, 1394, 426, 274, 180.000000, 35.000000 
2702, 1424, 403, 274, 181.000000, 35.000000 
2703, 1451, 383, 274, 182.000000, 35.000000 
2704, 1475, 365, 274, 183.000000, 35.000000 
2705, 1497, 349, 274, 184.000000, 35.000000 
2706, 1517, 336, 274, 185.000000, 35.000000 
2707, 1534, 325, 274, 186.000000, 35.000000 
2708, 1550, 316, 274, 187.000000, 35.000000 
2709, 1562, 309, 274, 188.000000, 35.000000 
2710, 1573, 304, 274, 189.000000, 35.000000 
2711, 1581, 300, 274, 190.000000, 35.000000 
2712, 1587, 299, 274, 191.000000, 35.000000 
2713, 1592, 299, 274, 192.000000, 35.000000 
2714, 1594, 300, 274, 193.000000, 35.000000 
2715, 1593, 303, 274, 194.000000, 35.000000 
2716, 1591, 307, 274, 195.000000, 35.000000 
2717, 1587, 312, 274, 196.000000, 35.000000 
2718, 1582, 318, 274, 197.000000, 35.000000 
2719, 1574, 325, 274, 198.000000, 35.000000 
2720, 1564, 333, 274, 199.000000, 35.000000 
2721, 1553, 342, 274, 200.000000, 35.000000 
2722, 1540, 351, 274, 201.000000, 35.000000 
2723, 1525, 361, 274, 202.000000, 35.000000 
2724, 1508, 371, 274, 203.000000, 35.000000 
2725, 1490, 382, 274, 204.000000, 35.000000 
2726, 1470, 392, 274, 205.000000, 35.000000 
2727, 1449, 403, 274, 206.000000, 35.000000 
2728, 1426, 414, 274, 207.000000, 35.000000 
2729, 1401, 424, 274, 208.000000, 35.000000 
2730, 1376, 435, 274, 209.000000, 35.000000 
2731, 1348, 445, 274, 210.000000, 35.000000 
2732, 1320, 454, 274, 211.000000, 35.000000 
2733, 1290, 463, 274, 212.000000, 35.000000 
2734, 1259, 472, 274, 213.000000, 35.000000 
2735, 1227, 481, 274, 214.000000, 35.000000 
2736, 1194, 489, 274, 215.000000, 35.000000 
2737, 1160, 497, 274, 216.000000, 35.000000 
2738, 1126, 504, 274, 217.000000, 35.000000 
2739, 1091, 511, 274, 218.000000, 35.000000 
2740, 1055, 519, 274, 219.000000, 35.000000 
2741, 1019, 525, 274, 220.000000, 35.000000 
2742, 983, 532, 274, 221.000000, 35.000000 
2743, 946, 539, 274, 222.000000, 35.000000 
2744, 909, 546, 274, 223.000000, 35.000000 
2745, 873, 552, 274, 224.000000, 35.000000 
2746, 836, 559, 274, 225.000000, 35.000000 
2747, 800, 565, 274, 226.000000, 35.000000 
2748, 764, 572, 274, 227.000000, 35.000000 
2749, 729, 579, 274, 228.000000, 35.000000 
2750, 694, 585, 274, 229.000000, 35.000000 
2751, 659, 592, 274, 230.000000, 35.000000 
2752, 626, 599, 274, 231.000000, 35.000000 
2753, 593, 607, 274, 232.000000, 35.000000 
2754, 561, 614, 274, 233.000000, 35.000000 
2755, 531, 622, 274, 234.000000, 35.000000 
2756, 501, 630, 274, 235.000000, 35.000000 
2757, 473, 638, 274, 236.000000, 35.000000 
2758, 446, 647, 274, 237.000000, 35.000000 
2759, 421, 656, 274, 238.000000, 35.000000 
2760, 397, 666, 274, 239.000000, 35.000000 
2761, 375, 676, 274, 240.000000, 35.000000 
2762, 355, 686, 274, 241.000000, 35.000000 
2763, 337, 697, 274, 242.000000, 35.000000 
2764, 320, 709, 274, 243.000000, 35.000000 
2765, 305, 720, 274, 244.000000, 35.000000 
2766, 291, 732, 274, 245.000000, 35.000000 
2767, 279, 745, 274, 246.000000, 35.000000 
2768, 3563, 758, 274, 247.000000, 35.000000 
2769, 3553, 771, 274, 248.000000, 35.000000 
2770, 3545, 784, 274, 249.000000, 35.000000 
2771, 3538, 798, 274, 250.000000, 35.000000 
2772, 3532, 812, 274, 251.000000, 35.000000 
2773, 3527, 826, 274, 252.000000, 35.000000 
2774, 3523, 841, 274, 253.000000, 35.000000 
2775, 3520, 855, 274, 254.000000, 35.000000 
2776, 3517, 870, 274, 255.000000, 35.000000 
2777, 3515, 885, 274, 256.000000, 35.000000 
2778, 3515, 900, 274, 257.000000, 35.000000 
2779, 3514, 915, 274, 258.000000, 35.000000 
2780, 3514, 930, 274, 259.000000, 35.000000 
2781, 3515, 945, 274, 260.000000, 35.000000 
2782, 3516, 960, 274, 261.000000, 35.000000 
2783, 3517, 976, 274, 262.000000, 35.000000 
2784, 3519, 991, 274, 263.000000, 35.000000 
2785, 3520, 1006, 274, 264.000000, 35.000000 
2786, 3522, 1021, 274, 265.000000, 35.000000 
2787, 3524, 1036, 274, 266.000000, 35.000000 
2788, 3525, 1051, 274, 267.000000, 35.000000 
2789, 3527, 1065, 274, 268.000000, 35.000000 
2790, 3528, 1080, 274, 269.000000, 35.000000 
2791, 3530, 1094, 274, 270.000000, 35.000000 
2792, 3530, 1108, 274, 271.000000, 35.000000 
2793, 3531, 1122, 274, 272.000000, 35.000000 
2794, 3531, 1136, 274, 273.000000, 35.000000 
2795, 3531, 1149, 274, 274.000000, 35.000000 
2796, 3531, 1163, 274, 275.000000, 35.000000 
2797, 3530, 1175, 274, 276.000000, 35.000000 
2798, 3529, 1188, 274, 277.000000, 35.000000 
2799, 3528, 1200, 274, 278.000000, 35.000000 
2800, 3527, 1212, 274, 279.000000, 35.000000 
2801, 3526, 1224, 274, 280.000000, 35.000000 
2802, 3524, 1235, 274, 281.000000, 35.000000 
2803, 3523, 1246, 274, 282.000000, 35.000000 
2804, 3521, 1256, 274, 283.000000, 35.000000 
2805, 3519, 1266, 274, 284.000000, 35.000000 
2806, 3518, 1276, 274, 285.000000, 35.000000 
2807, 3516, 1285, 274, 286.000000, 35.000000 
2808, 3514, 1294, 274, 287.000000, 35.000000 
2809, 3512, 1302, 274, 288.000000, 35.000000 
2810, 3511, 1310, 274, 289.000000, 35.000000 
2811, 3509, 1317, 274, 290.000000, 35.000000 
2812, 3507, 1324, 274, 291.000000, 35.000000 
2813, 3506, 1330, 274, 292.000000, 35.000000 
2814, 3504, 1336, 274, 293.000000, 35.000000 
2815, 3503, 1341, 274, 294.000000, 35.000000 
2816, 3502, 1345, 274, 295.000000, 35.000000 
2817, 3501, 1349, 274, 296.000000, 35.000000 
2818, 3501, 1353, 274, 297.000000, 35.000000 
2819, 3500, 1355, 274, 298.000000, 35.000000 
2820, 3500, 1357, 274, 299.000000, 35.000000 
2821, 3500, 1359, 274, 300.000000, 35.000000 
2822, 3501, 1360, 274, 301.000000, 35.000000 
2823, 3501, 1360, 274, 302.000000, 35.000000 
2824, 3502, 1359, 274, 303.000000, 35.000000 
2825, 3503, 1358, 274, 304.000000, 35.000000 
2826, 3505, 1357, 274, 305.000000, 35.000000 
2827, 3506, 1356, 274, 306.000000, 35.000000 
2828, 3507, 1354, 274, 307.000000, 35.000000 
2829, 3509, 1352, 274, 308.000000, 35.000000 
2830, 3510, 1349, 274, 309.000000, 35.000000 
2831, 3511, 1347, 274, 310.000000, 35.000000 
2832, 3513, 1345, 274, 311.000000, 35.000000 
2833, 3514, 1342, 274, 312.000000, 35.000000 
2834, 3515, 1340, 274, 313.000000, 35.000000 
2835, 3516, 1338, 274, 314.000000, 35.000000 
2836, 3517, 1336, 274, 315.000000, 35.000000 
2837, 3517, 1334, 274, 316.000000, 35.000000 
2838, 3517, 1333, 274, 317.000000, 35.000000 
2839, 3517, 1332, 274, 318.000000, 35.000000 
2840, 3516, 1332, 274, 319.000000, 35.000000 
2841, 3515, 1332, 274, 320.000000, 35.000000 
2842, 3514, 1333, 274, 321.000000, 35.000000 
2843, 3512, 1334, 274, 322.000000, 35.000000 
2844, 3509, 1337, 274, 323.000000, 35.000000 
2845, 3506, 1340, 274, 324.000000, 35.000000 
2846, 3503, 1343, 274, 325.000000, 35.000000 
2847, 3498, 1348, 274, 326.000000, 35.000000 
2848, 3493, 1354, 274, 327.000000, 35.000000 
2849, 3488, 1361, 274, 328.000000, 35.000000 
2850, 3481, 1369, 274, 329.000000, 35.000000 
2851, 3474, 1378, 274, 330.000000, 35.000000 
2852, 3466, 1388, 274, 331.000000, 35.000000 
2853, 3457, 1400, 274, 332.000000, 35.000000 
2854, 3448, 1413, 274, 333.000000, 35.000000 
2855, 3437, 1428, 274, 334.000000, 35.000000 
2856, 3425, 1444, 274, 335.000000, 35.000000 
2857, 3412, 1462, 274, 336.000000, 35.000000 
2858, 3398, 1481, 274, 337.000000, 35.000000 
2859, 3382, 1503, 274, 338.000000, 35.000000 
2860, 3366, 1526, 274, 339.000000, 35.000000 
2861, 3348, 1551, 274, 340.000000, 35.000000 
2862, 3328, 1578, 274, 341.000000, 35.000000 
2863, 3307, 1608, 274, 342.000000, 35.000000 
2864, 3284, 1640, 274, 343.000000, 35.000000 
2865, 3260, 1674, 274, 344.000000, 35.000000 
2866, 3234, 1710, 274, 345.000000, 35.000000 
2867, 3206, 1749, 274, 346.000000, 35.000000 
2868, 3177, 1790, 274, 347.000000, 35.000000 
2869, 3146, 1834, 274, 348.000000, 35.000000 
2870, 3112, 1881, 274, 349.000000, 35.000000 
2871, 3077, 1931, 274, 350.000000, 35.000000 
2872, 3039, 1983, 274, 351.000000, 35.000000 
2873, 3000, 2039, 274, 352.000000, 35.000000 
2874, 2958, 2097, 274, 353.000000, 35.000000 
2875, 2914, 2159, 274, 354.000000, 35.000000 
2876, 2868, 2224, 274, 355.000000, 35.000000 
2877, 2819, 2292, 274, 356.000000, 35.000000 
2878, 2768, 2364, 274, 357.000000, 35.000000 
2879, 2715, 2439, 274, 358.000000, 35.000000 
2880, 2658, 2517, 274, 359.000000, 35.000000 
2881, 423, 1595, 274, 0.000000, 40.000000 
2882, 317, 1612, 274, 1.000000, 40.000000 
2883, 3510, 1628, 274, 2.000000, 40.000000 
2884, 3414, 1644, 274, 3.000000, 40.000000 
2885, 3322, 1659, 274, 4.000000, 40.000000 
2886, 3235, 1674, 274, 5.000000, 40.000000 
2887, 3152, 1688, 274, 6.000000, 40.000000 
2888, 3073, 1701, 274, 7.000000, 40.000000 
2889, 2999, 1714, 274, 8.000000, 40.000000 
2890, 2928, 1726, 274, 9.000000, 40.000000 
2891, 2862, 1737, 274, 10.000000, 40.000000 
2892, 2799, 1749, 274, 11.000000, 40.000000 
2893, 2740, 1759, 274, 12.000000, 40.000000 
2894, 2685, 1769, 274, 13.000000, 40.000000 
2895, 2633, 1779, 274, 14.000000, 40.000000 
2896, 2584, 1788, 274, 15.000000, 40.000000 
2897, 2539, 1797, 274, 16.000000, 40.000000 
2898, 2497, 1806, 274, 17.000000, 40.000000 
2899, 2458, 1814, 274, 18.000000, 40.000000 
2900, 2422, 1822, 274, 19.000000, 40.000000 
2901, 2388, 1829, 274, 20.000000, 40.000000 
2902, 2357, 1836, 274, 21.000000, 40.000000 
2903, 2329, 1843, 274, 22.000000, 40.000000 
2904, 2303, 1849, 274, 23.000000, 40.000000 
2905, 2280, 1855, 274, 24.000000, 40.000000 
2906, 2259, 1861, 274, 25.000000, 40.000000 
2907, 2239, 1867, 274, 26.000000, 40.000000 
2908, 2222, 1872, 274, 27.000000, 40.000000 
2909, 2207, 1877, 274, 28.000000, 40.000000 
2910, 2193, 1883, 274, 29.000000, 40.000000 
2911, 2181, 1887, 274, 30.000000, 40.000000 
2912, 2170, 1892, 274, 31.000000, 40.000000 
2913, 2161, 1897, 274, 32.000000, 40.000000 
2914, 2153, 1901, 274, 33.000000, 40.000000 
2915, 2147, 1905, 274, 34.000000, 40.000000 
2916, 2142, 1909, 274, 35.000000, 40.000000 
2917, 2137, 1913, 274, 36.000000, 40.000000 
2918, 2134, 1917, 274, 37.000000, 40.000000 
2919, 2132, 1921, 274, 38.000000, 40.000000 
2920, 2130, 1924, 274, 39.000000, 40.000000 
2921, 2130, 1927, 274, 40.000000, 40.000000 
2922, 2130, 1930, 274, 41.000000, 40.000000 
2923, 2130, 1933, 274, 42.000000, 40.000000 
2924, 2132, 1936, 274, 43.000000, 40.000000 
2925, 2133, 1939, 274, 44.000000, 40.000000 
2926, 2135, 1941, 274, 45.000000, 40.000000 
2927, 2137, 1944, 274, 46.000000, 40.000000 
2928, 2140, 1946, 274, 47.000000, 40.000000 
2929, 2143, 1948, 274, 48.000000, 40.000000 
2930, 2145, 1950, 274, 49.000000, 40.000000 
2931, 2148, 1951, 274, 50.000000, 40.000000 
2932, 2150, 1953, 274, 51.000000, 40.000000 
2933, 2153, 1954, 274, 52.000000, 40.000000 
2934, 2155, 1955, 274, 53.000000, 40.000000 
2935, 2156, 1956, 274, 54.000000, 40.000000 
2936, 2158, 1957, 274, 55.000000, 40.000000 
2937, 2158, 1958, 274, 56.000000, 40.000000 
2938, 2158, 1958, 274, 57.000000, 40.000000 
2939, 2158, 1959, 274, 58.000000, 40.000000 
2940, 2156, 1959, 274, 59.000000, 40.000000 
2941, 2154, 1959, 274, 60.000000, 40.000000 
2942, 2151, 1959, 274, 61.000000, 40.000000 
2943, 2147, 1958, 274, 62.000000, 40.000000 
2944, 2142, 1958, 274, 63.000000, 40.000000 
2945, 2136, 1957, 274, 64.000000, 40.000000 
2946, 2130, 1956, 274, 65.000000, 40.000000 
2947, 2123, 1954, 274, 66.000000, 40.000000 
2948, 2115, 1952, 274, 67.000000, 40.000000 
2949, 2106, 1950, 274, 68.000000, 40.000000 
2950, 2097, 1947, 274, 69.000000, 40.000000 
2951, 2088, 1944, 274, 70.000000, 40.000000 
2952, 2077, 1940, 274, 71.000000, 40.000000 
2953, 2067, 1936, 274, 72.000000, 40.000000 
2954, 2055, 1931, 274, 73.000000, 40.000000 
2955, 2044, 1926, 274, 74.000000, 40.000000 
2956, 2032, 1920, 274, 75.000000, 40.000000 
2957, 2019, 1914, 274, 76.000000, 40.000000 
2958, 2006, 1906, 274, 77.000000, 40.000000 
2959, 1994, 1898, 274, 78.000000, 40.000000 
2960, 1980, 1890, 274, 79.000000, 40.000000 
2961, 1967, 1880, 274, 80.000000, 40.000000 
2962, 1953, 1870, 274, 81.000000, 40.000000 
2963, 1940, 1859, 274, 82.000000, 40.000000 
2964, 1926, 1847, 274, 83.000000, 40.000000 
2965, 1912, 1834, 274, 84.000000, 40.000000 
2966, 1899, 1820, 274, 85.000000, 40.000000 
2967, 1885, 1805, 274, 86.000000, 40.000000 
2968, 1871, 1789, 274, 87.000000, 40.000000 
2969, 1858, 1773, 274, 88.000000, 40.000000 
2970, 1844, 1755, 274, 89.000000, 40.000000 
2971, 1831, 1736, 274, 90.000000, 40.000000 
2972, 1818, 1716, 274, 91.000000, 40.000000 
2973, 1806, 1694, 274, 92.000000, 40.000000 
2974, 1793, 1672, 274, 93.000000, 40.000000 
2975, 1781, 1649, 274, 94.000000, 40.000000 
2976, 1769, 1625, 274, 95.000000, 40.000000 
2977, 1757, 1601, 274, 96.000000, 40.000000 
2978, 1746, 1576, 274, 97.000000, 40.000000 
2979, 1734, 1550, 274, 98.000000, 40.000000 
2980, 1723, 1524, 274, 99.000000, 40.000000 
2981, 1713, 1497, 274, 100.000000, 40.000000 
2982, 1702, 1470, 274, 101.000000, 40.000000 
2983, 1691, 1442, 274, 102.000000, 40.000000 
2984, 1681, 1415, 274, 103.000000, 40.000000 
2985, 1671, 1387, 274, 104.000000, 40.000000 
2986, 1661, 1359, 274, 105.000000, 40.000000 
2987, 1652, 1332, 274, 106.000000, 40.000000 
2988, 1642, 1304, 274, 107.000000, 40.000000 
2989, 1633, 1277, 274, 108.000000, 40.000000 
2990, 1624, 1250, 274, 109.000000, 40.000000 
2991, 1615, 1223, 274, 110.000000, 40.000000 
2992, 1607, 1196, 274, 111.000000, 40.000000 
2993, 1598, 1171, 274, 112.000000, 40.000000 
2994, 1590, 1145, 274, 113.000000, 40.000000 
2995, 1582, 1121, 274, 114.000000, 40.000000 
2996, 1574, 1097, 274, 115.000000, 40.000000 
2997, 1566, 1074, 274, 116.000000, 40.000000 
2998, 1559, 1052, 274, 117.000000, 40.000000 
2999, 1551, 1030, 274, 118.000000, 40.000000 
3000, 1544, 1010, 274, 119.000000, 40.000000 
3001, 1537, 991, 274, 120.000000, 40.000000 
3002, 1530, 973, 274, 121.000000, 40.000000 
3003, 1524, 957, 274, 122.000000, 40.000000 
3004, 1517, 941, 274, 123.000000, 40.000000 
3005, 1511, 927, 274, 124.000000, 40.000000 
3006, 1505, 913, 274, 125.000000, 40.000000 
3007, 1498, 901, 274, 126.000000, 40.000000 
3008, 1492, 890, 274, 127.000000, 40.000000 
3009, 1487, 879, 274, 128.000000, 40.000000 
3010, 1481, 870, 274, 129.000000, 40.000000 
3011, 1475, 861, 274, 130.000000, 40.000000 
3012, 1470, 853, 274, 131.000000, 40.000000 
3013, 1464, 846, 274, 132.000000, 40.000000 
3014, 1459, 840, 274, 133.000000, 40.000000 
3015, 1454, 834, 274, 134.000000, 40.000000 
3016, 1449, 829, 274, 135.000000, 40.000000 
3017, 1443, 825, 274, 136.000000, 40.000000 
3018, 1438, 821, 274, 137.000000, 40.000000 
3019, 1434, 818, 274, 138.000000, 40.000000 
3020, 1429, 816, 274, 139.000000, 40.000000 
3021, 1424, 814, 274, 140.000000, 40.000000 
3022, 1419, 812, 274, 141.000000, 40.000000 
3023, 1414, 811, 274, 142.000000, 40.000000 
3024, 1409, 811, 274, 143.000000, 40.000000 
3025, 1405, 810, 274, 144.000000, 40.000000 
3026, 1400, 810, 274, 145.000000, 40.000000 
3027, 1395, 811, 274, 146.000000, 40.000000 
3028, 1391, 811, 274, 147.000000, 40.000000 
3029, 1386, 812, 274, 148.000000, 40.000000 
3030, 1381, 813, 274, 149.000000, 40.000000 
3031, 1376, 814, 274, 150.000000, 40.000000 
3032, 1372, 815, 274, 151.000000, 40.000000 
3033, 1367, 816, 274, 152.000000, 40.000000 
3034, 1362, 818, 274, 153.000000, 40.000000 
3035, 1357, 819, 274, 154.000000, 40.000000 
3036, 1353, 820, 274, 155.000000, 40.000000 
3037, 1348, 822, 274, 156.000000, 40.000000 
3038, 1344, 823, 274, 157.000000, 40.000000 
3039, 1339, 825, 274, 158.000000, 40.000000 
3040, 1335, 826, 274, 159.000000, 40.000000 
3041, 1331, 828, 274, 160.000000, 40.000000 
3042, 1326, 829, 274, 161.000000, 40.000000 
3043, 1322, 831, 274, 162.000000, 40.000000 
3044, 1319, 832, 274, 163.000000, 40.000000 
3045, 1315, 833, 274, 164.000000, 40.000000 
3046, 1312, 834, 274, 165.000000, 40.000000 
3047, 1308, 835, 274, 166.000000, 40.000000 
3048, 1305, 836, 274, 167.000000, 40.000000 
3049, 1303, 837, 274, 168.000000, 40.000000 
3050, 1300, 838, 274, 169.000000, 40.000000 
3051, 1298, 838, 274, 170.000000, 40.000000 
3052, 1296, 839, 274, 171.000000, 40.000000 
3053, 1294, 839, 274, 172.000000, 40.000000 
3054, 1293, 839, 274, 173.000000, 40.000000 
3055, 1292, 838, 274, 174.000000, 40.000000 
3056, 1292, 838, 274, 175.000000, 40.000000 
3057, 1291, 837, 274, 176.000000, 40.000000 
3058, 1292, 836, 274, 177.000000, 40.000000 
3059, 1292, 835, 274, 178.000000, 40.000000 
3060, 1293, 833, 274, 179.000000, 40.000000 
3061, 1294, 831, 274, 180.000000, 40.000000 
3062, 1296, 829, 274, 181.000000, 40.000000 
3063, 1299, 826, 274, 182.000000, 40.000000 
3064, 1301, 824, 274, 183.000000, 40.000000 
3065, 1304, 821, 274, 184.000000, 40.000000 
3066, 1307, 818, 274, 185.000000, 40.000000 
3067, 1311, 815, 274, 186.000000, 40.000000 
3068, 1315, 812, 274, 187.000000, 40.000000 
3069, 1319, 809, 274, 188.000000, 40.000000 
3070, 1323, 807, 274, 189.000000, 40.000000 
3071, 1328, 805, 274, 190.000000, 40.000000 
3072, 1332, 802, 274, 191.000000, 40.000000 
3073, 1337, 801, 274, 192.000000, 40.000000 
3074, 1341, 799, 274, 193.000000, 40.000000 
3075, 1346, 799, 274, 194.000000, 40.000000 
3076, 1351, 798, 274, 195.000000, 40.000000 
3077, 1355, 798, 274, 196.000000, 40.000000 
3078, 1360, 799, 274, 197.000000, 40.000000 
3079, 1364, 801, 274, 198.000000, 40.000000 
3080, 1369, 803, 274, 199.000000, 40.000000 
3081, 1373, 807, 274, 200.000000, 40.000000 
3082, 1377, 811, 274, 201.000000, 40.000000 
3083, 1381, 816, 274, 202.000000, 40.000000 
3084, 1384, 822, 274, 203.000000, 40.000000 
3085, 1387, 829, 274, 204.000000, 40.000000 
3086, 1390, 837, 274, 205.000000, 40.000000 
3087, 1393, 846, 274, 206.000000, 40.000000 
3088, 1395, 857, 274, 207.000000, 40.000000 
3089, 1397, 869, 274, 208.000000, 40.000000 
3090, 1398, 882, 274, 209.000000, 40.000000 
3091, 1399, 897, 274, 210.000000, 40.000000 
3092, 1399, 913, 274, 211.000000, 40.000000 
3093, 1399, 931, 274, 212.000000, 40.000000 
3094, 1398, 950, 274, 213.000000, 40.000000 
3095, 1397, 970, 274, 214.000000, 40.000000 
3096, 1396, 992, 274, 215.000000, 40.000000 
3097, 1394, 1014, 274, 216.000000, 40.000000 
3098, 1392, 1038, 274, 217.000000, 40.000000 
3099, 1389, 1062, 274, 218.000000, 40.000000 
3100, 1387, 1088, 274, 219.000000, 40.000000 
3101, 1384, 1114, 274, 220.000000, 40.000000 
3102, 1381, 1141, 274, 221.000000, 40.000000 
3103, 1377, 1169, 274, 222.000000, 40.000000 
3104, 1374, 1197, 274, 223.000000, 40.000000 
3105, 1371, 1226, 274, 224.000000, 40.000000 
3106, 1368, 1256, 274, 225.000000, 40.000000 
3107, 1364, 1285, 274, 226.000000, 40.000000 
3108, 1361, 1316, 274, 227.000000, 40.000000 
3109, 1358, 1346, 274, 228.000000, 40.000000 
3110, 1354, 1377, 274, 229.000000, 40.000000 
3111, 1351, 1407, 274, 230.000000, 40.000000 
3112, 1349, 1438, 274, 231.000000, 40.000000 
3113, 1346, 1469, 274, 232.000000, 40.000000 
3114, 1344, 1499, 274, 233.000000, 40.000000 
3115, 1341, 1529, 274, 234.000000, 40.000000 
3116, 1340, 1560, 274, 235.000000, 40.000000 
3117, 1338, 1589, 274, 236.000000, 40.000000 
3118, 1337, 1619, 274, 237.000000, 40.000000 
3119, 1337, 1648, 274, 238.000000, 40.000000 
3120, 1336, 1676, 274, 239.000000, 40.000000 
3121, 1337, 1704, 274, 240.000000, 40.000000 
3122, 1337, 1731, 274, 241.000000, 40.000000 
3123, 1339, 1757, 274, 242.000000, 40.000000 
3124, 1341, 1783, 274, 243.000000, 40.000000 
3125, 1343, 1808, 274, 244.000000, 40.000000 
3126, 1345, 1832, 274, 245.000000, 40.000000 
3127, 1349, 1855, 274, 246.000000, 40.000000 
3128, 1352, 1878, 274, 247.000000, 40.000000 
3129, 1356, 1899, 274, 248.000000, 40.000000 
3130, 1360, 1920, 274, 249.000000, 40.000000 
3131, 1364, 1940, 274, 250.000000, 40.000000 
3132, 1369, 1960, 274, 251.000000, 40.000000 
3133, 1374, 1978, 274, 252.000000, 40.000000 
3134, 1379, 1995, 274, 253.000000, 40.000000 
3135, 1385, 2012, 274, 254.000000, 40.000000 
3136, 1391, 2028, 274, 255.000000, 40.000000 
3137, 1397, 2042, 274, 256.000000, 40.000000 
3138, 1403, 2056, 274, 257.000000, 40.000000 
3139, 1409, 2069, 274, 258.000000, 40.000000 
3140, 1415, 2081, 274, 259.000000, 40.000000 
3141, 1421, 2091, 274, 260.000000, 40.000000 
3142, 1428, 2101, 274, 261.000000, 40.000000 
3143, 1434, 2110, 274, 262.000000, 40.000000 
3144, 1440, 2117, 274, 263.000000, 40.000000 
3145, 1447, 2124, 274, 264.000000, 40.000000 
3146, 1453, 2129, 274, 265.000000, 40.000000 
3147, 1460, 2134, 274, 266.000000, 40.000000 
3148, 1466, 2137, 274, 267.000000, 40.000000 
3149, 1472, 2139, 274, 268.000000, 40.000000 
3150, 1478, 2140, 274, 269.000000, 40.000000 
3151, 1484, 2140, 274, 270.000000, 40.000000 
3152, 1489, 2138, 274, 271.000000, 40.000000 
3153, 1495, 2136, 274, 272.000000, 40.000000 
3154, 1500, 2132, 274, 273.000000, 40.000000 
3155, 1505, 2128, 274, 274.000000, 40.000000 
3156, 1510, 2122, 274, 275.000000, 40.000000 
3157, 1514, 2116, 274, 276.000000, 40.000000 
3158, 1518, 2108, 274, 277.000000, 40.000000 
3159, 1522, 2100, 274, 278.000000, 40.000000 
3160, 1525, 2092, 274, 279.000000, 40.000000 
3161, 1528, 2082, 274, 280.000000, 40.000000 
3162, 1531, 2072, 274, 281.000000, 40.000000 
3163, 1533, 2062, 274, 282.000000, 40.000000 
3164, 1534, 2051, 274, 283.000000, 40.000000 
3165, 1535, 2040, 274, 284.000000, 40.000000 
3166, 1535, 2029, 274, 285.000000, 40.000000 
3167, 1535, 2017, 274, 286.000000, 40.000000 
3168, 1534, 2005, 274, 287.000000, 40.000000 
3169, 1533, 1993, 274, 288.000000, 40.000000 
3170, 1531, 1981, 274, 289.000000, 40.000000 
3171, 1528, 1969, 274, 290.000000, 40.000000 
3172, 1524, 1957, 274, 291.000000, 40.000000 
3173, 1520, 1945, 274, 292.000000, 40.000000 
3174, 1515, 1933, 274, 293.000000, 40.000000 
3175, 1509, 1922, 274, 294.000000, 40.000000 
3176, 1502, 1911, 274, 295.000000, 40.000000 
3177, 1495, 1900, 274, 296.000000, 40.000000 
3178, 1486, 1890, 274, 297.000000, 40.000000 
3179, 1477, 1880, 274, 298.000000, 40.000000 
3180, 1466, 1871, 274, 299.000000, 40.000000 
3181, 1455, 1862, 274, 300.000000, 40.000000 
3182, 1443, 1854, 274, 301.000000, 40.000000 
3183, 1430, 1847, 274, 302.000000, 40.000000 
3184, 1415, 1840, 274, 303.000000, 40.000000 
3185, 1400, 1834, 274, 304.000000, 40.000000 
3186, 1384, 1828, 274, 305.000000, 40.000000 
3187, 1368, 1823, 274, 306.000000, 40.000000 
3188, 1350, 1818, 274, 307.000000, 40.000000 
3189, 1332, 1814, 274, 308.000000, 40.000000 
3190, 1313, 1809, 274, 309.000000, 40.000000 
3191, 1294, 1805, 274, 310.000000, 40.000000 
3192, 1274, 1801, 274, 311.000000, 40.000000 
3193, 1253, 1797, 274, 312.000000, 40.000000 
3194, 1232, 1793, 274, 313.000000, 40.000000 
3195, 1210, 1789, 274, 314.000000, 40.000000 
3196, 1188, 1785, 274, 315.000000, 40.000000 
3197, 1165, 1781, 274, 316.000000, 40.000000 
3198, 1142, 1776, 274, 317.000000, 40.000000 
3199, 1119, 1772, 274, 318.000000, 40.000000 
3200, 1095, 1767, 274, 319.000000, 40.000000 
3201, 1071, 1761, 274, 320.000000, 40.000000 
3202, 1047, 1755, 274, 321.000000, 40.000000 
3203, 1023, 1749, 274, 322.000000, 40.000000 
3204, 999, 1742, 274, 323.000000, 40.000000 
3205, 974, 1735, 274, 324.000000, 40.000000 
3206, 950, 1726, 274, 325.000000, 40.000000 
3207, 925, 1717, 274, 326.000000, 40.000000 
3208, 900, 1708, 274, 327.000000, 40.000000 
3209, 876, 1697, 274, 328.000000, 40.000000 
3210, 851, 1686, 274, 329.000000, 40.000000 
3211, 827, 1674, 274, 330.000000, 40.000000 
3212, 803, 1660, 274, 331.000000, 40.000000 
3213, 779, 1646, 274, 332.000000, 40.000000 
3214, 755, 1630, 274, 333.000000, 40.000000 
3215, 732, 1613, 274, 334.000000, 40.000000 
3216, 709, 1595, 274, 335.000000, 40.000000 
3217, 686, 1575, 274, 336.000000, 40.000000 
3218, 664, 1554, 274, 337.000000, 40.000000 
3219, 643, 1531, 274, 338.000000, 40.000000 
3220, 622, 1507, 274, 339.000000, 40.000000 
3221, 602, 1480, 274, 340.000000, 40.000000 
3222, 582, 1452, 274, 341.000000, 40.000000 
3223, 564, 1421, 274, 342.000000, 40.000000 
3224, 546, 1389, 274, 343.000000, 40.000000 
3225, 529, 1354, 274, 344.000000, 40.000000 
3226, 513, 1317, 274, 345.000000, 40.000000 
3227, 498, 1277, 274, 346.000000, 40.000000 
3228, 484, 1236, 274, 347.000000, 40.000000 
3229, 471, 1191, 274, 348.000000, 40.000000 
3230, 459, 1144, 274, 349.000000, 40.000000 
3231, 449, 1094, 274, 350.000000, 40.000000 
3232, 439, 1041, 274, 351.000000, 40.000000 
3233, 431, 985, 274, 352.000000, 40.000000 
3234, 425, 927, 274, 353.000000, 40.000000 
3235, 420, 865, 274, 354.000000, 40.000000 
3236, 416, 800, 274, 355.000000, 40.000000 
3237, 414, 731, 274, 356.000000, 40.000000 
3238, 414, 659, 274, 357.000000, 40.000000 
3239, 415, 584, 274, 358.000000, 40.000000 
3240, 418, 505, 274, 359.000000, 40.000000 
3241, 2155, 1722, 274, 0.000000, 45.000000 
3242, 2148, 1723, 274, 1.000000, 45.000000 
3243, 2141, 1724, 274, 2.000000, 45.000000 
3244, 2134, 1725, 274, 3.000000, 45.000000 
3245, 2128, 1726, 274, 4.000000, 45.000000 
3246, 2122, 1728, 274, 5.000000, 45.000000 
3247, 2117, 1729, 274, 6.000000, 45.000000 
3248, 2112, 1730, 274, 7.000000, 45.000000 
3249, 2107, 1732, 274, 8.000000, 45.000000 
3250, 2103, 1733, 274, 9.000000, 45.000000 
3251, 2099, 1735, 274, 10.000000, 45.000000 
3252, 2096, 1737, 274, 11.000000, 45.000000 
3253, 2092, 1738, 274, 12.000000, 45.000000 
3254, 2090, 1740, 274, 13.000000, 45.000000 
3255, 2087, 1743, 274, 14.000000, 45.000000 
3256, 2085, 1745, 274, 15.000000, 45.000000 
3257, 2083, 1747, 274, 16.000000, 45.000000 
3258, 2082, 1750, 274, 17.000000, 45.000000 
3259, 2080, 1753, 274, 18.000000, 45.000000 
3260, 2080, 1756, 274, 19.000000, 45.000000 
3261, 2079, 1759, 274, 20.000000, 45.000000 
3262, 2079, 1762, 274, 21.000000, 45.000000 
3263, 2079, 1765, 274, 22.000000, 45.000000 
3264, 2079, 1769, 274, 23.000000, 45.000000 
3265, 2079, 1773, 274, 24.000000, 45.000000 
3266, 2080, 1777, 274, 25.000000, 45.000000 
3267, 2081, 1781, 274, 26.000000, 45.000000 
3268, 2082, 1786, 274, 27.000000, 45.000000 
3269, 2084, 1790, 274, 28.000000, 45.000000 
3270, 2086, 1795, 274, 29.000000, 45.000000 
3271, 2088, 1801, 274, 30.000000, 45.000000 
3272, 2090, 1806, 274, 31.000000, 45.000000 
3273, 2092, 1812, 274, 32.000000, 45.000000 
3274, 2095, 1818, 274, 33.000000, 45.000000 
3275, 2097, 1824, 274, 34.000000, 45.000000 
3276, 2100, 1830, 274, 35.000000, 45.000000 
3277, 2104, 1837, 274, 36.000000, 45.000000 
3278, 2107, 1844, 274, 37.000000, 45.000000 
3279, 2110, 1851, 274, 38.000000, 45.000000 
3280, 2114, 1858, 274, 39.000000, 45.000000 
3281, 2118, 1865, 274, 40.000000, 45.000000 
3282, 2121, 1873, 274, 41.000000, 45.000000 
3283, 2125, 1881, 274, 42.000000, 45.000000 
3284, 2129, 1889, 274, 43.000000, 45.000000 
3285, 2134, 1897, 274, 44.000000, 45.000000 
3286, 2138, 1905, 274, 45.000000, 45.000000 
3287, 2142, 1914, 274, 46.000000, 45.000000 
3288, 2147, 1923, 274, 47.000000, 45.000000 
3289, 2151, 1931, 274, 48.000000, 45.000000 
3290, 2156, 1940, 274, 49.000000, 45.000000 
3291, 2160, 1949, 274, 50.000000, 45.000000 
3292, 2165, 1959, 274, 51.000000, 45.000000 
3293, 2170, 1968, 274, 52.000000, 45.000000 
3294, 2174, 1977, 274, 53.000000, 45.000000 
3295, 2179, 1987, 274, 54.000000, 45.000000 
3296, 2184, 1997, 274, 55.000000, 45.000000 
3297, 2189, 2006, 274, 56.000000, 45.000000 
3298, 2194, 2016, 274, 57.000000, 45.000000 
3299, 2198, 2026, 274, 58.000000, 45.000000 
3300, 2203, 2036, 274, 59.000000, 45.000000 
3301, 2208, 2046, 274, 60.000000, 45.000000 
3302, 2212, 2057, 274, 61.000000, 45.000000 
3303, 2217, 2067, 274, 62.000000, 45.000000 
3304, 2222, 2077, 274, 63.000000, 45.000000 
3305, 2226, 2087, 274, 64.000000, 45.000000 
3306, 2231, 2097, 274, 65.000000, 45.000000 
3307, 2235, 2108, 274, 66.000000, 45.000000 
3308, 2239, 2118, 274, 67.000000, 45.000000 
3309, 2243, 2127, 274, 68.000000, 45.000000 
3310, 2248, 2137, 274, 69.000000, 45.000000 
3311, 2252, 2147, 274, 70.000000, 45.000000 
3312, 2256, 2156, 274, 71.000000, 45.000000 
3313, 2260, 2165, 274, 72.000000, 45.000000 
3314, 2263, 2174, 274, 73.000000, 45.000000 
3315, 2267, 2183, 274, 74.000000, 45.000000 
3316, 2271, 2191, 274, 75.000000, 45.000000 
3317, 2274, 2199, 274, 76.000000, 45.000000 
3318, 2278, 2206, 274, 77.000000, 45.000000 
3319, 2281, 2213, 274, 78.000000, 45.000000 
3320, 2284, 2220, 274, 79.000000, 45.000000 
3321, 2287, 2226, 274, 80.000000, 45.000000 
3322, 2290, 2232, 274, 81.000000, 45.000000 
3323, 2292, 2237, 274, 82.000000, 45.000000 
3324, 2295, 2242, 274, 83.000000, 45.000000 
3325, 2297, 2246, 274, 84.000000, 45.000000 
3326, 2299, 2250, 274, 85.000000, 45.000000 
3327, 2302, 2253, 274, 86.000000, 45.000000 
3328, 2303, 2255, 274, 87.000000, 45.000000 
3329, 2305, 2257, 274, 88.000000, 45.000000 
3330, 2307, 2258, 274, 89.000000, 45.000000 
3331, 2308, 2258, 274, 90.000000, 45.000000 
3332, 2309, 2257, 274, 91.000000, 45.000000 
3333, 2310, 2256, 274, 92.000000, 45.000000 
3334, 2311, 2254, 274, 93.000000, 45.000000 
3335, 2312, 2252, 274, 94.000000, 45.000000 
3336, 2312, 2248, 274, 95.000000, 45.000000 
3337, 2312, 2245, 274, 96.000000, 45.000000 
3338, 2312, 2241, 274, 97.000000, 45.000000 
3339, 2312, 2236, 274, 98.000000, 45.000000 
3340, 2312, 2231, 274, 99.000000, 45.000000 
3341, 2311, 2226, 274, 100.000000, 45.000000 
3342, 2311, 2221, 274, 101.000000, 45.000000 
3343, 2310, 2215, 274, 102.000000, 45.000000 
3344, 2309, 2209, 274, 103.000000, 45.000000 
3345, 2308, 2203, 274, 104.000000, 45.000000 
3346, 2307, 2197, 274, 105.000000, 45.000000 
3347, 2305, 2191, 274, 106.000000, 45.000000 
3348, 2304, 2185, 274, 107.000000, 45.000000 
3349, 2302, 2179, 274, 108.000000, 45.000000 
3350, 2300, 2173, 274, 109.000000, 45.000000 
3351, 2298, 2167, 274, 110.000000, 45.000000 
3352, 2296, 2161, 274, 111.000000, 45.000000 
3353, 2294, 2156, 274, 112.000000, 45.000000 
3354, 2292, 2151, 274, 113.000000, 45.000000 
3355, 2289, 2146, 274, 114.000000, 45.000000 
3356, 2286, 2142, 274, 115.000000, 45.000000 
3357, 2284, 2138, 274, 116.000000, 45.000000 
3358, 2281, 2135, 274, 117.000000, 45.000000 
3359, 2278, 2132, 274, 118.000000, 45.000000 
3360, 2275, 2130, 274, 119.000000, 45.000000 
3361, 2271, 2128, 274, 120.000000, 45.000000 
3362, 2268, 2127, 274, 121.000000, 45.000000 
3363, 2264, 2127, 274, 122.000000, 45.000000 
3364, 2261, 2127, 274, 123.000000, 45.000000 
3365, 2257, 2128, 274, 124.000000, 45.000000 
3366, 2253, 2129, 274, 125.000000, 45.000000 
3367, 2248, 2131, 274, 126.000000, 45.000000 
3368, 2244, 2133, 274, 127.000000, 45.000000 
3369, 2239, 2135, 274, 128.000000, 45.000000 
3370, 2233, 2137, 274, 129.000000, 45.000000 
3371, 2228, 2140, 274, 130.000000, 45.000000 
3372, 2222, 2142, 274, 131.000000, 45.000000 
3373, 2215, 2144, 274, 132.000000, 45.000000 
3374, 2209, 2147, 274, 133.000000, 45.000000 
3375, 2201, 2149, 274, 134.000000, 45.000000 
3376, 2194, 2151, 274, 135.000000, 45.000000 
3377, 2185, 2152, 274, 136.000000, 45.000000 
3378, 2177, 2154, 274, 137.000000, 45.000000 
3379, 2167, 2155, 274, 138.000000, 45.000000 
3380, 2157, 2155, 274, 139.000000, 45.000000 
3381, 2147, 2155, 274, 140.000000, 45.000000 
3382, 2136, 2154, 274, 141.000000, 45.000000 
3383, 2124, 2153, 274, 142.000000, 45.000000 
3384, 2111, 2151, 274, 143.000000, 45.000000 
3385, 2098, 2148, 274, 144.000000, 45.000000 
3386, 2084, 2144, 274, 145.000000, 45.000000 
3387, 2070, 2139, 274, 146.000000, 45.000000 
3388, 2054, 2133, 274, 147.000000, 45.000000 
3389, 2038, 2126, 274, 148.000000, 45.000000 
3390, 2021, 2119, 274, 149.000000, 45.000000 
3391, 2003, 2109, 274, 150.000000, 45.000000 
3392, 1984, 2099, 274, 151.000000, 45.000000 
3393, 1964, 2087, 274, 152.000000, 45.000000 
3394, 1944, 2075, 274, 153.000000, 45.000000 
3395, 1923, 2061, 274, 154.000000, 45.000000 
3396, 1901, 2045, 274, 155.000000, 45.000000 
3397, 1879, 2029, 274, 156.000000, 45.000000 
3398, 1857, 2011, 274, 157.000000, 45.000000 
3399, 1834, 1992, 274, 158.000000, 45.000000 
3400, 1811, 1973, 274, 159.000000, 45.000000 
3401, 1788, 1951, 274, 160.000000, 45.000000 
3402, 1765, 1929, 274, 161.000000, 45.000000 
3403, 1742, 1906, 274, 162.000000, 45.000000 
3404, 1719, 1882, 274, 163.000000, 45.000000 
3405, 1696, 1856, 274, 164.000000, 45.000000 
3406, 1674, 1829, 274, 165.000000, 45.000000 
3407, 1652, 1802, 274, 166.000000, 45.000000 
3408, 1631, 1773, 274, 167.000000, 45.000000 
3409, 1610, 1743, 274, 168.000000, 45.000000 
3410, 1590, 1713, 274, 169.000000, 45.000000 
3411, 1570, 1681, 274, 170.000000, 45.000000 
3412, 1552, 1648, 274, 171.000000, 45.000000 
3413, 1534, 1614, 274, 172.000000, 45.000000 
3414, 1517, 1579, 274, 173.000000, 45.000000 
3415, 1502, 1544, 274, 174.000000, 45.000000 
3416, 1487, 1507, 274, 175.000000, 45.000000 
3417, 1474, 1469, 274, 176.000000, 45.000000 
3418, 1463, 1431, 274, 177.000000, 45.000000 
3419, 1452, 1391, 274, 178.000000, 45.000000 
3420, 1443, 1351, 274, 179.000000, 45.000000 
3421, 1436, 1310, 274, 180.000000, 45.000000 
3422, 1431, 1268, 274, 181.000000, 45.000000 
3423, 1427, 1225, 274, 182.000000, 45.000000 
3424, 1424, 1182, 274, 183.000000, 45.000000 
3425, 1423, 1138, 274, 184.000000, 45.000000 
3426, 1424, 1095, 274, 185.000000, 45.000000 
3427, 1426, 1051, 274, 186.000000, 45.000000 
3428, 1429, 1008, 274, 187.000000, 45.000000 
3429, 1433, 966, 274, 188.000000, 45.000000 
3430, 1438, 924, 274, 189.000000, 45.000000 
3431, 1445, 883, 274, 190.000000, 45.000000 
3432, 1452, 844, 274, 191.000000, 45.000000 
3433, 1460, 806, 274, 192.000000, 45.000000 
3434, 1469, 770, 274, 193.000000, 45.000000 
3435, 1479, 735, 274, 194.000000, 45.000000 
3436, 1489, 702, 274, 195.000000, 45.000000 
3437, 1500, 672, 274, 196.000000, 45.000000 
3438, 1511, 644, 274, 197.000000, 45.000000 
3439, 1523, 619, 274, 198.000000, 45.000000 
3440, 1535, 597, 274, 199.000000, 45.000000 
3441, 1547, 577, 274, 200.000000, 45.000000 
3442, 1560, 561, 274, 201.000000, 45.000000 
3443, 1573, 549, 274, 202.000000, 45.000000 
3444, 1585, 540, 274, 203.000000, 45.000000 
3445, 1598, 535, 274, 204.000000, 45.000000 
3446, 1610, 534, 274, 205.000000, 45.000000 
3447, 1622, 538, 274, 206.000000, 45.000000 
3448, 1634, 546, 274, 207.000000, 45.000000 
3449, 1646, 559, 274, 208.000000, 45.000000 
3450, 1657, 577, 274, 209.000000, 45.000000 
3451, 1668, 600, 274, 210.000000, 45.000000 
3452, 1678, 628, 274, 211.000000, 45.000000 
3453, 1688, 661, 274, 212.000000, 45.000000 
3454, 1697, 699, 274, 213.000000, 45.000000 
3455, 1705, 741, 274, 214.000000, 45.000000 
3456, 1713, 787, 274, 215.000000, 45.000000 
3457, 1721, 837, 274, 216.000000, 45.000000 
3458, 1728, 890, 274, 217.000000, 45.000000 
3459, 1734, 946, 274, 218.000000, 45.000000 
3460, 1740, 1004, 274, 219.000000, 45.000000 
3461, 1746, 1065, 274, 220.000000, 45.000000 
3462, 1751, 1127, 274, 221.000000, 45.000000 
3463, 1755, 1191, 274, 222.000000, 45.000000 
3464, 1760, 1257, 274, 223.000000, 45.000000 
3465, 1763, 1323, 274, 224.000000, 45.000000 
3466, 1767, 1389, 274, 225.000000, 45.000000 
3467, 1770, 1456, 274, 226.000000, 45.000000 
3468, 1772, 1522, 274, 227.000000, 45.000000 
3469, 1775, 1588, 274, 228.000000, 45.000000 
3470, 1777, 1653, 274, 229.000000, 45.000000 
3471, 1778, 1717, 274, 230.000000, 45.000000 
3472, 1779, 1778, 274, 231.000000, 45.000000 
3473, 1780, 1838, 274, 232.000000, 45.000000 
3474, 1781, 1896, 274, 233.000000, 45.000000 
3475, 1781, 1951, 274, 234.000000, 45.000000 
3476, 1781, 2003, 274, 235.000000, 45.000000 
3477, 1781, 2052, 274, 236.000000, 45.000000 
3478, 1781, 2096, 274, 237.000000, 45.000000 
3479, 1780, 2137, 274, 238.000000, 45.000000 
3480, 1779, 2174, 274, 239.000000, 45.000000 
3481, 1778, 2205, 274, 240.000000, 45.000000 
3482, 1776, 2232, 274, 241.000000, 45.000000 
3483, 1775, 2253, 274, 242.000000, 45.000000 
3484, 1773, 2270, 274, 243.000000, 45.000000 
3485, 1771, 2283, 274, 244.000000, 45.000000 
3486, 1769, 2291, 274, 245.000000, 45.000000 
3487, 1767, 2296, 274, 246.000000, 45.000000 
3488, 1765, 2297, 274, 247.000000, 45.000000 
3489, 1762, 2294, 274, 248.000000, 45.000000 
3490, 1759, 2288, 274, 249.000000, 45.000000 
3491, 1757, 2279, 274, 250.000000, 45.000000 
3492, 1754, 2268, 274, 251.000000, 45.000000 
3493, 1751, 2254, 274, 252.000000, 45.000000 
3494, 1748, 2237, 274, 253.000000, 45.000000 
3495, 1744, 2219, 274, 254.000000, 45.000000 
3496, 1741, 2199, 274, 255.000000, 45.000000 
3497, 1738, 2177, 274, 256.000000, 45.000000 
3498, 1734, 2154, 274, 257.000000, 45.000000 
3499, 1731, 2130, 274, 258.000000, 45.000000 
3500, 1728, 2106, 274, 259.000000, 45.000000 
3501, 1724, 2080, 274, 260.000000, 45.000000 
3502, 1721, 2055, 274, 261.000000, 45.000000 
3503, 1717, 2029, 274, 262.000000, 45.000000 
3504, 1713, 2003, 274, 263.000000, 45.000000 
3505, 1710, 1978, 274, 264.000000, 45.000000 
3506, 1706, 1953, 274, 265.000000, 45.000000 
3507, 1703, 1929, 274, 266.000000, 45.000000 
3508, 1699, 1907, 274, 267.000000, 45.000000 
3509, 1696, 1885, 274, 268.000000, 45.000000 
3510, 1692, 1866, 274, 269.000000, 45.000000 
3511, 1689, 1848, 274, 270.000000, 45.000000 
3512, 1686, 1832, 274, 271.000000, 45.000000 
3513, 1682, 1818, 274, 272.000000, 45.000000 
3514, 1679, 1806, 274, 273.000000, 45.000000 
3515, 1676, 1795, 274, 274.000000, 45.000000 
3516, 1673, 1787, 274, 275.000000, 45.000000 
3517, 1669, 1780, 274, 276.000000, 45.000000 
3518, 1666, 1775, 274, 277.000000, 45.000000 
3519, 1662, 1771, 274, 278.000000, 45.000000 
3520, 1658, 1769, 274, 279.000000, 45.000000 
3521, 1655, 1768, 274, 280.000000, 45.000000 
3522, 1651, 1768, 274, 281.000000, 45.000000 
3523, 1646, 1769, 274, 282.000000, 45.000000 
3524, 1642, 1772, 274, 283.000000, 45.000000 
3525, 1637, 1776, 274, 284.000000, 45.000000 
3526, 1632, 1780, 274, 285.000000, 45.000000 
3527, 1627, 1785, 274, 286.000000, 45.000000 
3528, 1621, 1792, 274, 287.000000, 45.000000 
3529, 1615, 1798, 274, 288.000000, 45.000000 
3530, 1609, 1806, 274, 289.000000, 45.000000 
3531, 1602, 1814, 274, 290.000000, 45.000000 
3532, 1595, 1823, 274, 291.000000, 45.000000 
3533, 1588, 1832, 274, 292.000000, 45.000000 
3534, 1580, 1841, 274, 293.000000, 45.000000 
3535, 1571, 1850, 274, 294.000000, 45.000000 
3536, 1562, 1860, 274, 295.000000, 45.000000 
3537, 1553, 1869, 274, 296.000000, 45.000000 
3538, 1542, 1879, 274, 297.000000, 45.000000 
3539, 1532, 1889, 274, 298.000000, 45.000000 
3540, 1520, 1898, 274, 299.000000, 45.000000 
3541, 1508, 1907, 274, 300.000000, 45.000000 
3542, 1496, 1916, 274, 301.000000, 45.000000 
3543, 1483, 1925, 274, 302.000000, 45.000000 
3544, 1469, 1933, 274, 303.000000, 45.000000 
3545, 1455, 1941, 274, 304.000000, 45.000000 
3546, 1440, 1948, 274, 305.000000, 45.000000 
3547, 1425, 1956, 274, 306.000000, 45.000000 
3548, 1410, 1963, 274, 307.000000, 45.000000 
3549, 1395, 1969, 274, 308.000000, 45.000000 
3550, 1379, 1975, 274, 309.000000, 45.000000 
3551, 1364, 1981, 274, 310.000000, 45.000000 
3552, 1348, 1987, 274, 311.000000, 45.000000 
3553, 1333, 1992, 274, 312.000000, 45.000000 
3554, 1318, 1997, 274, 313.000000, 45.000000 
3555, 1303, 2002, 274, 314.000000, 45.000000 
3556, 1288, 2006, 274, 315.000000, 45.000000 
3557, 1274, 2011, 274, 316.000000, 45.000000 
3558, 1260, 2014, 274, 317.000000, 45.000000 
3559, 1247, 2018, 274, 318.000000, 45.000000 
3560, 1234, 2021, 274, 319.000000, 45.000000 
3561, 1222, 2024, 274, 320.000000, 45.000000 
3562, 1210, 2026, 274, 321.000000, 45.000000 
3563, 1199, 2028, 274, 322.000000, 45.000000 
3564, 1189, 2030, 274, 323.000000, 45.000000 
3565, 1180, 2032, 274, 324.000000, 45.000000 
3566, 1172, 2033, 274, 325.000000, 45.000000 
3567, 1166, 2034, 274, 326.000000, 45.000000 
3568, 1160, 2035, 274, 327.000000, 45.000000 
3569, 1155, 2035, 274, 328.000000, 45.000000 
3570, 1152, 2035, 274, 329.000000, 45.000000 
3571, 1150, 2035, 274, 330.000000, 45.000000 
3572, 1149, 2034, 274, 331.000000, 45.000000 
3573, 1150, 2034, 274, 332.000000, 45.000000 
3574, 1152, 2033, 274, 333.000000, 45.000000 
3575, 1156, 2032, 274, 334.000000, 45.000000 
3576, 1162, 2030, 274, 335.000000, 45.000000 
3577, 1169, 2029, 274, 336.000000, 45.000000 
3578, 1179, 2028, 274, 337.000000, 45.000000 
3579, 1191, 2027, 274, 338.000000, 45.000000 
3580, 1204, 2026, 274, 339.000000, 45.000000 
3581, 1220, 2026, 274, 340.000000, 45.000000 
3582, 1239, 2025, 274, 341.000000, 45.000000 
3583, 1259, 2026, 274, 342.000000, 45.000000 
3584, 1283, 2026, 274, 343.000000, 45.000000 
3585, 1309, 2027, 274, 344.000000, 45.000000 
3586, 1337, 2028, 274, 345.000000, 45.000000 
3587, 1369, 2031, 274, 346.000000, 45.000000 
3588, 1403, 2033, 274, 347.000000, 45.000000 
3589, 1440, 2037, 274, 348.000000, 45.000000 
3590, 1481, 2041, 274, 349.000000, 45.000000 
3591, 1524, 2046, 274, 350.000000, 45.000000 
3592, 1571, 2052, 274, 351.000000, 45.000000 
3593, 1621, 2059, 274, 352.000000, 45.000000 
3594, 1675, 2067, 274, 353.000000, 45.000000 
3595, 1732, 2076, 274, 354.000000, 45.000000 
3596, 1793, 2086, 274, 355.000000, 45.000000 
3597, 1858, 2097, 274, 356.000000, 45.000000 
3598, 1926, 2110, 274, 357.000000, 45.000000 
3599, 1998, 2124, 274, 358.000000, 45.000000 
3600, 2075, 2139, 274, 359.000000, 45.000000 
3601, 1524, 910, 274, 0.000000, 50.000000 
3602, 1498, 884, 274, 1.000000, 50.000000 
3603, 1474, 860, 274, 2.000000, 50.000000 
3604, 1451, 839, 274, 3.000000, 50.000000 
3605, 1429, 821, 274, 4.000000, 50.000000 
3606, 1407, 804, 274, 5.000000, 50.000000 
3607, 1387, 789, 274, 6.000000, 50.000000 
3608, 1368, 777, 274, 7.000000, 50.000000 
3609, 1349, 766, 274, 8.000000, 50.000000 
3610, 1331, 757, 274, 9.000000, 50.000000 
3611, 1314, 750, 274, 10.000000, 50.000000 
3612, 1298, 745, 274, 11.000000, 50.000000 
3613, 1283, 741, 274, 12.000000, 50.000000 
3614, 1268, 738, 274, 13.000000, 50.000000 
3615, 1254, 737, 274, 14.000000, 50.000000 
3616, 1240, 737, 274, 15.000000, 50.000000 
3617, 1228, 738, 274, 16.000000, 50.000000 
3618, 1215, 740, 274, 17.000000, 50.000000 
3619, 1204, 743, 274, 18.000000, 50.000000 
3620, 1192, 747, 274, 19.000000, 50.000000 
3621, 1182, 752, 274, 20.000000, 50.000000 
3622, 1171, 757, 274, 21.000000, 50.000000 
3623, 1161, 763, 274, 22.000000, 50.000000 
3624, 1152, 769, 274, 23.000000, 50.000000 
3625, 1143, 776, 274, 24.000000, 50.000000 
3626, 1134, 783, 274, 25.000000, 50.000000 
3627, 1125, 791, 274, 26.000000, 50.000000 
3628, 1117, 798, 274, 27.000000, 50.000000 
3629, 1109, 806, 274, 28.000000, 50.000000 
3630, 1101, 813, 274, 29.000000, 50.000000 
3631, 1093, 821, 274, 30.000000, 50.000000 
3632, 1086, 828, 274, 31.000000, 50.000000 
3633, 1078, 835, 274, 32.000000, 50.000000 
3634, 1071, 841, 274, 33.000000, 50.000000 
3635, 1063, 847, 274, 34.000000, 50.000000 
3636, 1056, 853, 274, 35.000000, 50.000000 
3637, 1049, 859, 274, 36.000000, 50.000000 
3638, 1042, 864, 274, 37.000000, 50.000000 
3639, 1035, 869, 274, 38.000000, 50.000000 
3640, 1028, 873, 274, 39.000000, 50.000000 
3641, 1021, 877, 274, 40.000000, 50.000000 
3642, 1014, 881, 274, 41.000000, 50.000000 
3643, 1007, 884, 274, 42.000000, 50.000000 
3644, 1000, 887, 274, 43.000000, 50.000000 
3645, 993, 890, 274, 44.000000, 50.000000 
3646, 986, 892, 274, 45.000000, 50.000000 
3647, 979, 893, 274, 46.000000, 50.000000 
3648, 971, 894, 274, 47.000000, 50.000000 
3649, 964, 895, 274, 48.000000, 50.000000 
3650, 957, 895, 274, 49.000000, 50.000000 
3651, 950, 894, 274, 50.000000, 50.000000 
3652, 942, 893, 274, 51.000000, 50.000000 
3653, 934, 892, 274, 52.000000, 50.000000 
3654, 927, 889, 274, 53.000000, 50.000000 
3655, 919, 887, 274, 54.000000, 50.000000 
3656, 911, 883, 274, 55.000000, 50.000000 
3657, 903, 879, 274, 56.000000, 50.000000 
3658, 895, 874, 274, 57.000000, 50.000000 
3659, 886, 869, 274, 58.000000, 50.000000 
3660, 877, 863, 274, 59.000000, 50.000000 
3661, 869, 857, 274, 60.000000, 50.000000 
3662, 860, 849, 274, 61.000000, 50.000000 
3663, 850, 841, 274, 62.000000, 50.000000 
3664, 841, 833, 274, 63.000000, 50.000000 
3665, 832, 825, 274, 64.000000, 50.000000 
3666, 822, 816, 274, 65.000000, 50.000000 
3667, 813, 807, 274, 66.000000, 50.000000 
3668, 803, 799, 274, 67.000000, 50.000000 
3669, 794, 790, 274, 68.000000, 50.000000 
3670, 784, 782, 274, 69.000000, 50.000000 
3671, 775, 775, 274, 70.000000, 50.000000 
3672, 766, 768, 274, 71.000000, 50.000000 
3673, 757, 762, 274, 72.000000, 50.000000 
3674, 748, 756, 274, 73.000000, 50.000000 
3675, 740, 752, 274, 74.000000, 50.000000 
3676, 731, 749, 274, 75.000000, 50.000000 
3677, 724, 748, 274, 76.000000, 50.000000 
3678, 716, 747, 274, 77.000000, 50.000000 
3679, 709, 749, 274, 78.000000, 50.000000 
3680, 702, 752, 274, 79.000000, 50.000000 
3681, 696, 756, 274, 80.000000, 50.000000 
3682, 691, 763, 274, 81.000000, 50.000000 
3683, 686, 772, 274, 82.000000, 50.000000 
3684, 681, 783, 274, 83.000000, 50.000000 
3685, 677, 797, 274, 84.000000, 50.000000 
3686, 674, 813, 274, 85.000000, 50.000000 
3687, 671, 831, 274, 86.000000, 50.000000 
3688, 669, 853, 274, 87.000000, 50.000000 
3689, 668, 877, 274, 88.000000, 50.000000 
3690, 668, 904, 274, 89.000000, 50.000000 
3691, 669, 935, 274, 90.000000, 50.000000 
3692, 670, 968, 274, 91.000000, 50.000000 
3693, 672, 1005, 274, 92.000000, 50.000000 
3694, 675, 1045, 274, 93.000000, 50.000000 
3695, 679, 1087, 274, 94.000000, 50.000000 
3696, 683, 1131, 274, 95.000000, 50.000000 
3697, 688, 1177, 274, 96.000000, 50.000000 
3698, 694, 1225, 274, 97.000000, 50.000000 
3699, 700, 1275, 274, 98.000000, 50.000000 
3700, 707, 1326, 274, 99.000000, 50.000000 
3701, 714, 1378, 274, 100.000000, 50.000000 
3702, 722, 1430, 274, 101.000000, 50.000000 
3703, 730, 1483, 274, 102.000000, 50.000000 
3704, 738, 1536, 274, 103.000000, 50.000000 
3705, 747, 1590, 274, 104.000000, 50.000000 
3706, 755, 1643, 274, 105.000000, 50.000000 
3707, 764, 1695, 274, 106.000000, 50.000000 
3708, 773, 1747, 274, 107.000000, 50.000000 
3709, 782, 1797, 274, 108.000000, 50.000000 
3710, 792, 1847, 274, 109.000000, 50.000000 
3711, 801, 1894, 274, 110.000000, 50.000000 
3712, 810, 1940, 274, 111.000000, 50.000000 
3713, 819, 1984, 274, 112.000000, 50.000000 
3714, 828, 2025, 274, 113.000000, 50.000000 
3715, 837, 2064, 274, 114.000000, 50.000000 
3716, 845, 2100, 274, 115.000000, 50.000000 
3717, 854, 2133, 274, 116.000000, 50.000000 
3718, 862, 2163, 274, 117.000000, 50.000000 
3719, 869, 2189, 274, 118.000000, 50.000000 
3720, 877, 2211, 274, 119.000000, 50.000000 
3721, 883, 2229, 274, 120.000000, 50.000000 
3722, 890, 2243, 274, 121.000000, 50.000000 
3723, 895, 2253, 274, 122.000000, 50.000000 
3724, 901, 2258, 274, 123.000000, 50.000000 
3725, 906, 2260, 274, 124.000000, 50.000000 
3726, 910, 2259, 274, 125.000000, 50.000000 
3727, 915, 2254, 274, 126.000000, 50.000000 
3728, 919, 2246, 274, 127.000000, 50.000000 
3729, 922, 2236, 274, 128.000000, 50.000000 
3730, 926, 2223, 274, 129.000000, 50.000000 
3731, 929, 2207, 274, 130.000000, 50.000000 
3732, 932, 2190, 274, 131.000000, 50.000000 
3733, 936, 2170, 274, 132.000000, 50.000000 
3734, 939, 2149, 274, 133.000000, 50.000000 
3735, 942, 2127, 274, 134.000000, 50.000000 
3736, 945, 2103, 274, 135.000000, 50.000000 
3737, 948, 2078, 274, 136.000000, 50.000000 
3738, 951, 2052, 274, 137.000000, 50.000000 
3739, 954, 2026, 274, 138.000000, 50.000000 
3740, 957, 2000, 274, 139.000000, 50.000000 
3741, 961, 1973, 274, 140.000000, 50.000000 
3742, 965, 1947, 274, 141.000000, 50.000000 
3743, 969, 1921, 274, 142.000000, 50.000000 
3744, 973, 1895, 274, 143.000000, 50.000000 
3745, 978, 1871, 274, 144.000000, 50.000000 
3746, 983, 1847, 274, 145.000000, 50.000000 
3747, 988, 1825, 274, 146.000000, 50.000000 
3748, 994, 1804, 274, 147.000000, 50.000000 
3749, 1001, 1785, 274, 148.000000, 50.000000 
3750, 1007, 1767, 274, 149.000000, 50.000000 
3751, 1015, 1752, 274, 150.000000, 50.000000 
3752, 1023, 1739, 274, 151.000000, 50.000000 
3753, 1031, 1729, 274, 152.000000, 50.000000 
3754, 1040, 1721, 274, 153.000000, 50.000000 
3755, 1049, 1714, 274, 154.000000, 50.000000 
3756, 1058, 1710, 274, 155.000000, 50.000000 
3757, 1068, 1707, 274, 156.000000, 50.000000 
3758, 1077, 1706, 274, 157.000000, 50.000000 
3759, 1087, 1706, 274, 158.000000, 50.000000 
3760, 1096, 1708, 274, 159.000000, 50.000000 
3761, 1105, 1712, 274, 160.000000, 50.000000 
3762, 1114, 1716, 274, 161.000000, 50.000000 
3763, 1122, 1722, 274, 162.000000, 50.000000 
3764, 1130, 1728, 274, 163.000000, 50.000000 
3765, 1137, 1735, 274, 164.000000, 50.000000 
3766, 1143, 1743, 274, 165.000000, 50.000000 
3767, 1149, 1752, 274, 166.000000, 50.000000 
3768, 1154, 1761, 274, 167.000000, 50.000000 
3769, 1158, 1770, 274, 168.000000, 50.000000 
3770, 1160, 1780, 274, 169.000000, 50.000000 
3771, 1162, 1790, 274, 170.000000, 50.000000 
3772, 1162, 1799, 274, 171.000000, 50.000000 
3773, 1161, 1809, 274, 172.000000, 50.000000 
3774, 1159, 1818, 274, 173.000000, 50.000000 
3775, 1155, 1827, 274, 174.000000, 50.000000 
3776, 1149, 1836, 274, 175.000000, 50.000000 
3777, 1142, 1844, 274, 176.000000, 50.000000 
3778, 1133, 1851, 274, 177.000000, 50.000000 
3779, 1122, 1857, 274, 178.000000, 50.000000 
3780, 1109, 1862, 274, 179.000000, 50.000000 
3781, 1094, 1867, 274, 180.000000, 50.000000 
3782, 1076, 1870, 274, 181.000000, 50.000000 
3783, 1057, 1872, 274, 182.000000, 50.000000 
3784, 1036, 1873, 274, 183.000000, 50.000000 
3785, 1014, 1873, 274, 184.000000, 50.000000 
3786, 991, 1872, 274, 185.000000, 50.000000 
3787, 966, 1870, 274, 186.000000, 50.000000 
3788, 940, 1868, 274, 187.000000, 50.000000 
3789, 914, 1865, 274, 188.000000, 50.000000 
3790, 888, 1861, 274, 189.000000, 50.000000 
3791, 861, 1856, 274, 190.000000, 50.000000 
3792, 834, 1852, 274, 191.000000, 50.000000 
3793, 808, 1847, 274, 192.000000, 50.000000 
3794, 782, 1841, 274, 193.000000, 50.000000 
3795, 756, 1836, 274, 194.000000, 50.000000 
3796, 732, 1830, 274, 195.000000, 50.000000 
3797, 709, 1824, 274, 196.000000, 50.000000 
3798, 687, 1818, 274, 197.000000, 50.000000 
3799, 666, 1812, 274, 198.000000, 50.000000 
3800, 648, 1806, 274, 199.000000, 50.000000 
3801, 631, 1801, 274, 200.000000, 50.000000 
3802, 617, 1796, 274, 201.000000, 50.000000 
3803, 605, 1791, 274, 202.000000, 50.000000 
3804, 596, 1787, 274, 203.000000, 50.000000 
3805, 589, 1783, 274, 204.000000, 50.000000 
3806, 586, 1780, 274, 205.000000, 50.000000 
3807, 586, 1777, 274, 206.000000, 50.000000 
3808, 590, 1776, 274, 207.000000, 50.000000 
3809, 597, 1775, 274, 208.000000, 50.000000 
3810, 608, 1775, 274, 209.000000, 50.000000 
3811, 624, 1776, 274, 210.000000, 50.000000 
3812, 644, 1777, 274, 211.000000, 50.000000 
3813, 668, 1780, 274, 212.000000, 50.000000 
3814, 696, 1784, 274, 213.000000, 50.000000 
3815, 728, 1789, 274, 214.000000, 50.000000 
3816, 762, 1795, 274, 215.000000, 50.000000 
3817, 801, 1801, 274, 216.000000, 50.000000 
3818, 842, 1808, 274, 217.000000, 50.000000 
3819, 885, 1816, 274, 218.000000, 50.000000 
3820, 931, 1825, 274, 219.000000, 50.000000 
3821, 979, 1834, 274, 220.000000, 50.000000 
3822, 1029, 1843, 274, 221.000000, 50.000000 
3823, 1080, 1853, 274, 222.000000, 50.000000 
3824, 1133, 1864, 274, 223.000000, 50.000000 
3825, 1187, 1875, 274, 224.000000, 50.000000 
3826, 1241, 1886, 274, 225.000000, 50.000000 
3827, 1296, 1897, 274, 226.000000, 50.000000 
3828, 1351, 1909, 274, 227.000000, 50.000000 
3829, 1407, 1921, 274, 228.000000, 50.000000 
3830, 1462, 1933, 274, 229.000000, 50.000000 
3831, 1516, 1945, 274, 230.000000, 50.000000 
3832, 1570, 1957, 274, 231.000000, 50.000000 
3833, 1623, 1969, 274, 232.000000, 50.000000 
3834, 1674, 1980, 274, 233.000000, 50.000000 
3835, 1724, 1992, 274, 234.000000, 50.000000 
3836, 1772, 2004, 274, 235.000000, 50.000000 
3837, 1818, 2015, 274, 236.000000, 50.000000 
3838, 1861, 2026, 274, 237.000000, 50.000000 
3839, 1902, 2037, 274, 238.000000, 50.000000 
3840, 1940, 2047, 274, 239.000000, 50.000000 
3841, 1976, 2057, 274, 240.000000, 50.000000 
3842, 2007, 2066, 274, 241.000000, 50.000000 
3843, 2036, 2075, 274, 242.000000, 50.000000 
3844, 2061, 2083, 274, 243.000000, 50.000000 
3845, 2083, 2091, 274, 244.000000, 50.000000 
3846, 2103, 2098, 274, 245.000000, 50.000000 
3847, 2120, 2105, 274, 246.000000, 50.000000 
3848, 2134, 2111, 274, 247.000000, 50.000000 
3849, 2146, 2117, 274, 248.000000, 50.000000 
3850, 2156, 2122, 274, 249.000000, 50.000000 
3851, 2164, 2127, 274, 250.000000, 50.000000 
3852, 2170, 2132, 274, 251.000000, 50.000000 
3853, 2173, 2136, 274, 252.000000, 50.000000 
3854, 2176, 2140, 274, 253.000000, 50.000000 
3855, 2176, 2143, 274, 254.000000, 50.000000 
3856, 2175, 2146, 274, 255.000000, 50.000000 
3857, 2173, 2148, 274, 256.000000, 50.000000 
3858, 2170, 2150, 274, 257.000000, 50.000000 
3859, 2166, 2152, 274, 258.000000, 50.000000 
3860, 2161, 2153, 274, 259.000000, 50.000000 
3861, 2156, 2153, 274, 260.000000, 50.000000 
3862, 2149, 2154, 274, 261.000000, 50.000000 
3863, 2143, 2154, 274, 262.000000, 50.000000 
3864, 2136, 2153, 274, 263.000000, 50.000000 
3865, 2129, 2153, 274, 264.000000, 50.000000 
3866, 2122, 2152, 274, 265.000000, 50.000000 
3867, 2115, 2150, 274, 266.000000, 50.000000 
3868, 2109, 2148, 274, 267.000000, 50.000000 
3869, 2103, 2146, 274, 268.000000, 50.000000 
3870, 2097, 2144, 274, 269.000000, 50.000000 
3871, 2092, 2141, 274, 270.000000, 50.000000 
3872, 2088, 2138, 274, 271.000000, 50.000000 
3873, 2085, 2134, 274, 272.000000, 50.000000 
3874, 2083, 2130, 274, 273.000000, 50.000000 
3875, 2081, 2126, 274, 274.000000, 50.000000 
3876, 2080, 2121, 274, 275.000000, 50.000000 
3877, 2080, 2116, 274, 276.000000, 50.000000 
3878, 2080, 2111, 274, 277.000000, 50.000000 
3879, 2081, 2105, 274, 278.000000, 50.000000 
3880, 2083, 2098, 274, 279.000000, 50.000000 
3881, 2085, 2092, 274, 280.000000, 50.000000 
3882, 2088, 2084, 274, 281.000000, 50.000000 
3883, 2091, 2076, 274, 282.000000, 50.000000 
3884, 2094, 2068, 274, 283.000000, 50.000000 
3885, 2098, 2059, 274, 284.000000, 50.000000 
3886, 2102, 2050, 274, 285.000000, 50.000000 
3887, 2107, 2040, 274, 286.000000, 50.000000 
3888, 2111, 2029, 274, 287.000000, 50.000000 
3889, 2116, 2018, 274, 288.000000, 50.000000 
3890, 2121, 2007, 274, 289.000000, 50.000000 
3891, 2127, 1994, 274, 290.000000, 50.000000 
3892, 2132, 1981, 274, 291.000000, 50.000000 
3893, 2137, 1968, 274, 292.000000, 50.000000 
3894, 2143, 1953, 274, 293.000000, 50.000000 
3895, 2148, 1938, 274, 294.000000, 50.000000 
3896, 2154, 1923, 274, 295.000000, 50.000000 
3897, 2159, 1906, 274, 296.000000, 50.000000 
3898, 2164, 1889, 274, 297.000000, 50.000000 
3899, 2169, 1871, 274, 298.000000, 50.000000 
3900, 2174, 1853, 274, 299.000000, 50.000000 
3901, 2179, 1833, 274, 300.000000, 50.000000 
3902, 2183, 1813, 274, 301.000000, 50.000000 
3903, 2187, 1792, 274, 302.000000, 50.000000 
3904, 2191, 1771, 274, 303.000000, 50.000000 
3905, 2195, 1749, 274, 304.000000, 50.000000 
3906, 2198, 1726, 274, 305.000000, 50.000000 
3907, 2201, 1703, 274, 306.000000, 50.000000 
3908, 2203, 1679, 274, 307.000000, 50.000000 
3909, 2205, 1655, 274, 308.000000, 50.000000 
3910, 2207, 1631, 274, 309.000000, 50.000000 
3911, 2208, 1606, 274, 310.000000, 50.000000 
3912, 2209, 1581, 274, 311.000000, 50.000000 
3913, 2209, 1557, 274, 312.000000, 50.000000 
3914, 2209, 1532, 274, 313.000000, 50.000000 
3915, 2208, 1507, 274, 314.000000, 50.000000 
3916, 2207, 1482, 274, 315.000000, 50.000000 
3917, 2206, 1457, 274, 316.000000, 50.000000 
3918, 2204, 1433, 274, 317.000000, 50.000000 
3919, 2201, 1408, 274, 318.000000, 50.000000 
3920, 2198, 1385, 274, 319.000000, 50.000000 
3921, 2194, 1361, 274, 320.000000, 50.000000 
3922, 2190, 1338, 274, 321.000000, 50.000000 
3923, 2185, 1315, 274, 322.000000, 50.000000 
3924, 2179, 1293, 274, 323.000000, 50.000000 
3925, 2173, 1271, 274, 324.000000, 50.000000 
3926, 2166, 1250, 274, 325.000000, 50.000000 
3927, 2159, 1230, 274, 326.000000, 50.000000 
3928, 2150, 1211, 274, 327.000000, 50.000000 
3929, 2142, 1192, 274, 328.000000, 50.000000 
3930, 2132, 1175, 274, 329.000000, 50.000000 
3931, 2122, 1158, 274, 330.000000, 50.000000 
3932, 2110, 1143, 274, 331.000000, 50.000000 
3933, 2099, 1128, 274, 332.000000, 50.000000 
3934, 2086, 1115, 274, 333.000000, 50.000000 
3935, 2073, 1103, 274, 334.000000, 50.000000 
3936, 2059, 1093, 274, 335.000000, 50.000000 
3937, 2044, 1083, 274, 336.000000, 50.000000 
3938, 2029, 1076, 274, 337.000000, 50.000000 
3939, 2013, 1070, 274, 338.000000, 50.000000 
3940, 1996, 1066, 274, 339.000000, 50.000000 
3941, 1979, 1063, 274, 340.000000, 50.000000 
3942, 1961, 1063, 274, 341.000000, 50.000000 
3943, 1943, 1064, 274, 342.000000, 50.000000 
3944, 1924, 1068, 274, 343.000000, 50.000000 
3945, 1904, 1073, 274, 344.000000, 50.000000 
3946, 1884, 1081, 274, 345.000000, 50.000000 
3947, 1863, 1091, 274, 346.000000, 50.000000 
3948, 1842, 1104, 274, 347.000000, 50.000000 
3949, 1820, 1119, 274, 348.000000, 50.000000 
3950, 1798, 1136, 274, 349.000000, 50.000000 
3951, 1775, 1157, 274, 350.000000, 50.000000 
3952, 1752, 1180, 274, 351.000000, 50.000000 
3953, 1729, 1206, 274, 352.000000, 50.000000 
3954, 1704, 1234, 274, 353.000000, 50.000000 
3955, 1680, 1266, 274, 354.000000, 50.000000 
3956, 1655, 1301, 274, 355.000000, 50.000000 
3957, 1629, 1339, 274, 356.000000, 50.000000 
3958, 1603, 1380, 274, 357.000000, 50.000000 
3959, 1577, 1424, 274, 358.000000, 50.000000 
3960, 1551, 1472, 274, 359.000000, 50.000000 
3961, 2101, 2484, 274, 0.000000, 55.000000 
3962, 2268, 2628, 274, 1.000000, 55.000000 
3963, 2423, 2761, 274, 2.000000, 55.000000 
3964, 2567, 2885, 274, 3.000000, 55.000000 
3965, 2701, 2999, 274, 4.000000, 55.000000 
3966, 2824, 3104, 274, 5.000000, 55.000000 
3967, 2938, 3200, 274, 6.000000, 55.000000 
3968, 3041, 3288, 274, 7.000000, 55.000000 
3969, 3135, 3367, 274, 8.000000, 55.000000 
3970, 3220, 3438, 274, 9.000000, 55.000000 
3971, 3297, 3502, 274, 10.000000, 55.000000 
3972, 3364, 3558, 274, 11.000000, 55.000000 
3973, 3423, 311, 274, 12.000000, 55.000000 
3974, 3475, 353, 274, 13.000000, 55.000000 
3975, 3518, 389, 274, 14.000000, 55.000000 
3976, 3555, 418, 274, 15.000000, 55.000000 
3977, 289, 441, 274, 16.000000, 55.000000 
3978, 311, 458, 274, 17.000000, 55.000000 
3979, 327, 470, 274, 18.000000, 55.000000 
3980, 336, 476, 274, 19.000000, 55.000000 
3981, 340, 478, 274, 20.000000, 55.000000 
3982, 338, 475, 274, 21.000000, 55.000000 
3983, 331, 468, 274, 22.000000, 55.000000 
3984, 318, 457, 274, 23.000000, 55.000000 
3985, 301, 443, 274, 24.000000, 55.000000 
3986, 279, 424, 274, 25.000000, 55.000000 
3987, 3548, 403, 274, 26.000000, 55.000000 
3988, 3519, 379, 274, 27.000000, 55.000000 
3989, 3485, 352, 274, 28.000000, 55.000000 
3990, 3449, 324, 274, 29.000000, 55.000000 
3991, 3409, 293, 274, 30.000000, 55.000000 
3992, 3366, 3555, 274, 31.000000, 55.000000 
3993, 3322, 3521, 274, 32.000000, 55.000000 
3994, 3274, 3486, 274, 33.000000, 55.000000 
3995, 3225, 3449, 274, 34.000000, 55.000000 
3996, 3174, 3412, 274, 35.000000, 55.000000 
3997, 3121, 3374, 274, 36.000000, 55.000000 
3998, 3066, 3335, 274, 37.000000, 55.000000 
3999, 3010, 3296, 274, 38.000000, 55.000000 
4000, 2953, 3256, 274, 39.000000, 55.000000 
4001, 2896, 3216, 274, 40.000000, 55.000000 
4002, 2837, 3177, 274, 41.000000, 55.000000 
4003, 2778, 3138, 274, 42.000000, 55.000000 
4004, 2719, 3099, 274, 43.000000, 55.000000 
4005, 2659, 3061, 274, 44.000000, 55.000000 
4006, 2599, 3023, 274, 45.000000, 55.000000 
4007, 2540, 2987, 274, 46.000000, 55.000000 
4008, 2482, 2952, 274, 47.000000, 55.000000 
4009, 2424, 2918, 274, 48.000000, 55.000000 
4010, 2366, 2886, 274, 49.000000, 55.000000 
4011, 2310, 2855, 274, 50.000000, 55.000000 
4012, 2256, 2826, 274, 51.000000, 55.000000 
4013, 2202, 2799, 274, 52.000000, 55.000000 
4014, 2151, 2775, 274, 53.000000, 55.000000 
4015, 2101, 2753, 274, 54.000000, 55.000000 
4016, 2053, 2733, 274, 55.000000, 55.000000 
4017, 2008, 2716, 274, 56.000000, 55.000000 
4018, 1965, 2702, 274, 57.000000, 55.000000 
4019, 1924, 2692, 274, 58.000000, 55.000000 
4020, 1887, 2684, 274, 59.000000, 55.000000 
4021, 1853, 2680, 274, 60.000000, 55.000000 
4022, 1821, 2680, 274, 61.000000, 55.000000 
4023, 1794, 2683, 274, 62.000000, 55.000000 
4024, 1769, 2689, 274, 63.000000, 55.000000 
4025, 1747, 2698, 274, 64.000000, 55.000000 
4026, 1727, 2710, 274, 65.000000, 55.000000 
4027, 1711, 2725, 274, 66.000000, 55.000000 
4028, 1697, 2743, 274, 67.000000, 55.000000 
4029, 1686, 2763, 274, 68.000000, 55.000000 
4030, 1677, 2785, 274, 69.000000, 55.000000 
4031, 1670, 2809, 274, 70.000000, 55.000000 
4032, 1666, 2835, 274, 71.000000, 55.000000 
4033, 1663, 2862, 274, 72.000000, 55.000000 
4034, 1662, 2892, 274, 73.000000, 55.000000 
4035, 1664, 2922, 274, 74.000000, 55.000000 
4036, 1666, 2953, 274, 75.000000, 55.000000 
4037, 1671, 2986, 274, 76.000000, 55.000000 
4038, 1677, 3019, 274, 77.000000, 55.000000 
4039, 1684, 3053, 274, 78.000000, 55.000000 
4040, 1693, 3087, 274, 79.000000, 55.000000 
4041, 1703, 3121, 274, 80.000000, 55.000000 
4042, 1713, 3156, 274, 81.000000, 55.000000 
4043, 1725, 3190, 274, 82.000000, 55.000000 
4044, 1738, 3224, 274, 83.000000, 55.000000 
4045, 1751, 3257, 274, 84.000000, 55.000000 
4046, 1764, 3290, 274, 85.000000, 55.000000 
4047, 1779, 3322, 274, 86.000000, 55.000000 
4048, 1793, 3353, 274, 87.000000, 55.000000 
4049, 1808, 3383, 274, 88.000000, 55.000000 
4050, 1823, 3411, 274, 89.000000, 55.000000 
4051, 1838, 3438, 274, 90.000000, 55.000000 
4052, 1853, 3463, 274, 91.000000, 55.000000 
4053, 1868, 3486, 274, 92.000000, 55.000000 
4054, 1882, 3507, 274, 93.000000, 55.000000 
4055, 1897, 3528, 274, 94.000000, 55.000000 
4056, 1911, 3546, 274, 95.000000, 55.000000 
4057, 1926, 3563, 274, 96.000000, 55.000000 
4058, 1940, 284, 274, 97.000000, 55.000000 
4059, 1954, 299, 274, 98.000000, 55.000000 
4060, 1968, 312, 274, 99.000000, 55.000000 
4061, 1982, 324, 274, 100.000000, 55.000000 
4062, 1995, 334, 274, 101.000000, 55.000000 
4063, 2009, 344, 274, 102.000000, 55.000000 
4064, 2022, 353, 274, 103.000000, 55.000000 
4065, 2035, 361, 274, 104.000000, 55.000000 
4066, 2048, 368, 274, 105.000000, 55.000000 
4067, 2060, 374, 274, 106.000000, 55.000000 
4068, 2073, 379, 274, 107.000000, 55.000000 
4069, 2085, 384, 274, 108.000000, 55.000000 
4070, 2097, 388, 274, 109.000000, 55.000000 
4071, 2109, 391, 274, 110.000000, 55.000000 
4072, 2121, 394, 274, 111.000000, 55.000000 
4073, 2132, 397, 274, 112.000000, 55.000000 
4074, 2143, 399, 274, 113.000000, 55.000000 
4075, 2154, 401, 274, 114.000000, 55.000000 
4076, 2164, 403, 274, 115.000000, 55.000000 
4077, 2175, 404, 274, 116.000000, 55.000000 
4078, 2185, 405, 274, 117.000000, 55.000000 
4079, 2194, 406, 274, 118.000000, 55.000000 
4080, 2204, 408, 274, 119.000000, 55.000000 
4081, 2213, 409, 274, 120.000000, 55.000000 
4082, 2222, 410, 274, 121.000000, 55.000000 
4083, 2230, 412, 274, 122.000000, 55.000000 
4084, 2238, 413, 274, 123.000000, 55.000000 
4085, 2246, 415, 274, 124.000000, 55.000000 
4086, 2253, 417, 274, 125.000000, 55.000000 
4087, 2260, 420, 274, 126.000000, 55.000000 
4088, 2267, 422, 274, 127.000000, 55.000000 
4089, 2272, 425, 274, 128.000000, 55.000000 
4090, 2278, 429, 274, 129.000000, 55.000000 
4091, 2283, 432, 274, 130.000000, 55.000000 
4092, 2287, 436, 274, 131.000000, 55.000000 
4093, 2290, 441, 274, 132.000000, 55.000000 
4094, 2293, 445, 274, 133.000000, 55.000000 
4095, 2296, 451, 274, 134.000000, 55.000000 
4096, 2297, 457, 274, 135.000000, 55.000000 
4097, 2298, 463, 274, 136.000000, 55.000000 
4098, 2298, 470, 274, 137.000000, 55.000000 
4099, 2298, 477, 274, 138.000000, 55.000000 
4100, 2296, 485, 274, 139.000000, 55.000000 
4101, 2294, 494, 274, 140.000000, 55.000000 
4102, 2291, 503, 274, 141.000000, 55.000000 
4103, 2287, 513, 274, 142.000000, 55.000000 
4104, 2282, 523, 274, 143.000000, 55.000000 
4105, 2276, 534, 274, 144.000000, 55.000000 
4106, 2269, 546, 274, 145.000000, 55.000000 
4107, 2261, 559, 274, 146.000000, 55.000000 
4108, 2252, 573, 274, 147.000000, 55.000000 
4109, 2242, 587, 274, 148.000000, 55.000000 
4110, 2231, 602, 274, 149.000000, 55.000000 
4111, 2219, 618, 274, 150.000000, 55.000000 
4112, 2205, 635, 274, 151.000000, 55.000000 
4113, 2191, 653, 274, 152.000000, 55.000000 
4114, 2176, 671, 274, 153.000000, 55.000000 
4115, 2160, 691, 274, 154.000000, 55.000000 
4116, 2143, 710, 274, 155.000000, 55.000000 
4117, 2126, 731, 274, 156.000000, 55.000000 
4118, 2109, 751, 274, 157.000000, 55.000000 
4119, 2091, 773, 274, 158.000000, 55.000000 
4120, 2074, 794, 274, 159.000000, 55.000000 
4121, 2056, 816, 274, 160.000000, 55.000000 
4122, 2039, 838, 274, 161.000000, 55.000000 
4123, 2022, 860, 274, 162.000000, 55.000000 
4124, 2005, 882, 274, 163.000000, 55.000000 
4125, 1989, 904, 274, 164.000000, 55.000000 
4126, 1974, 926, 274, 165.000000, 55.000000 
4127, 1960, 948, 274, 166.000000, 55.000000 
4128, 1947, 970, 274, 167.000000, 55.000000 
4129, 1935, 991, 274, 168.000000, 55.000000 
4130, 1924, 1012, 274, 169.000000, 55.000000 
4131, 1915, 1032, 274, 170.000000, 55.000000 
4132, 1907, 1052, 274, 171.000000, 55.000000 
4133, 1901, 1072, 274, 172.000000, 55.000000 
4134, 1897, 1090, 274, 173.000000, 55.000000 
4135, 1895, 1108, 274, 174.000000, 55.000000 
4136, 1895, 1126, 274, 175.000000, 55.000000 
4137, 1897, 1142, 274, 176.000000, 55.000000 
4138, 1901, 1157, 274, 177.000000, 55.000000 
4139, 1908, 1172, 274, 178.000000, 55.000000 
4140, 1918, 1185, 274, 179.000000, 55.000000 
4141, 1931, 1197, 274, 180.000000, 55.000000 
4142, 1946, 1208, 274, 181.000000, 55.000000 
4143, 1964, 1218, 274, 182.000000, 55.000000 
4144, 1985, 1226, 274, 183.000000, 55.000000 
4145, 2007, 1234, 274, 184.000000, 55.000000 
4146, 2032, 1241, 274, 185.000000, 55.000000 
4147, 2058, 1246, 274, 186.000000, 55.000000 
4148, 2085, 1251, 274, 187.000000, 55.000000 
4149, 2113, 1254, 274, 188.000000, 55.000000 
4150, 2142, 1257, 274, 189.000000, 55.000000 
4151, 2172, 1259, 274, 190.000000, 55.000000 
4152, 2202, 1260, 274, 191.000000, 55.000000 
4153, 2232, 1261, 274, 192.000000, 55.000000 
4154, 2262, 1261, 274, 193.000000, 55.000000 
4155, 2291, 1260, 274, 194.000000, 55.000000 
4156, 2319, 1258, 274, 195.000000, 55.000000 
4157, 2346, 1256, 274, 196.000000, 55.000000 
4158, 2372, 1254, 274, 197.000000, 55.000000 
4159, 2396, 1251, 274, 198.000000, 55.000000 
4160, 2418, 1248, 274, 199.000000, 55.000000 
4161, 2438, 1244, 274, 200.000000, 55.000000 
4162, 2455, 1240, 274, 201.000000, 55.000000 
4163, 2470, 1236, 274, 202.000000, 55.000000 
4164, 2482, 1231, 274, 203.000000, 55.000000 
4165, 2490, 1226, 274, 204.000000, 55.000000 
4166, 2495, 1221, 274, 205.000000, 55.000000 
4167, 2497, 1216, 274, 206.000000, 55.000000 
4168, 2494, 1211, 274, 207.000000, 55.000000 
4169, 2487, 1206, 274, 208.000000, 55.000000 
4170, 2475, 1201, 274, 209.000000, 55.000000 
4171, 2458, 1197, 274, 210.000000, 55.000000 
4172, 2437, 1192, 274, 211.000000, 55.000000 
4173, 2410, 1187, 274, 212.000000, 55.000000 
4174, 2379, 1183, 274, 213.000000, 55.000000 
4175, 2344, 1178, 274, 214.000000, 55.000000 
4176, 2305, 1174, 274, 215.000000, 55.000000 
4177, 2262, 1171, 274, 216.000000, 55.000000 
4178, 2216, 1167, 274, 217.000000, 55.000000 
4179, 2166, 1164, 274, 218.000000, 55.000000 
4180, 2114, 1161, 274, 219.000000, 55.000000 
4181, 2060, 1159, 274, 220.000000, 55.000000 
4182, 2004, 1157, 274, 221.000000, 55.000000 
4183, 1945, 1155, 274, 222.000000, 55.000000 
4184, 1886, 1154, 274, 223.000000, 55.000000 
4185, 1825, 1153, 274, 224.000000, 55.000000 
4186, 1763, 1153, 274, 225.000000, 55.000000 
4187, 1700, 1153, 274, 226.000000, 55.000000 
4188, 1638, 1154, 274, 227.000000, 55.000000 
4189, 1575, 1155, 274, 228.000000, 55.000000 
4190, 1512, 1157, 274, 229.000000, 55.000000 
4191, 1451, 1160, 274, 230.000000, 55.000000 
4192, 1390, 1163, 274, 231.000000, 55.000000 
4193, 1330, 1167, 274, 232.000000, 55.000000 
4194, 1272, 1171, 274, 233.000000, 55.000000 
4195, 1215, 1177, 274, 234.000000, 55.000000 
4196, 1161, 1183, 274, 235.000000, 55.000000 
4197, 1109, 1190, 274, 236.000000, 55.000000 
4198, 1060, 1197, 274, 237.000000, 55.000000 
4199, 1014, 1206, 274, 238.000000, 55.000000 
4200, 971, 1215, 274, 239.000000, 55.000000 
4201, 932, 1225, 274, 240.000000, 55.000000 
4202, 896, 1236, 274, 241.000000, 55.000000 
4203, 865, 1248, 274, 242.000000, 55.000000 
4204, 837, 1261, 274, 243.000000, 55.000000 
4205, 812, 1274, 274, 244.000000, 55.000000 
4206, 791, 1288, 274, 245.000000, 55.000000 
4207, 773, 1303, 274, 246.000000, 55.000000 
4208, 758, 1318, 274, 247.000000, 55.000000 
4209, 746, 1334, 274, 248.000000, 55.000000 
4210, 736, 1350, 274, 249.000000, 55.000000 
4211, 729, 1366, 274, 250.000000, 55.000000 
4212, 724, 1383, 274, 251.000000, 55.000000 
4213, 721, 1400, 274, 252.000000, 55.000000 
4214, 720, 1417, 274, 253.000000, 55.000000 
4215, 721, 1434, 274, 254.000000, 55.000000 
4216, 723, 1452, 274, 255.000000, 55.000000 
4217, 727, 1469, 274, 256.000000, 55.000000 
4218, 733, 1486, 274, 257.000000, 55.000000 
4219, 739, 1503, 274, 258.000000, 55.000000 
4220, 746, 1520, 274, 259.000000, 55.000000 
4221, 755, 1537, 274, 260.000000, 55.000000 
4222, 764, 1553, 274, 261.000000, 55.000000 
4223, 773, 1569, 274, 262.000000, 55.000000 
4224, 783, 1585, 274, 263.000000, 55.000000 
4225, 792, 1600, 274, 264.000000, 55.000000 
4226, 802, 1615, 274, 265.000000, 55.000000 
4227, 812, 1629, 274, 266.000000, 55.000000 
4228, 821, 1642, 274, 267.000000, 55.000000 
4229, 830, 1655, 274, 268.000000, 55.000000 
4230, 838, 1666, 274, 269.000000, 55.000000 
4231, 846, 1677, 274, 270.000000, 55.000000 
4232, 852, 1687, 274, 271.000000, 55.000000 
4233, 858, 1696, 274, 272.000000, 55.000000 
4234, 862, 1705, 274, 273.000000, 55.000000 
4235, 866, 1712, 274, 274.000000, 55.000000 
4236, 869, 1719, 274, 275.000000, 55.000000 
4237, 872, 1726, 274, 276.000000, 55.000000 
4238, 873, 1731, 274, 277.000000, 55.000000 
4239, 874, 1736, 274, 278.000000, 55.000000 
4240, 875, 1741, 274, 279.000000, 55.000000 
4241, 875, 1745, 274, 280.000000, 55.000000 
4242, 875, 1749, 274, 281.000000, 55.000000 
4243, 874, 1752, 274, 282.000000, 55.000000 
4244, 873, 1756, 274, 283.000000, 55.000000 
4245, 872, 1759, 274, 284.000000, 55.000000 
4246, 871, 1761, 274, 285.000000, 55.000000 
4247, 869, 1764, 274, 286.000000, 55.000000 
4248, 868, 1767, 274, 287.000000, 55.000000 
4249, 866, 1769, 274, 288.000000, 55.000000 
4250, 865, 1772, 274, 289.000000, 55.000000 
4251, 863, 1775, 274, 290.000000, 55.000000 
4252, 862, 1777, 274, 291.000000, 55.000000 
4253, 861, 1780, 274, 292.000000, 55.000000 
4254, 860, 1784, 274, 293.000000, 55.000000 
4255, 860, 1787, 274, 294.000000, 55.000000 
4256, 860, 1791, 274, 295.000000, 55.000000 
4257, 860, 1795, 274, 296.000000, 55.000000 
4258, 861, 1800, 274, 297.000000, 55.000000 
4259, 863, 1805, 274, 298.000000, 55.000000 
4260, 865, 1811, 274, 299.000000, 55.000000 
4261, 868, 1818, 274, 300.000000, 55.000000 
4262, 872, 1825, 274, 301.000000, 55.000000 
4263, 876, 1833, 274, 302.000000, 55.000000 
4264, 881, 1841, 274, 303.000000, 55.000000 
4265, 887, 1850, 274, 304.000000, 55.000000 
4266, 894, 1859, 274, 305.000000, 55.000000 
4267, 901, 1869, 274, 306.000000, 55.000000 
4268, 909, 1879, 274, 307.000000, 55.000000 
4269, 918, 1890, 274, 308.000000, 55.000000 
4270, 927, 1902, 274, 309.000000, 55.000000 
4271, 937, 1913, 274, 310.000000, 55.000000 
4272, 948, 1925, 274, 311.000000, 55.000000 
4273, 960, 1937, 274, 312.000000, 55.000000 
4274, 972, 1950, 274, 313.000000, 55.000000 
4275, 985, 1963, 274, 314.000000, 55.000000 
4276, 999, 1976, 274, 315.000000, 55.000000 
4277, 1014, 1989, 274, 316.000000, 55.000000 
4278, 1029, 2002, 274, 317.000000, 55.000000 
4279, 1045, 2015, 274, 318.000000, 55.000000 
4280, 1061, 2029, 274, 319.000000, 55.000000 
4281, 1078, 2042, 274, 320.000000, 55.000000 
4282, 1096, 2056, 274, 321.000000, 55.000000 
4283, 1115, 2069, 274, 322.000000, 55.000000 
4284, 1134, 2083, 274, 323.000000, 55.000000 
4285, 1154, 2096, 274, 324.000000, 55.000000 
4286, 1175, 2109, 274, 325.000000, 55.000000 
4287, 1196, 2122, 274, 326.000000, 55.000000 
4288, 1218, 2135, 274, 327.000000, 55.000000 
4289, 1241, 2148, 274, 328.000000, 55.000000 
4290, 1264, 2161, 274, 329.000000, 55.000000 
4291, 1288, 2173, 274, 330.000000, 55.000000 
4292, 1313, 2185, 274, 331.000000, 55.000000 
4293, 1338, 2196, 274, 332.000000, 55.000000 
4294, 1364, 2207, 274, 333.000000, 55.000000 
4295, 1390, 2218, 274, 334.000000, 55.000000 
4296, 1417, 2228, 274, 335.000000, 55.000000 
4297, 1445, 2237, 274, 336.000000, 55.000000 
4298, 1472, 2246, 274, 337.000000, 55.000000 
4299, 1500, 2253, 274, 338.000000, 55.000000 
4300, 1528, 2260, 274, 339.000000, 55.000000 
4301, 1557, 2267, 274, 340.000000, 55.000000 
4302, 1585, 2272, 274, 341.000000, 55.000000 
4303, 1614, 2276, 274, 342.000000, 55.000000 
4304, 1643, 2279, 274, 343.000000, 55.000000 
4305, 1672, 2281, 274, 344.000000, 55.000000 
4306, 1701, 2281, 274, 345.000000, 55.000000 
4307, 1730, 2281, 274, 346.000000, 55.000000 
4308, 1758, 2279, 274, 347.000000, 55.000000 
4309, 1787, 2276, 274, 348.000000, 55.000000 
4310, 1815, 2271, 274, 349.000000, 55.000000 
4311, 1844, 2264, 274, 350.000000, 55.000000 
4312, 1871, 2256, 274, 351.000000, 55.000000 
4313, 1899, 2247, 274, 352.000000, 55.000000 
4314, 1926, 2235, 274, 353.000000, 55.000000 
4315, 1953, 2222, 274, 354.000000, 55.000000 
4316, 1979, 2207, 274, 355.000000, 55.000000 
4317, 2005, 2190, 274, 356.000000, 55.000000 
4318, 2030, 2171, 274, 357.000000, 55.000000 
4319, 2054, 2150, 274, 358.000000, 55.000000 
4320, 2078, 2126, 274, 359.000000, 55.000000 
4321, 1346, 1137, 274, 0.000000, 60.000000 
4322, 1319, 1118, 274, 1.000000, 60.000000 
4323, 1293, 1100, 274, 2.000000, 60.000000 
4324, 1268, 1083, 274, 3.000000, 60.000000 
4325, 1244, 1067, 274, 4.000000, 60.000000 
4326, 1221, 1052, 274, 5.000000, 60.000000 
4327, 1200, 1038, 274, 6.000000, 60.000000 
4328, 1179, 1025, 274, 7.000000, 60.000000 
4329, 1160, 1013, 274, 8.000000, 60.000000 
4330, 1141, 1002, 274, 9.000000, 60.000000 
4331, 1124, 991, 274, 10.000000, 60.000000 
4332, 1107, 982, 274, 11.000000, 60.000000 
4333, 1091, 973, 274, 12.000000, 60.000000 
4334, 1076, 965, 274, 13.000000, 60.000000 
4335, 1062, 957, 274, 14.000000, 60.000000 
4336, 1048, 950, 274, 15.000000, 60.000000 
4337, 1035, 944, 274, 16.000000, 60.000000 
4338, 1023, 939, 274, 17.000000, 60.000000 
4339, 1012, 933, 274, 18.000000, 60.000000 
4340, 1001, 929, 274, 19.000000, 60.000000 
4341, 990, 924, 274, 20.000000, 60.000000 
4342, 980, 920, 274, 21.000000, 60.000000 
4343, 971, 917, 274, 22.000000, 60.000000 
4344, 962, 913, 274, 23.000000, 60.000000 
4345, 953, 910, 274, 24.000000, 60.000000 
4346, 945, 908, 274, 25.000000, 60.000000 
4347, 937, 905, 274, 26.000000, 60.000000 
4348, 930, 902, 274, 27.000000, 60.000000 
4349, 922, 900, 274, 28.000000, 60.000000 
4350, 915, 898, 274, 29.000000, 60.000000 
4351, 908, 895, 274, 30.000000, 60.000000 
4352, 901, 893, 274, 31.000000, 60.000000 
4353, 895, 890, 274, 32.000000, 60.000000 
4354, 888, 888, 274, 33.000000, 60.000000 
4355, 881, 885, 274, 34.000000, 60.000000 
4356, 875, 883, 274, 35.000000, 60.000000 
4357, 869, 880, 274, 36.000000, 60.000000 
4358, 862, 877, 274, 37.000000, 60.000000 
4359, 856, 874, 274, 38.000000, 60.000000 
4360, 850, 871, 274, 39.000000, 60.000000 
4361, 844, 868, 274, 40.000000, 60.000000 
4362, 838, 865, 274, 41.000000, 60.000000 
4363, 831, 861, 274, 42.000000, 60.000000 
4364, 825, 857, 274, 43.000000, 60.000000 
4365, 819, 854, 274, 44.000000, 60.000000 
4366, 812, 849, 274, 45.000000, 60.000000 
4367, 806, 845, 274, 46.000000, 60.000000 
4368, 799, 841, 274, 47.000000, 60.000000 
4369, 793, 836, 274, 48.000000, 60.000000 
4370, 786, 831, 274, 49.000000, 60.000000 
4371, 779, 825, 274, 50.000000, 60.000000 
4372, 772, 820, 274, 51.000000, 60.000000 
4373, 765, 814, 274, 52.000000, 60.000000 
4374, 757, 808, 274, 53.000000, 60.000000 
4375, 750, 801, 274, 54.000000, 60.000000 
4376, 742, 794, 274, 55.000000, 60.000000 
4377, 734, 787, 274, 56.000000, 60.000000 
4378, 726, 780, 274, 57.000000, 60.000000 
4379, 717, 772, 274, 58.000000, 60.000000 
4380, 708, 764, 274, 59.000000, 60.000000 
4381, 699, 755, 274, 60.000000, 60.000000 
4382, 690, 746, 274, 61.000000, 60.000000 
4383, 680, 736, 274, 62.000000, 60.000000 
4384, 671, 727, 274, 63.000000, 60.000000 
4385, 661, 717, 274, 64.000000, 60.000000 
4386, 651, 706, 274, 65.000000, 60.000000 
4387, 640, 696, 274, 66.000000, 60.000000 
4388, 630, 685, 274, 67.000000, 60.000000 
4389, 620, 674, 274, 68.000000, 60.000000 
4390, 610, 663, 274, 69.000000, 60.000000 
4391, 600, 652, 274, 70.000000, 60.000000 
4392, 590, 641, 274, 71.000000, 60.000000 
4393, 580, 630, 274, 72.000000, 60.000000 
4394, 570, 619, 274, 73.000000, 60.000000 
4395, 561, 609, 274, 74.000000, 60.000000 
4396, 551, 598, 274, 75.000000, 60.000000 
4397, 543, 587, 274, 76.000000, 60.000000 
4398, 534, 577, 274, 77.000000, 60.000000 
4399, 526, 567, 274, 78.000000, 60.000000 
4400, 518, 557, 274, 79.000000, 60.000000 
4401, 511, 548, 274, 80.000000, 60.000000 
4402, 505, 539, 274, 81.000000, 60.000000 
4403, 499, 530, 274, 82.000000, 60.000000 
4404, 493, 522, 274, 83.000000, 60.000000 
4405, 488, 514, 274, 84.000000, 60.000000 
4406, 484, 507, 274, 85.000000, 60.000000 
4407, 481, 500, 274, 86.000000, 60.000000 
4408, 478, 494, 274, 87.000000, 60.000000 
4409, 476, 489, 274, 88.000000, 60.000000 
4410, 475, 484, 274, 89.000000, 60.000000 
4411, 475, 480, 274, 90.000000, 60.000000 
4412, 476, 477, 274, 91.000000, 60.000000 
4413, 478, 474, 274, 92.000000, 60.000000 
4414, 480, 472, 274, 93.000000, 60.000000 
4415, 484, 470, 274, 94.000000, 60.000000 
4416, 488, 470, 274, 95.000000, 60.000000 
4417, 493, 469, 274, 96.000000, 60.000000 
4418, 498, 469, 274, 97.000000, 60.000000 
4419, 504, 469, 274, 98.000000, 60.000000 
4420, 511, 470, 274, 99.000000, 60.000000 
4421, 518, 470, 274, 100.000000, 60.000000 
4422, 525, 471, 274, 101.000000, 60.000000 
4423, 533, 472, 274, 102.000000, 60.000000 
4424, 541, 473, 274, 103.000000, 60.000000 
4425, 550, 474, 274, 104.000000, 60.000000 
4426, 558, 474, 274, 105.000000, 60.000000 
4427, 567, 475, 274, 106.000000, 60.000000 
4428, 577, 475, 274, 107.000000, 60.000000 
4429, 586, 475, 274, 108.000000, 60.000000 
4430, 595, 475, 274, 109.000000, 60.000000 
4431, 604, 474, 274, 110.000000, 60.000000 
4432, 614, 473, 274, 111.000000, 60.000000 
4433, 623, 472, 274, 112.000000, 60.000000 
4434, 632, 469, 274, 113.000000, 60.000000 
4435, 640, 466, 274, 114.000000, 60.000000 
4436, 649, 463, 274, 115.000000, 60.000000 
4437, 657, 458, 274, 116.000000, 60.000000 
4438, 665, 453, 274, 117.000000, 60.000000 
4439, 673, 447, 274, 118.000000, 60.000000 
4440, 680, 439, 274, 119.000000, 60.000000 
4441, 687, 431, 274, 120.000000, 60.000000 
4442, 693, 422, 274, 121.000000, 60.000000 
4443, 698, 412, 274, 122.000000, 60.000000 
4444, 704, 401, 274, 123.000000, 60.000000 
4445, 708, 389, 274, 124.000000, 60.000000 
4446, 713, 378, 274, 125.000000, 60.000000 
4447, 716, 365, 274, 126.000000, 60.000000 
4448, 720, 353, 274, 127.000000, 60.000000 
4449, 723, 341, 274, 128.000000, 60.000000 
4450, 726, 329, 274, 129.000000, 60.000000 
4451, 728, 318, 274, 130.000000, 60.000000 
4452, 731, 307, 274, 131.000000, 60.000000 
4453, 733, 297, 274, 132.000000, 60.000000 
4454, 735, 288, 274, 133.000000, 60.000000 
4455, 736, 281, 274, 134.000000, 60.000000 
4456, 738, 3569, 274, 135.000000, 60.000000 
4457, 739, 3564, 274, 136.000000, 60.000000 
4458, 740, 3560, 274, 137.000000, 60.000000 
4459, 741, 3559, 274, 138.000000, 60.000000 
4460, 742, 3559, 274, 139.000000, 60.000000 
4461, 743, 3562, 274, 140.000000, 60.000000 
4462, 744, 3567, 274, 141.000000, 60.000000 
4463, 745, 279, 274, 142.000000, 60.000000 
4464, 747, 289, 274, 143.000000, 60.000000 
4465, 748, 302, 274, 144.000000, 60.000000 
4466, 749, 318, 274, 145.000000, 60.000000 
4467, 750, 337, 274, 146.000000, 60.000000 
4468, 752, 359, 274, 147.000000, 60.000000 
4469, 754, 385, 274, 148.000000, 60.000000 
4470, 755, 415, 274, 149.000000, 60.000000 
4471, 758, 448, 274, 150.000000, 60.000000 
4472, 760, 486, 274, 151.000000, 60.000000 
4473, 763, 527, 274, 152.000000, 60.000000 
4474, 765, 571, 274, 153.000000, 60.000000 
4475, 768, 619, 274, 154.000000, 60.000000 
4476, 771, 670, 274, 155.000000, 60.000000 
4477, 775, 723, 274, 156.000000, 60.000000 
4478, 778, 779, 274, 157.000000, 60.000000 
4479, 781, 836, 274, 158.000000, 60.000000 
4480, 784, 895, 274, 159.000000, 60.000000 
4481, 788, 956, 274, 160.000000, 60.000000 
4482, 791, 1018, 274, 161.000000, 60.000000 
4483, 794, 1080, 274, 162.000000, 60.000000 
4484, 797, 1143, 274, 163.000000, 60.000000 
4485, 800, 1207, 274, 164.000000, 60.000000 
4486, 802, 1270, 274, 165.000000, 60.000000 
4487, 805, 1333, 274, 166.000000, 60.000000 
4488, 807, 1395, 274, 167.000000, 60.000000 
4489, 808, 1457, 274, 168.000000, 60.000000 
4490, 810, 1517, 274, 169.000000, 60.000000 
4491, 811, 1576, 274, 170.000000, 60.000000 
4492, 812, 1633, 274, 171.000000, 60.000000 
4493, 812, 1688, 274, 172.000000, 60.000000 
4494, 812, 1740, 274, 173.000000, 60.000000 
4495, 812, 1790, 274, 174.000000, 60.000000 
4496, 811, 1837, 274, 175.000000, 60.000000 
4497, 809, 1881, 274, 176.000000, 60.000000 
4498, 807, 1921, 274, 177.000000, 60.000000 
4499, 804, 1957, 274, 178.000000, 60.000000 
4500, 801, 1989, 274, 179.000000, 60.000000 
4501, 796, 2017, 274, 180.000000, 60.000000 
4502, 792, 2040, 274, 181.000000, 60.000000 
4503, 786, 2059, 274, 182.000000, 60.000000 
4504, 780, 2073, 274, 183.000000, 60.000000 
4505, 774, 2084, 274, 184.000000, 60.000000 
4506, 767, 2090, 274, 185.000000, 60.000000 
4507, 759, 2093, 274, 186.000000, 60.000000 
4508, 752, 2093, 274, 187.000000, 60.000000 
4509, 744, 2089, 274, 188.000000, 60.000000 
4510, 735, 2082, 274, 189.000000, 60.000000 
4511, 727, 2073, 274, 190.000000, 60.000000 
4512, 718, 2061, 274, 191.000000, 60.000000 
4513, 710, 2046, 274, 192.000000, 60.000000 
4514, 701, 2030, 274, 193.000000, 60.000000 
4515, 693, 2011, 274, 194.000000, 60.000000 
4516, 684, 1991, 274, 195.000000, 60.000000 
4517, 676, 1970, 274, 196.000000, 60.000000 
4518, 668, 1947, 274, 197.000000, 60.000000 
4519, 660, 1923, 274, 198.000000, 60.000000 
4520, 653, 1898, 274, 199.000000, 60.000000 
4521, 646, 1872, 274, 200.000000, 60.000000 
4522, 640, 1847, 274, 201.000000, 60.000000 
4523, 634, 1820, 274, 202.000000, 60.000000 
4524, 629, 1794, 274, 203.000000, 60.000000 
4525, 624, 1768, 274, 204.000000, 60.000000 
4526, 620, 1743, 274, 205.000000, 60.000000 
4527, 617, 1718, 274, 206.000000, 60.000000 
4528, 615, 1694, 274, 207.000000, 60.000000 
4529, 613, 1671, 274, 208.000000, 60.000000 
4530, 613, 1650, 274, 209.000000, 60.000000 
4531, 613, 1630, 274, 210.000000, 60.000000 
4532, 615, 1611, 274, 211.000000, 60.000000 
4533, 618, 1594, 274, 212.000000, 60.000000 
4534, 621, 1579, 274, 213.000000, 60.000000 
4535, 626, 1565, 274, 214.000000, 60.000000 
4536, 632, 1553, 274, 215.000000, 60.000000 
4537, 638, 1543, 274, 216.000000, 60.000000 
4538, 646, 1533, 274, 217.000000, 60.000000 
4539, 655, 1525, 274, 218.000000, 60.000000 
4540, 664, 1518, 274, 219.000000, 60.000000 
4541, 675, 1513, 274, 220.000000, 60.000000 
4542, 686, 1508, 274, 221.000000, 60.000000 
4543, 698, 1505, 274, 222.000000, 60.000000 
4544, 712, 1503, 274, 223.000000, 60.000000 
4545, 726, 1501, 274, 224.000000, 60.000000 
4546, 740, 1501, 274, 225.000000, 60.000000 
4547, 756, 1502, 274, 226.000000, 60.000000 
4548, 773, 1503, 274, 227.000000, 60.000000 
4549, 790, 1505, 274, 228.000000, 60.000000 
4550, 808, 1508, 274, 229.000000, 60.000000 
4551, 827, 1511, 274, 230.000000, 60.000000 
4552, 846, 1515, 274, 231.000000, 60.000000 
4553, 866, 1520, 274, 232.000000, 60.000000 
4554, 887, 1525, 274, 233.000000, 60.000000 
4555, 909, 1530, 274, 234.000000, 60.000000 
4556, 931, 1536, 274, 235.000000, 60.000000 
4557, 954, 1543, 274, 236.000000, 60.000000 
4558, 977, 1549, 274, 237.000000, 60.000000 
4559, 1002, 1556, 274, 238.000000, 60.000000 
4560, 1026, 1562, 274, 239.000000, 60.000000 
4561, 1052, 1569, 274, 240.000000, 60.000000 
4562, 1078, 1576, 274, 241.000000, 60.000000 
4563, 1104, 1583, 274, 242.000000, 60.000000 
4564, 1131, 1590, 274, 243.000000, 60.000000 
4565, 1158, 1597, 274, 244.000000, 60.000000 
4566, 1186, 1604, 274, 245.000000, 60.000000 
4567, 1213, 1610, 274, 246.000000, 60.000000 
4568, 1241, 1617, 274, 247.000000, 60.000000 
4569, 1270, 1623, 274, 248.000000, 60.000000 
4570, 1298, 1629, 274, 249.000000, 60.000000 
4571, 1326, 1635, 274, 250.000000, 60.000000 
4572, 1354, 1641, 274, 251.000000, 60.000000 
4573, 1383, 1646, 274, 252.000000, 60.000000 
4574, 1411, 1651, 274, 253.000000, 60.000000 
4575, 1438, 1656, 274, 254.000000, 60.000000 
4576, 1466, 1660, 274, 255.000000, 60.000000 
4577, 1493, 1664, 274, 256.000000, 60.000000 
4578, 1520, 1667, 274, 257.000000, 60.000000 
4579, 1546, 1670, 274, 258.000000, 60.000000 
4580, 1572, 1673, 274, 259.000000, 60.000000 
4581, 1597, 1674, 274, 260.000000, 60.000000 
4582, 1622, 1676, 274, 261.000000, 60.000000 
4583, 1645, 1676, 274, 262.000000, 60.000000 
4584, 1668, 1676, 274, 263.000000, 60.000000 
4585, 1691, 1676, 274, 264.000000, 60.000000 
4586, 1712, 1674, 274, 265.000000, 60.000000 
4587, 1732, 1672, 274, 266.000000, 60.000000 
4588, 1752, 1669, 274, 267.000000, 60.000000 
4589, 1770, 1666, 274, 268.000000, 60.000000 
4590, 1787, 1661, 274, 269.000000, 60.000000 
4591, 1803, 1656, 274, 270.000000, 60.000000 
4592, 1818, 1650, 274, 271.000000, 60.000000 
4593, 1832, 1642, 274, 272.000000, 60.000000 
4594, 1844, 1635, 274, 273.000000, 60.000000 
4595, 1856, 1626, 274, 274.000000, 60.000000 
4596, 1866, 1617, 274, 275.000000, 60.000000 
4597, 1875, 1607, 274, 276.000000, 60.000000 
4598, 1884, 1596, 274, 277.000000, 60.000000 
4599, 1891, 1585, 274, 278.000000, 60.000000 
4600, 1898, 1573, 274, 279.000000, 60.000000 
4601, 1904, 1561, 274, 280.000000, 60.000000 
4602, 1909, 1549, 274, 281.000000, 60.000000 
4603, 1914, 1536, 274, 282.000000, 60.000000 
4604, 1917, 1522, 274, 283.000000, 60.000000 
4605, 1921, 1509, 274, 284.000000, 60.000000 
4606, 1924, 1495, 274, 285.000000, 60.000000 
4607, 1926, 1481, 274, 286.000000, 60.000000 
4608, 1928, 1467, 274, 287.000000, 60.000000 
4609, 1929, 1453, 274, 288.000000, 60.000000 
4610, 1930, 1439, 274, 289.000000, 60.000000 
4611, 1931, 1424, 274, 290.000000, 60.000000 
4612, 1932, 1410, 274, 291.000000, 60.000000 
4613, 1933, 1396, 274, 292.000000, 60.000000 
4614, 1933, 1382, 274, 293.000000, 60.000000 
4615, 1934, 1368, 274, 294.000000, 60.000000 
4616, 1934, 1354, 274, 295.000000, 60.000000 
4617, 1934, 1341, 274, 296.000000, 60.000000 
4618, 1935, 1328, 274, 297.000000, 60.000000 
4619, 1936, 1315, 274, 298.000000, 60.000000 
4620, 1936, 1303, 274, 299.000000, 60.000000 
4621, 1938, 1291, 274, 300.000000, 60.000000 
4622, 1939, 1280, 274, 301.000000, 60.000000 
4623, 1941, 1269, 274, 302.000000, 60.000000 
4624, 1943, 1259, 274, 303.000000, 60.000000 
4625, 1945, 1249, 274, 304.000000, 60.000000 
4626, 1947, 1239, 274, 305.000000, 60.000000 
4627, 1950, 1230, 274, 306.000000, 60.000000 
4628, 1952, 1222, 274, 307.000000, 60.000000 
4629, 1955, 1214, 274, 308.000000, 60.000000 
4630, 1958, 1207, 274, 309.000000, 60.000000 
4631, 1961, 1200, 274, 310.000000, 60.000000 
4632, 1964, 1193, 274, 311.000000, 60.000000 
4633, 1966, 1187, 274, 312.000000, 60.000000 
4634, 1969, 1182, 274, 313.000000, 60.000000 
4635, 1972, 1177, 274, 314.000000, 60.000000 
4636, 1974, 1172, 274, 315.000000, 60.000000 
4637, 1977, 1168, 274, 316.000000, 60.000000 
4638, 1979, 1164, 274, 317.000000, 60.000000 
4639, 1981, 1161, 274, 318.000000, 60.000000 
4640, 1983, 1159, 274, 319.000000, 60.000000 
4641, 1985, 1156, 274, 320.000000, 60.000000 
4642, 1986, 1154, 274, 321.000000, 60.000000 
4643, 1987, 1153, 274, 322.000000, 60.000000 
4644, 1987, 1152, 274, 323.000000, 60.000000 
4645, 1987, 1152, 274, 324.000000, 60.000000 
4646, 1987, 1152, 274, 325.000000, 60.000000 
4647, 1986, 1152, 274, 326.000000, 60.000000 
4648, 1985, 1153, 274, 327.000000, 60.000000 
4649, 1984, 1154, 274, 328.000000, 60.000000 
4650, 1981, 1156, 274, 329.000000, 60.000000 
4651, 1979, 1158, 274, 330.000000, 60.000000 
4652, 1975, 1161, 274, 331.000000, 60.000000 
4653, 1971, 1164, 274, 332.000000, 60.000000 
4654, 1966, 1168, 274, 333.000000, 60.000000 
4655, 1961, 1171, 274, 334.000000, 60.000000 
4656, 1955, 1176, 274, 335.000000, 60.000000 
4657, 1947, 1180, 274, 336.000000, 60.000000 
4658, 1939, 1185, 274, 337.000000, 60.000000 
4659, 1930, 1190, 274, 338.000000, 60.000000 
4660, 1919, 1196, 274, 339.000000, 60.000000 
4661, 1908, 1201, 274, 340.000000, 60.000000 
4662, 1895, 1207, 274, 341.000000, 60.000000 
4663, 1881, 1214, 274, 342.000000, 60.000000 
4664, 1866, 1220, 274, 343.000000, 60.000000 
4665, 1849, 1227, 274, 344.000000, 60.000000 
4666, 1831, 1234, 274, 345.000000, 60.000000 
4667, 1812, 1241, 274, 346.000000, 60.000000 
4668, 1791, 1248, 274, 347.000000, 60.000000 
4669, 1768, 1255, 274, 348.000000, 60.000000 
4670, 1743, 1262, 274, 349.000000, 60.000000 
4671, 1717, 1270, 274, 350.000000, 60.000000 
4672, 1689, 1277, 274, 351.000000, 60.000000 
4673, 1659, 1285, 274, 352.000000, 60.000000 
4674, 1628, 1293, 274, 353.000000, 60.000000 
4675, 1594, 1300, 274, 354.000000, 60.000000 
4676, 1558, 1308, 274, 355.000000, 60.000000 
4677, 1520, 1316, 274, 356.000000, 60.000000 
4678, 1480, 1323, 274, 357.000000, 60.000000 
4679, 1438, 1331, 274, 358.000000, 60.000000 
4680, 1393, 1339, 274, 359.000000, 60.000000 
