1706,	1325,	274,	1,	5
1693,	1305,	274,	2,	5
1682,	1284,	274,	3,	5
1668,	1265,	274,	4,	5
1650,	1248,	274,	5,	5
1631,	1234,	274,	6,	5
1611,	1223,	274,	7,	5
1591,	1215,	274,	8,	5
1572,	1210,	274,	9,	5
1556,	1210,	274,	10,	5
1541,	1206,	274,	11,	5
1529,	1197,	274,	12,	5
1520,	1184,	274,	13,	5
1513,	1169,	274,	14,	5
1512,	1155,	274,	15,	5
1508,	1142,	274,	16,	5
1501,	1121,	274,	17,	5
1492,	1091,	274,	18,	5
1479,	1059,	274,	19,	5
1463,	1047,	274,	20,	5
1442,	1031,	274,	21,	5
1416,	1007,	274,	22,	5
1388,	977,	274,	23,	5
1371,	946,	274,	24,	5
1356,	922,	274,	25,	5
1333,	909,	274,	26,	5
1303,	907,	274,	27,	5
1271,	902,	274,	28,	5
1243,	889,	274,	29,	5
1222,	868,	274,	30,	5
1212,	840,	274,	31,	5
1208,	801,	274,	32,	5
1191,	769,	274,	33,	5
1166,	720,	274,	34,	5
1143,	667,	274,	35,	5
1105,	630,	274,	36,	5
1056,	605,	274,	37,	5
1038,	598,	274,	38,	5
1005,	576,	274,	39,	5
962,	529,	274,	40,	5
927,	488,	274,	41,	5
909,	448,	274,	42,	5
907,	435,	274,	43,	5
898,	402,	274,	44,	5
880,	354,	274,	45,	5
855,	315,	274,	46,	5
822,	302,	274,	47,	5
787,	294,	274,	48,	5
753,	3852,	274,	49,	5
706,	3682,	274,	50,	5
661,	3627,	274,	51,	5
630,	3582,	274,	52,	5
609,	3510,	274,	53,	5
603,	3410,	274,	54,	5
591,	3335,	274,	55,	5
572,	3327,	274,	56,	5
536,	3300,	274,	57,	5
492,	3269,	274,	58,	5
482,	3236,	274,	59,	5
448,	3194,	274,	60,	5
441,	3148,	274,	61,	5
426,	3103,	274,	62,	5
403,	3067,	274,	63,	5
374,	3042,	274,	64,	5
345,	3029,	274,	65,	5
322,	3027,	274,	66,	5
307,	3026,	274,	67,	5
302,	3023,	274,	68,	5
300,	3019,	274,	69,	5
294,	3016,	274,	70,	5
286,	3014,	274,	71,	5
275,	3013,	274,	72,	5
3935,	3013,	274,	73,	5
3899,	3014,	274,	74,	5
3820,	3016,	274,	75,	5
3757,	3019,	274,	76,	5
3663,	3022,	274,	77,	5
3632,	3025,	274,	78,	5
3628,	3027,	274,	79,	5
3609,	3027,	274,	80,	5
3591,	3029,	274,	81,	5
3570,	3038,	274,	82,	5
3543,	3051,	274,	83,	5
3513,	3071,	274,	84,	5
3481,	3094,	274,	85,	5
3447,	3121,	274,	86,	5
3413,	3150,	274,	87,	5
3383,	3178,	274,	88,	5
3359,	3204,	274,	89,	5
3342,	3227,	274,	90,	5
3333,	3247,	274,	91,	5
3330,	3264,	274,	92,	5
3330,	3276,	274,	93,	5
3329,	3293,	274,	94,	5
3328,	3309,	274,	95,	5
3326,	3322,	274,	96,	5
3324,	3329,	274,	97,	5
3322,	3330,	274,	98,	5
3319,	3338,	274,	99,	5
3317,	3367,	274,	100,	5
3315,	3408,	274,	101,	5
3314,	3454,	274,	102,	5
3312,	3497,	274,	103,	5
3312,	3536,	274,	104,	5
3311,	3568,	274,	105,	5
3311,	3592,	274,	106,	5
3311,	3613,	274,	107,	5
3311,	3630,	274,	108,	5
3312,	3631,	274,	109,	5
3313,	3695,	274,	110,	5
3314,	3789,	274,	111,	5
3315,	3856,	274,	112,	5
3316,	3923,	274,	113,	5
3317,	3935,	274,	114,	5
3319,	284,	274,	115,	5
3320,	293,	274,	116,	5
3321,	299,	274,	117,	5
3322,	302,	274,	118,	5
3323,	305,	274,	119,	5
3323,	316,	274,	120,	5
3324,	337,	274,	121,	5
3325,	363,	274,	122,	5
3325,	392,	274,	123,	5
3326,	417,	274,	124,	5
3326,	435,	274,	125,	5
3326,	445,	274,	126,	5
3327,	461,	274,	127,	5
3327,	478,	274,	128,	5
3327,	497,	274,	129,	5
3328,	544,	274,	130,	5
3328,	574,	274,	131,	5
3329,	591,	274,	132,	5
3329,	601,	274,	133,	5
3330,	605,	274,	134,	5
3330,	620,	274,	135,	5
3330,	641,	274,	136,	5
3330,	669,	274,	137,	5
3330,	706,	274,	138,	5
3334,	744,	274,	139,	5
3340,	775,	274,	140,	5
3351,	795,	274,	141,	5
3367,	824,	274,	142,	5
3387,	848,	274,	143,	5
3412,	867,	274,	144,	5
3441,	882,	274,	145,	5
3472,	893,	274,	146,	5
3502,	901,	274,	147,	5
3532,	906,	274,	148,	5
3559,	908,	274,	149,	5
3583,	908,	274,	150,	5
3600,	912,	274,	151,	5
3623,	920,	274,	152,	5
3632,	929,	274,	153,	5
3649,	939,	274,	154,	5
3746,	949,	274,	155,	5
3818,	960,	274,	156,	5
3901,	969,	274,	157,	5
3935,	978,	274,	158,	5
280,	986,	274,	159,	5
290,	993,	274,	160,	5
298,	999,	274,	161,	5
302,	1004,	274,	162,	5
303,	1009,	274,	163,	5
311,	1013,	274,	164,	5
326,	1017,	274,	165,	5
347,	1021,	274,	166,	5
371,	1025,	274,	167,	5
395,	1029,	274,	168,	5
415,	1033,	274,	169,	5
430,	1037,	274,	170,	5
440,	1041,	274,	171,	5
446,	1045,	274,	172,	5
454,	1049,	274,	173,	5
476,	1052,	274,	174,	5
478,	1059,	274,	175,	5
492,	1073,	274,	176,	5
505,	1094,	274,	177,	5
530,	1114,	274,	178,	5
549,	1133,	274,	179,	5
563,	1148,	274,	180,	5
572,	1161,	274,	181,	5
578,	1178,	274,	182,	5
583,	1196,	274,	183,	5
586,	1208,	274,	184,	5
589,	1211,	274,	185,	5
591,	1222,	274,	186,	5
592,	1245,	274,	187,	5
593,	1279,	274,	188,	5
594,	1321,	274,	189,	5
594,	1356,	274,	190,	5
594,	1378,	274,	191,	5
593,	1423,	274,	192,	5
593,	1465,	274,	193,	5
592,	1493,	274,	194,	5
591,	1509,	274,	195,	5
589,	1516,	274,	196,	5
588,	1540,	274,	197,	5
586,	1579,	274,	198,	5
584,	1629,	274,	199,	5
582,	1672,	274,	200,	5
580,	1697,	274,	201,	5
578,	1734,	274,	202,	5
577,	1764,	274,	203,	5
575,	1787,	274,	204,	5
574,	1803,	274,	205,	5
572,	1813,	274,	206,	5
572,	1816,	274,	207,	5
571,	1818,	274,	208,	5
571,	1828,	274,	209,	5
572,	1844,	274,	210,	5
574,	1859,	274,	211,	5
575,	1872,	274,	212,	5
578,	1881,	274,	213,	5
581,	1888,	274,	214,	5
584,	1892,	274,	215,	5
587,	1893,	274,	216,	5
591,	1893,	274,	217,	5
594,	1890,	274,	218,	5
598,	1885,	274,	219,	5
601,	1878,	274,	220,	5
603,	1870,	274,	221,	5
604,	1859,	274,	222,	5
605,	1847,	274,	223,	5
609,	1836,	274,	224,	5
616,	1825,	274,	225,	5
623,	1818,	274,	226,	5
632,	1816,	274,	227,	5
642,	1815,	274,	228,	5
654,	1813,	274,	229,	5
669,	1807,	274,	230,	5
686,	1800,	274,	231,	5
705,	1790,	274,	232,	5
724,	1779,	274,	233,	5
743,	1765,	274,	234,	5
761,	1751,	274,	235,	5
776,	1736,	274,	236,	5
787,	1720,	274,	237,	5
797,	1702,	274,	238,	5
813,	1693,	274,	239,	5
829,	1684,	274,	240,	5
842,	1673,	274,	241,	5
853,	1662,	274,	242,	5
863,	1651,	274,	243,	5
872,	1641,	274,	244,	5
881,	1633,	274,	245,	5
888,	1626,	274,	246,	5
894,	1620,	274,	247,	5
899,	1616,	274,	248,	5
903,	1613,	274,	249,	5
906,	1612,	274,	250,	5
907,	1612,	274,	251,	5
908,	1614,	274,	252,	5
908,	1617,	274,	253,	5
910,	1621,	274,	254,	5
916,	1627,	274,	255,	5
924,	1634,	274,	256,	5
934,	1641,	274,	257,	5
947,	1649,	274,	258,	5
962,	1658,	274,	259,	5
979,	1667,	274,	260,	5
996,	1676,	274,	261,	5
1012,	1685,	274,	262,	5
1026,	1692,	274,	263,	5
1038,	1698,	274,	264,	5
1048,	1711,	274,	265,	5
1054,	1724,	274,	266,	5
1072,	1737,	274,	267,	5
1098,	1749,	274,	268,	5
1122,	1760,	274,	269,	5
1140,	1772,	274,	270,	5
1153,	1782,	274,	271,	5
1166,	1792,	274,	272,	5
1181,	1800,	274,	273,	5
1196,	1807,	274,	274,	5
1207,	1812,	274,	275,	5
1210,	1815,	274,	276,	5
1213,	1816,	274,	277,	5
1223,	1817,	274,	278,	5
1238,	1822,	274,	279,	5
1260,	1834,	274,	280,	5
1287,	1848,	274,	281,	5
1315,	1864,	274,	282,	5
1342,	1880,	274,	283,	5
1363,	1895,	274,	284,	5
1376,	1909,	274,	285,	5
1402,	1923,	274,	286,	5
1435,	1938,	274,	287,	5
1462,	1954,	274,	288,	5
1482,	1979,	274,	289,	5
1498,	1992,	274,	290,	5
1508,	2009,	274,	291,	5
1513,	2024,	274,	292,	5
1520,	2038,	274,	293,	5
1536,	2050,	274,	294,	5
1560,	2061,	274,	295,	5
1589,	2070,	274,	296,	5
1622,	2078,	274,	297,	5
1653,	2084,	274,	298,	5
1679,	2088,	274,	299,	5
1696,	2092,	274,	300,	5
1719,	2095,	274,	301,	5
1742,	2096,	274,	302,	5
1762,	2097,	274,	303,	5
1779,	2096,	274,	304,	5
1793,	2095,	274,	305,	5
1804,	2093,	274,	306,	5
1811,	2090,	274,	307,	5
1815,	2086,	274,	308,	5
1816,	2081,	274,	309,	5
1819,	2074,	274,	310,	5
1829,	2066,	274,	311,	5
1844,	2057,	274,	312,	5
1861,	2046,	274,	313,	5
1878,	2034,	274,	314,	5
1892,	2019,	274,	315,	5
1906,	2004,	274,	316,	5
1919,	1985,	274,	317,	5
1932,	1965,	274,	318,	5
1944,	1948,	274,	319,	5
1957,	1933,	274,	320,	5
1976,	1918,	274,	321,	5
1982,	1903,	274,	322,	5
1997,	1888,	274,	323,	5
2006,	1872,	274,	324,	5
2014,	1855,	274,	325,	5
2020,	1838,	274,	326,	5
2025,	1824,	274,	327,	5
2028,	1817,	274,	328,	5
2029,	1816,	274,	329,	5
2029,	1814,	274,	330,	5
2027,	1810,	274,	331,	5
2023,	1802,	274,	332,	5
2018,	1792,	274,	333,	5
2011,	1780,	274,	334,	5
2002,	1765,	274,	335,	5
1992,	1748,	274,	336,	5
1976,	1729,	274,	337,	5
1963,	1707,	274,	338,	5
1951,	1691,	274,	339,	5
1938,	1675,	274,	340,	5
1925,	1653,	274,	341,	5
1913,	1627,	274,	342,	5
1900,	1599,	274,	343,	5
1887,	1573,	274,	344,	5
1873,	1551,	274,	345,	5
1857,	1533,	274,	346,	5
1842,	1520,	274,	347,	5
1829,	1513,	274,	348,	5
1819,	1511,	274,	349,	5
1816,	1505,	274,	350,	5
1816,	1496,	274,	351,	5
1813,	1484,	274,	352,	5
1809,	1469,	274,	353,	5
1801,	1450,	274,	354,	5
1792,	1428,	274,	355,	5
1782,	1403,	274,	356,	5
1769,	1382,	274,	357,	5
1755,	1371,	274,	358,	5
1740,	1359,	274,	359,	5
1724,	1343,	274,	360,	5
1614,	908,	274,	1,	10
1576,	908,	274,	2,	10
1546,	907,	274,	3,	10
1525,	905,	274,	4,	10
1513,	902,	274,	5,	10
1510,	898,	274,	6,	10
1501,	894,	274,	7,	10
1487,	888,	274,	8,	10
1469,	883,	274,	9,	10
1445,	876,	274,	10,	10
1416,	869,	274,	11,	10
1387,	861,	274,	12,	10
1371,	854,	274,	13,	10
1356,	845,	274,	14,	10
1335,	836,	274,	15,	10
1311,	826,	274,	16,	10
1285,	815,	274,	17,	10
1260,	803,	274,	18,	10
1240,	793,	274,	19,	10
1225,	787,	274,	20,	10
1215,	779,	274,	21,	10
1210,	769,	274,	22,	10
1209,	757,	274,	23,	10
1201,	744,	274,	24,	10
1187,	729,	274,	25,	10
1172,	714,	274,	26,	10
1157,	698,	274,	27,	10
1143,	683,	274,	28,	10
1124,	668,	274,	29,	10
1096,	655,	274,	30,	10
1065,	644,	274,	31,	10
1050,	633,	274,	32,	10
1039,	624,	274,	33,	10
1021,	616,	274,	34,	10
999,	605,	274,	35,	10
974,	605,	274,	36,	10
949,	603,	274,	37,	10
929,	600,	274,	38,	10
915,	595,	274,	39,	10
908,	589,	274,	40,	10
908,	581,	274,	41,	10
905,	571,	274,	42,	10
899,	558,	274,	43,	10
890,	540,	274,	44,	10
877,	516,	274,	45,	10
862,	494,	274,	46,	10
844,	501,	274,	47,	10
821,	484,	274,	48,	10
796,	476,	274,	49,	10
779,	460,	274,	50,	10
754,	448,	274,	51,	10
723,	446,	274,	52,	10
690,	442,	274,	53,	10
661,	437,	274,	54,	10
638,	430,	274,	55,	10
621,	422,	274,	56,	10
605,	414,	274,	57,	10
603,	404,	274,	58,	10
597,	394,	274,	59,	10
585,	383,	274,	60,	10
568,	372,	274,	61,	10
537,	363,	274,	62,	10
495,	354,	274,	63,	10
477,	346,	274,	64,	10
464,	340,	274,	65,	10
446,	334,	274,	66,	10
438,	329,	274,	67,	10
423,	325,	274,	68,	10
401,	322,	274,	69,	10
373,	320,	274,	70,	10
345,	318,	274,	71,	10
322,	317,	274,	72,	10
307,	316,	274,	73,	10
302,	316,	274,	74,	10
301,	317,	274,	75,	10
295,	318,	274,	76,	10
287,	320,	274,	77,	10
276,	323,	274,	78,	10
3933,	327,	274,	79,	10
3886,	332,	274,	80,	10
3816,	338,	274,	81,	10
3759,	345,	274,	82,	10
3678,	354,	274,	83,	10
3632,	364,	274,	84,	10
3632,	376,	274,	85,	10
3628,	389,	274,	86,	10
3619,	402,	274,	87,	10
3609,	415,	274,	88,	10
3601,	426,	274,	89,	10
3598,	435,	274,	90,	10
3596,	443,	274,	91,	10
3597,	447,	274,	92,	10
3599,	461,	274,	93,	10
3604,	485,	274,	94,	10
3614,	498,	274,	95,	10
3624,	507,	274,	96,	10
3631,	545,	274,	97,	10
3632,	571,	274,	98,	10
3639,	586,	274,	99,	10
3693,	597,	274,	100,	10
3767,	604,	274,	101,	10
3817,	605,	274,	102,	10
3879,	623,	274,	103,	10
3928,	643,	274,	104,	10
3935,	669,	274,	105,	10
281,	704,	274,	106,	10
289,	740,	274,	107,	10
295,	771,	274,	108,	10
300,	791,	274,	109,	10
302,	819,	274,	110,	10
303,	844,	274,	111,	10
308,	864,	274,	112,	10
318,	880,	274,	113,	10
331,	893,	274,	114,	10
346,	901,	274,	115,	10
362,	906,	274,	116,	10
378,	908,	274,	117,	10
393,	909,	274,	118,	10
405,	917,	274,	119,	10
415,	929,	274,	120,	10
423,	944,	274,	121,	10
429,	960,	274,	122,	10
433,	977,	274,	123,	10
436,	992,	274,	124,	10
439,	1004,	274,	125,	10
440,	1015,	274,	126,	10
441,	1023,	274,	127,	10
442,	1029,	274,	128,	10
442,	1034,	274,	129,	10
443,	1038,	274,	130,	10
442,	1041,	274,	131,	10
442,	1043,	274,	132,	10
441,	1044,	274,	133,	10
440,	1044,	274,	134,	10
439,	1045,	274,	135,	10
438,	1044,	274,	136,	10
436,	1044,	274,	137,	10
434,	1043,	274,	138,	10
432,	1041,	274,	139,	10
429,	1039,	274,	140,	10
426,	1037,	274,	141,	10
423,	1034,	274,	142,	10
420,	1031,	274,	143,	10
416,	1027,	274,	144,	10
412,	1023,	274,	145,	10
409,	1019,	274,	146,	10
405,	1014,	274,	147,	10
402,	1009,	274,	148,	10
399,	1005,	274,	149,	10
397,	1000,	274,	150,	10
394,	995,	274,	151,	10
393,	990,	274,	152,	10
392,	986,	274,	153,	10
392,	982,	274,	154,	10
392,	978,	274,	155,	10
393,	975,	274,	156,	10
394,	972,	274,	157,	10
396,	969,	274,	158,	10
399,	967,	274,	159,	10
402,	966,	274,	160,	10
405,	965,	274,	161,	10
408,	964,	274,	162,	10
412,	964,	274,	163,	10
416,	964,	274,	164,	10
420,	965,	274,	165,	10
424,	967,	274,	166,	10
428,	969,	274,	167,	10
432,	972,	274,	168,	10
436,	975,	274,	169,	10
439,	979,	274,	170,	10
442,	984,	274,	171,	10
444,	990,	274,	172,	10
446,	996,	274,	173,	10
448,	1002,	274,	174,	10
453,	1009,	274,	175,	10
464,	1017,	274,	176,	10
475,	1024,	274,	177,	10
487,	1032,	274,	178,	10
484,	1039,	274,	179,	10
498,	1045,	274,	180,	10
492,	1050,	274,	181,	10
506,	1055,	274,	182,	10
525,	1069,	274,	183,	10
542,	1090,	274,	184,	10
556,	1111,	274,	185,	10
568,	1129,	274,	186,	10
576,	1143,	274,	187,	10
583,	1154,	274,	188,	10
590,	1167,	274,	189,	10
595,	1181,	274,	190,	10
599,	1194,	274,	191,	10
602,	1205,	274,	192,	10
604,	1210,	274,	193,	10
605,	1212,	274,	194,	10
611,	1220,	274,	195,	10
618,	1235,	274,	196,	10
626,	1257,	274,	197,	10
636,	1284,	274,	198,	10
647,	1315,	274,	199,	10
659,	1344,	274,	200,	10
674,	1366,	274,	201,	10
691,	1383,	274,	202,	10
709,	1418,	274,	203,	10
727,	1453,	274,	204,	10
744,	1480,	274,	205,	10
760,	1499,	274,	206,	10
774,	1510,	274,	207,	10
785,	1515,	274,	208,	10
794,	1534,	274,	209,	10
807,	1567,	274,	210,	10
822,	1610,	274,	211,	10
835,	1656,	274,	212,	10
847,	1689,	274,	213,	10
857,	1721,	274,	214,	10
867,	1756,	274,	215,	10
875,	1784,	274,	216,	10
883,	1805,	274,	217,	10
890,	1815,	274,	218,	10
895,	1818,	274,	219,	10
900,	1843,	274,	220,	10
904,	1881,	274,	221,	10
906,	1916,	274,	222,	10
907,	1956,	274,	223,	10
908,	2009,	274,	224,	10
908,	2054,	274,	225,	10
911,	2090,	274,	226,	10
917,	2113,	274,	227,	10
926,	2119,	274,	228,	10
936,	2140,	274,	229,	10
949,	2173,	274,	230,	10
963,	2215,	274,	231,	10
979,	2261,	274,	232,	10
995,	2298,	274,	233,	10
1009,	2322,	274,	234,	10
1023,	2350,	274,	235,	10
1034,	2373,	274,	236,	10
1044,	2391,	274,	237,	10
1050,	2404,	274,	238,	10
1056,	2413,	274,	239,	10
1074,	2418,	274,	240,	10
1095,	2421,	274,	241,	10
1115,	2421,	274,	242,	10
1132,	2422,	274,	243,	10
1144,	2425,	274,	244,	10
1154,	2429,	274,	245,	10
1164,	2432,	274,	246,	10
1175,	2435,	274,	247,	10
1186,	2437,	274,	248,	10
1197,	2437,	274,	249,	10
1205,	2436,	274,	250,	10
1210,	2434,	274,	251,	10
1210,	2431,	274,	252,	10
1214,	2427,	274,	253,	10
1220,	2424,	274,	254,	10
1230,	2422,	274,	255,	10
1243,	2421,	274,	256,	10
1260,	2421,	274,	257,	10
1279,	2419,	274,	258,	10
1301,	2415,	274,	259,	10
1323,	2410,	274,	260,	10
1343,	2401,	274,	261,	10
1359,	2391,	274,	262,	10
1371,	2378,	274,	263,	10
1384,	2362,	274,	264,	10
1409,	2342,	274,	265,	10
1435,	2321,	274,	266,	10
1458,	2304,	274,	267,	10
1477,	2278,	274,	268,	10
1491,	2246,	274,	269,	10
1503,	2212,	274,	270,	10
1510,	2181,	274,	271,	10
1513,	2154,	274,	272,	10
1522,	2133,	274,	273,	10
1539,	2119,	274,	274,	10
1562,	2116,	274,	275,	10
1592,	2106,	274,	276,	10
1626,	2088,	274,	277,	10
1657,	2063,	274,	278,	10
1683,	2033,	274,	279,	10
1699,	2000,	274,	280,	10
1729,	1963,	274,	281,	10
1753,	1934,	274,	282,	10
1774,	1909,	274,	283,	10
1792,	1886,	274,	284,	10
1805,	1861,	274,	285,	10
1813,	1837,	274,	286,	10
1816,	1821,	274,	287,	10
1820,	1816,	274,	288,	10
1838,	1814,	274,	289,	10
1863,	1808,	274,	290,	10
1889,	1798,	274,	291,	10
1913,	1785,	274,	292,	10
1938,	1769,	274,	293,	10
1971,	1750,	274,	294,	10
2007,	1730,	274,	295,	10
2039,	1707,	274,	296,	10
2067,	1691,	274,	297,	10
2090,	1675,	274,	298,	10
2107,	1655,	274,	299,	10
2116,	1631,	274,	300,	10
2119,	1607,	274,	301,	10
2131,	1584,	274,	302,	10
2148,	1564,	274,	303,	10
2170,	1548,	274,	304,	10
2196,	1534,	274,	305,	10
2223,	1524,	274,	306,	10
2251,	1517,	274,	307,	10
2277,	1513,	274,	308,	10
2298,	1512,	274,	309,	10
2313,	1509,	274,	310,	10
2323,	1505,	274,	311,	10
2340,	1499,	274,	312,	10
2354,	1492,	274,	313,	10
2365,	1485,	274,	314,	10
2374,	1476,	274,	315,	10
2382,	1466,	274,	316,	10
2388,	1455,	274,	317,	10
2393,	1442,	274,	318,	10
2397,	1428,	274,	319,	10
2399,	1413,	274,	320,	10
2401,	1397,	274,	321,	10
2402,	1384,	274,	322,	10
2402,	1374,	274,	323,	10
2401,	1369,	274,	324,	10
2400,	1361,	274,	325,	10
2397,	1351,	274,	326,	10
2393,	1339,	274,	327,	10
2388,	1324,	274,	328,	10
2381,	1309,	274,	329,	10
2372,	1292,	274,	330,	10
2360,	1275,	274,	331,	10
2345,	1259,	274,	332,	10
2325,	1245,	274,	333,	10
2313,	1232,	274,	334,	10
2292,	1222,	274,	335,	10
2264,	1215,	274,	336,	10
2230,	1210,	274,	337,	10
2196,	1210,	274,	338,	10
2164,	1206,	274,	339,	10
2139,	1198,	274,	340,	10
2120,	1186,	274,	341,	10
2116,	1173,	274,	342,	10
2103,	1160,	274,	343,	10
2079,	1149,	274,	344,	10
2046,	1136,	274,	345,	10
2006,	1117,	274,	346,	10
1960,	1093,	274,	347,	10
1924,	1067,	274,	348,	10
1894,	1052,	274,	349,	10
1862,	1045,	274,	350,	10
1832,	1034,	274,	351,	10
1816,	1020,	274,	352,	10
1814,	1003,	274,	353,	10
1805,	985,	274,	354,	10
1788,	966,	274,	355,	10
1766,	949,	274,	356,	10
1738,	934,	274,	357,	10
1706,	923,	274,	358,	10
1683,	914,	274,	359,	10
1652,	909,	274,	360,	10
1958,	1072,	274,	1,	15
2033,	1082,	274,	2,	15
2086,	1093,	274,	3,	15
2114,	1104,	274,	4,	15
2122,	1114,	274,	5,	15
2146,	1123,	274,	6,	15
2177,	1132,	274,	7,	15
2209,	1140,	274,	8,	15
2239,	1146,	274,	9,	15
2262,	1151,	274,	10,	15
2279,	1156,	274,	11,	15
2289,	1162,	274,	12,	15
2295,	1168,	274,	13,	15
2296,	1175,	274,	14,	15
2294,	1182,	274,	15,	15
2289,	1188,	274,	16,	15
2279,	1194,	274,	17,	15
2266,	1199,	274,	18,	15
2248,	1204,	274,	19,	15
2227,	1207,	274,	20,	15
2203,	1209,	274,	21,	15
2180,	1210,	274,	22,	15
2158,	1210,	274,	23,	15
2139,	1210,	274,	24,	15
2124,	1212,	274,	25,	15
2118,	1214,	274,	26,	15
2112,	1216,	274,	27,	15
2099,	1219,	274,	28,	15
2079,	1222,	274,	29,	15
2054,	1225,	274,	30,	15
2026,	1229,	274,	31,	15
1995,	1232,	274,	32,	15
1961,	1235,	274,	33,	15
1935,	1238,	274,	34,	15
1913,	1241,	274,	35,	15
1893,	1244,	274,	36,	15
1873,	1247,	274,	37,	15
1852,	1250,	274,	38,	15
1833,	1252,	274,	39,	15
1820,	1255,	274,	40,	15
1816,	1257,	274,	41,	15
1815,	1260,	274,	42,	15
1812,	1262,	274,	43,	15
1806,	1265,	274,	44,	15
1797,	1268,	274,	45,	15
1786,	1270,	274,	46,	15
1773,	1274,	274,	47,	15
1759,	1277,	274,	48,	15
1743,	1280,	274,	49,	15
1726,	1284,	274,	50,	15
1707,	1289,	274,	51,	15
1693,	1293,	274,	52,	15
1681,	1299,	274,	53,	15
1664,	1304,	274,	54,	15
1644,	1310,	274,	55,	15
1623,	1317,	274,	56,	15
1600,	1324,	274,	57,	15
1579,	1331,	274,	58,	15
1561,	1339,	274,	59,	15
1545,	1347,	274,	60,	15
1532,	1355,	274,	61,	15
1521,	1362,	274,	62,	15
1513,	1368,	274,	63,	15
1513,	1373,	274,	64,	15
1510,	1381,	274,	65,	15
1505,	1393,	274,	66,	15
1498,	1409,	274,	67,	15
1490,	1425,	274,	68,	15
1480,	1441,	274,	69,	15
1469,	1455,	274,	70,	15
1455,	1468,	274,	71,	15
1439,	1479,	274,	72,	15
1422,	1489,	274,	73,	15
1404,	1497,	274,	74,	15
1388,	1503,	274,	75,	15
1376,	1508,	274,	76,	15
1370,	1512,	274,	77,	15
1362,	1513,	274,	78,	15
1353,	1516,	274,	79,	15
1342,	1522,	274,	80,	15
1330,	1530,	274,	81,	15
1317,	1540,	274,	82,	15
1305,	1552,	274,	83,	15
1292,	1564,	274,	84,	15
1280,	1577,	274,	85,	15
1269,	1590,	274,	86,	15
1259,	1603,	274,	87,	15
1251,	1616,	274,	88,	15
1243,	1627,	274,	89,	15
1237,	1637,	274,	90,	15
1231,	1646,	274,	91,	15
1227,	1653,	274,	92,	15
1223,	1659,	274,	93,	15
1220,	1664,	274,	94,	15
1217,	1667,	274,	95,	15
1215,	1670,	274,	96,	15
1214,	1671,	274,	97,	15
1213,	1672,	274,	98,	15
1212,	1672,	274,	99,	15
1210,	1671,	274,	100,	15
1210,	1669,	274,	101,	15
1210,	1667,	274,	102,	15
1210,	1663,	274,	103,	15
1210,	1659,	274,	104,	15
1210,	1654,	274,	105,	15
1210,	1648,	274,	106,	15
1210,	1641,	274,	107,	15
1209,	1632,	274,	108,	15
1209,	1623,	274,	109,	15
1208,	1613,	274,	110,	15
1207,	1602,	274,	111,	15
1206,	1591,	274,	112,	15
1205,	1579,	274,	113,	15
1204,	1568,	274,	114,	15
1203,	1557,	274,	115,	15
1201,	1547,	274,	116,	15
1200,	1537,	274,	117,	15
1198,	1529,	274,	118,	15
1196,	1522,	274,	119,	15
1193,	1516,	274,	120,	15
1191,	1513,	274,	121,	15
1188,	1512,	274,	122,	15
1185,	1509,	274,	123,	15
1181,	1505,	274,	124,	15
1178,	1499,	274,	125,	15
1174,	1492,	274,	126,	15
1170,	1483,	274,	127,	15
1166,	1473,	274,	128,	15
1162,	1461,	274,	129,	15
1158,	1447,	274,	130,	15
1155,	1432,	274,	131,	15
1151,	1415,	274,	132,	15
1148,	1397,	274,	133,	15
1144,	1383,	274,	134,	15
1140,	1374,	274,	135,	15
1135,	1368,	274,	136,	15
1130,	1360,	274,	137,	15
1123,	1351,	274,	138,	15
1117,	1340,	274,	139,	15
1110,	1329,	274,	140,	15
1104,	1317,	274,	141,	15
1097,	1306,	274,	142,	15
1090,	1295,	274,	143,	15
1083,	1285,	274,	144,	15
1077,	1277,	274,	145,	15
1071,	1269,	274,	146,	15
1066,	1262,	274,	147,	15
1062,	1257,	274,	148,	15
1059,	1253,	274,	149,	15
1056,	1249,	274,	150,	15
1054,	1247,	274,	151,	15
1053,	1245,	274,	152,	15
1053,	1245,	274,	153,	15
1052,	1245,	274,	154,	15
1052,	1246,	274,	155,	15
1052,	1247,	274,	156,	15
1052,	1250,	274,	157,	15
1052,	1253,	274,	158,	15
1052,	1256,	274,	159,	15
1052,	1260,	274,	160,	15
1052,	1265,	274,	161,	15
1052,	1271,	274,	162,	15
1053,	1277,	274,	163,	15
1054,	1283,	274,	164,	15
1054,	1290,	274,	165,	15
1056,	1298,	274,	166,	15
1057,	1305,	274,	167,	15
1059,	1312,	274,	168,	15
1061,	1319,	274,	169,	15
1064,	1326,	274,	170,	15
1066,	1332,	274,	171,	15
1069,	1338,	274,	172,	15
1073,	1343,	274,	173,	15
1076,	1348,	274,	174,	15
1080,	1352,	274,	175,	15
1083,	1356,	274,	176,	15
1087,	1359,	274,	177,	15
1090,	1361,	274,	178,	15
1093,	1363,	274,	179,	15
1096,	1364,	274,	180,	15
1099,	1365,	274,	181,	15
1102,	1365,	274,	182,	15
1104,	1365,	274,	183,	15
1106,	1364,	274,	184,	15
1108,	1363,	274,	185,	15
1110,	1361,	274,	186,	15
1112,	1358,	274,	187,	15
1113,	1355,	274,	188,	15
1114,	1352,	274,	189,	15
1115,	1347,	274,	190,	15
1116,	1342,	274,	191,	15
1117,	1336,	274,	192,	15
1117,	1330,	274,	193,	15
1117,	1322,	274,	194,	15
1117,	1314,	274,	195,	15
1117,	1306,	274,	196,	15
1116,	1297,	274,	197,	15
1116,	1288,	274,	198,	15
1115,	1279,	274,	199,	15
1113,	1270,	274,	200,	15
1112,	1261,	274,	201,	15
1110,	1253,	274,	202,	15
1108,	1245,	274,	203,	15
1105,	1239,	274,	204,	15
1102,	1232,	274,	205,	15
1099,	1227,	274,	206,	15
1095,	1222,	274,	207,	15
1091,	1219,	274,	208,	15
1086,	1215,	274,	209,	15
1081,	1213,	274,	210,	15
1076,	1212,	274,	211,	15
1070,	1210,	274,	212,	15
1065,	1210,	274,	213,	15
1060,	1210,	274,	214,	15
1056,	1210,	274,	215,	15
1053,	1208,	274,	216,	15
1052,	1206,	274,	217,	15
1050,	1202,	274,	218,	15
1048,	1198,	274,	219,	15
1046,	1193,	274,	220,	15
1043,	1187,	274,	221,	15
1040,	1180,	274,	222,	15
1037,	1172,	274,	223,	15
1033,	1163,	274,	224,	15
1029,	1154,	274,	225,	15
1026,	1146,	274,	226,	15
1022,	1134,	274,	227,	15
1018,	1115,	274,	228,	15
1014,	1090,	274,	229,	15
1011,	1061,	274,	230,	15
1007,	1049,	274,	231,	15
1004,	1036,	274,	232,	15
1001,	1015,	274,	233,	15
998,	986,	274,	234,	15
996,	953,	274,	235,	15
994,	926,	274,	236,	15
993,	910,	274,	237,	15
992,	907,	274,	238,	15
992,	900,	274,	239,	15
992,	884,	274,	240,	15
993,	857,	274,	241,	15
994,	819,	274,	242,	15
996,	779,	274,	243,	15
999,	725,	274,	244,	15
1002,	664,	274,	245,	15
1005,	623,	274,	246,	15
1009,	604,	274,	247,	15
1013,	587,	274,	248,	15
1018,	544,	274,	249,	15
1022,	512,	274,	250,	15
1027,	447,	274,	251,	15
1031,	428,	274,	252,	15
1035,	381,	274,	253,	15
1039,	327,	274,	254,	15
1043,	302,	274,	255,	15
1046,	294,	274,	256,	15
1049,	3935,	274,	257,	15
1051,	3813,	274,	258,	15
1053,	3632,	274,	259,	15
1058,	3595,	274,	260,	15
1065,	3515,	274,	261,	15
1073,	3394,	274,	262,	15
1083,	3330,	274,	263,	15
1092,	3314,	274,	264,	15
1100,	3274,	274,	265,	15
1108,	3238,	274,	266,	15
1115,	3190,	274,	267,	15
1121,	3139,	274,	268,	15
1127,	3095,	274,	269,	15
1132,	3065,	274,	270,	15
1136,	3048,	274,	271,	15
1139,	3041,	274,	272,	15
1142,	3040,	274,	273,	15
1144,	3044,	274,	274,	15
1145,	3056,	274,	275,	15
1146,	3077,	274,	276,	15
1147,	3111,	274,	277,	15
1147,	3154,	274,	278,	15
1147,	3200,	274,	279,	15
1146,	3243,	274,	280,	15
1144,	3275,	274,	281,	15
1142,	3311,	274,	282,	15
1139,	3330,	274,	283,	15
1134,	3365,	274,	284,	15
1127,	3472,	274,	285,	15
1117,	3563,	274,	286,	15
1106,	3618,	274,	287,	15
1091,	3653,	274,	288,	15
1073,	3833,	274,	289,	15
1057,	3935,	274,	290,	15
1050,	292,	274,	291,	15
1043,	302,	274,	292,	15
1030,	310,	274,	293,	15
1013,	344,	274,	294,	15
990,	391,	274,	295,	15
964,	427,	274,	296,	15
940,	445,	274,	297,	15
920,	474,	274,	298,	15
909,	492,	274,	299,	15
908,	546,	274,	300,	15
903,	579,	274,	301,	15
892,	596,	274,	302,	15
873,	604,	274,	303,	15
848,	615,	274,	304,	15
814,	634,	274,	305,	15
783,	660,	274,	306,	15
745,	693,	274,	307,	15
696,	729,	274,	308,	15
654,	760,	274,	309,	15
625,	783,	274,	310,	15
605,	799,	274,	311,	15
600,	823,	274,	312,	15
587,	842,	274,	313,	15
565,	857,	274,	314,	15
525,	870,	274,	315,	15
494,	881,	274,	316,	15
481,	889,	274,	317,	15
449,	895,	274,	318,	15
444,	900,	274,	319,	15
436,	904,	274,	320,	15
426,	906,	274,	321,	15
414,	907,	274,	322,	15
403,	908,	274,	323,	15
394,	908,	274,	324,	15
389,	909,	274,	325,	15
388,	911,	274,	326,	15
391,	914,	274,	327,	15
398,	919,	274,	328,	15
409,	923,	274,	329,	15
423,	928,	274,	330,	15
436,	933,	274,	331,	15
446,	939,	274,	332,	15
466,	945,	274,	333,	15
500,	951,	274,	334,	15
537,	957,	274,	335,	15
581,	963,	274,	336,	15
602,	969,	274,	337,	15
617,	975,	274,	338,	15
662,	981,	274,	339,	15
740,	986,	274,	340,	15
800,	991,	274,	341,	15
862,	997,	274,	342,	15
900,	1001,	274,	343,	15
909,	1006,	274,	344,	15
967,	1011,	274,	345,	15
1044,	1015,	274,	346,	15
1128,	1019,	274,	347,	15
1190,	1023,	274,	348,	15
1217,	1027,	274,	349,	15
1290,	1031,	274,	350,	15
1371,	1035,	274,	351,	15
1462,	1038,	274,	352,	15
1510,	1041,	274,	353,	15
1549,	1044,	274,	354,	15
1649,	1047,	274,	355,	15
1722,	1049,	274,	356,	15
1786,	1051,	274,	357,	15
1815,	1053,	274,	358,	15
1836,	1057,	274,	359,	15
1898,	1063,	274,	360,	15
3933,	2903,	274,	1,	20
3933,	2903,	274,	2,	20
3931,	2903,	274,	3,	20
3928,	2903,	274,	4,	20
3924,	2903,	274,	5,	20
3916,	2903,	274,	6,	20
3905,	2903,	274,	7,	20
3889,	276,	274,	8,	20
3867,	286,	274,	9,	20
3846,	295,	274,	10,	20
3818,	301,	274,	11,	20
3802,	302,	274,	12,	20
3774,	311,	274,	13,	20
3734,	332,	274,	14,	20
3687,	362,	274,	15,	20
3648,	396,	274,	16,	20
3632,	424,	274,	17,	20
3632,	442,	274,	18,	20
3628,	452,	274,	19,	20
3616,	478,	274,	20,	20
3599,	509,	274,	21,	20
3586,	564,	274,	22,	20
3568,	589,	274,	23,	20
3543,	603,	274,	24,	20
3513,	614,	274,	25,	20
3477,	643,	274,	26,	20
3436,	691,	274,	27,	20
3393,	750,	274,	28,	20
3356,	792,	274,	29,	20
3333,	840,	274,	30,	20
3330,	875,	274,	31,	20
3326,	899,	274,	32,	20
3315,	908,	274,	33,	20
3296,	923,	274,	34,	20
3276,	975,	274,	35,	20
3260,	1032,	274,	36,	20
3238,	1071,	274,	37,	20
3209,	1143,	274,	38,	20
3175,	1184,	274,	39,	20
3137,	1210,	274,	40,	20
3097,	1232,	274,	41,	20
3062,	1294,	274,	42,	20
3037,	1359,	274,	43,	20
3027,	1413,	274,	44,	20
3024,	1479,	274,	45,	20
3011,	1510,	274,	46,	20
2990,	1533,	274,	47,	20
2960,	1602,	274,	48,	20
2926,	1679,	274,	49,	20
2901,	1736,	274,	50,	20
2878,	1788,	274,	51,	20
2844,	1814,	274,	52,	20
2806,	1829,	274,	53,	20
2773,	1890,	274,	54,	20
2750,	1954,	274,	55,	20
2735,	2041,	274,	56,	20
2724,	2102,	274,	57,	20
2722,	2123,	274,	58,	20
2713,	2179,	274,	59,	20
2696,	2266,	274,	60,	20
2674,	2330,	274,	61,	20
2644,	2386,	274,	62,	20
2625,	2416,	274,	63,	20
2567,	2425,	274,	64,	20
2540,	2472,	274,	65,	20
2518,	2523,	274,	66,	20
2499,	2597,	274,	67,	20
2480,	2675,	274,	68,	20
2459,	2717,	274,	69,	20
2441,	2729,	274,	70,	20
2427,	2760,	274,	71,	20
2422,	2822,	274,	72,	20
2421,	2886,	274,	73,	20
2418,	2929,	274,	74,	20
2412,	2985,	274,	75,	20
2404,	3018,	274,	76,	20
2395,	3027,	274,	77,	20
2383,	3049,	274,	78,	20
2371,	3095,	274,	79,	20
2357,	3149,	274,	80,	20
2342,	3195,	274,	81,	20
2325,	3231,	274,	82,	20
2316,	3256,	274,	83,	20
2305,	3273,	274,	84,	20
2292,	3289,	274,	85,	20
2278,	3305,	274,	86,	20
2264,	3317,	274,	87,	20
2250,	3323,	274,	88,	20
2236,	3327,	274,	89,	20
2224,	3329,	274,	90,	20
2212,	3329,	274,	91,	20
2203,	3329,	274,	92,	20
2195,	3329,	274,	93,	20
2188,	3327,	274,	94,	20
2182,	3324,	274,	95,	20
2178,	3319,	274,	96,	20
2174,	3309,	274,	97,	20
2171,	3295,	274,	98,	20
2168,	3277,	274,	99,	20
2167,	3263,	274,	100,	20
2165,	3241,	274,	101,	20
2165,	3210,	274,	102,	20
2164,	3169,	274,	103,	20
2165,	3119,	274,	104,	20
2165,	3069,	274,	105,	20
2166,	3033,	274,	106,	20
2167,	3026,	274,	107,	20
2169,	3007,	274,	108,	20
2170,	2965,	274,	109,	20
2172,	2910,	274,	110,	20
2174,	2869,	274,	111,	20
2176,	2802,	274,	112,	20
2179,	2750,	274,	113,	20
2181,	2724,	274,	114,	20
2183,	2713,	274,	115,	20
2185,	2670,	274,	116,	20
2188,	2589,	274,	117,	20
2190,	2524,	274,	118,	20
2191,	2476,	274,	119,	20
2193,	2429,	274,	120,	20
2194,	2419,	274,	121,	20
2195,	2397,	274,	122,	20
2195,	2352,	274,	123,	20
2195,	2298,	274,	124,	20
2194,	2220,	274,	125,	20
2193,	2149,	274,	126,	20
2191,	2118,	274,	127,	20
2189,	2090,	274,	128,	20
2186,	2028,	274,	129,	20
2182,	1948,	274,	130,	20
2177,	1892,	274,	131,	20
2172,	1836,	274,	132,	20
2166,	1816,	274,	133,	20
2160,	1800,	274,	134,	20
2153,	1763,	274,	135,	20
2147,	1710,	274,	136,	20
2140,	1662,	274,	137,	20
2133,	1591,	274,	138,	20
2126,	1534,	274,	139,	20
2119,	1512,	274,	140,	20
2119,	1493,	274,	141,	20
2117,	1451,	274,	142,	20
2113,	1388,	274,	143,	20
2105,	1353,	274,	144,	20
2094,	1299,	274,	145,	20
2079,	1246,	274,	146,	20
2061,	1215,	274,	147,	20
2038,	1208,	274,	148,	20
2011,	1182,	274,	149,	20
1965,	1151,	274,	150,	20
1949,	1112,	274,	151,	20
1923,	1056,	274,	152,	20
1899,	1035,	274,	153,	20
1874,	999,	274,	154,	20
1846,	957,	274,	155,	20
1824,	925,	274,	156,	20
1816,	909,	274,	157,	20
1814,	907,	274,	158,	20
1805,	901,	274,	159,	20
1790,	889,	274,	160,	20
1771,	872,	274,	161,	20
1746,	851,	274,	162,	20
1719,	827,	274,	163,	20
1693,	797,	274,	164,	20
1671,	778,	274,	165,	20
1641,	752,	274,	166,	20
1607,	720,	274,	167,	20
1575,	688,	274,	168,	20
1550,	661,	274,	169,	20
1531,	640,	274,	170,	20
1519,	624,	274,	171,	20
1513,	612,	274,	172,	20
1511,	605,	274,	173,	20
1508,	603,	274,	174,	20
1503,	597,	274,	175,	20
1497,	589,	274,	176,	20
1493,	579,	274,	177,	20
1489,	567,	274,	178,	20
1486,	549,	274,	179,	20
1486,	525,	274,	180,	20
1487,	498,	274,	181,	20
1490,	497,	274,	182,	20
1494,	481,	274,	183,	20
1499,	477,	274,	184,	20
1505,	461,	274,	185,	20
1509,	448,	274,	186,	20
1512,	446,	274,	187,	20
1513,	444,	274,	188,	20
1520,	441,	274,	189,	20
1531,	439,	274,	190,	20
1545,	436,	274,	191,	20
1562,	435,	274,	192,	20
1582,	434,	274,	193,	20
1603,	434,	274,	194,	20
1623,	436,	274,	195,	20
1640,	438,	274,	196,	20
1655,	442,	274,	197,	20
1665,	445,	274,	198,	20
1673,	447,	274,	199,	20
1677,	461,	274,	200,	20
1678,	484,	274,	201,	20
1675,	496,	274,	202,	20
1669,	517,	274,	203,	20
1658,	560,	274,	204,	20
1640,	585,	274,	205,	20
1615,	600,	274,	206,	20
1582,	609,	274,	207,	20
1550,	639,	274,	208,	20
1523,	694,	274,	209,	20
1512,	767,	274,	210,	20
1494,	824,	274,	211,	20
1452,	878,	274,	212,	20
1381,	906,	274,	213,	20
1334,	927,	274,	214,	20
1257,	1018,	274,	215,	20
1212,	1100,	274,	216,	20
1187,	1185,	274,	217,	20
1133,	1223,	274,	218,	20
1049,	1331,	274,	219,	20
984,	1437,	274,	220,	20
916,	1512,	274,	221,	20
904,	1600,	274,	222,	20
873,	1728,	274,	223,	20
816,	1811,	274,	224,	20
754,	1871,	274,	225,	20
672,	2013,	274,	226,	20
620,	2118,	274,	227,	20
602,	2235,	274,	228,	20
580,	2372,	274,	229,	20
529,	2422,	274,	230,	20
492,	2519,	274,	231,	20
453,	2680,	274,	232,	20
442,	2736,	274,	233,	20
428,	2866,	274,	234,	20
412,	2988,	274,	235,	20
399,	3038,	274,	236,	20
391,	3176,	274,	237,	20
392,	3274,	274,	238,	20
401,	3329,	274,	239,	20
417,	3396,	274,	240,	20
434,	3528,	274,	241,	20
447,	3596,	274,	242,	20
487,	3632,	274,	243,	20
534,	3680,	274,	244,	20
589,	3795,	274,	245,	20
609,	3858,	274,	246,	20
670,	3910,	274,	247,	20
776,	3930,	274,	248,	20
860,	3935,	274,	249,	20
906,	3935,	274,	250,	20
954,	3935,	274,	251,	20
1056,	3931,	274,	252,	20
1181,	3917,	274,	253,	20
1238,	3884,	274,	254,	20
1371,	3835,	274,	255,	20
1500,	3791,	274,	256,	20
1584,	3716,	274,	257,	20
1739,	3640,	274,	258,	20
1816,	3632,	274,	259,	20
1926,	3619,	274,	260,	20
2097,	3595,	274,	261,	20
2193,	3569,	274,	262,	20
2361,	3532,	274,	263,	20
2422,	3488,	274,	264,	20
2530,	3439,	274,	265,	20
2698,	3392,	274,	266,	20
2751,	3357,	274,	267,	20
2892,	3336,	274,	268,	20
3003,	3330,	274,	269,	20
3042,	3330,	274,	270,	20
3156,	3330,	274,	271,	20
3245,	3329,	274,	272,	20
3288,	3330,	274,	273,	20
3322,	3330,	274,	274,	20
3330,	3330,	274,	275,	20
3334,	3335,	274,	276,	20
3346,	3351,	274,	277,	20
3350,	3378,	274,	278,	20
3343,	3415,	274,	279,	20
3332,	3457,	274,	280,	20
3330,	3497,	274,	281,	20
3324,	3532,	274,	282,	20
3301,	3562,	274,	283,	20
3270,	3584,	274,	284,	20
3232,	3599,	274,	285,	20
3169,	3617,	274,	286,	20
3088,	3628,	274,	287,	20
3031,	3632,	274,	288,	20
3018,	3632,	274,	289,	20
2966,	3633,	274,	290,	20
2900,	3639,	274,	291,	20
2831,	3640,	274,	292,	20
2758,	3635,	274,	293,	20
2724,	3632,	274,	294,	20
2712,	3632,	274,	295,	20
2668,	3625,	274,	296,	20
2599,	3601,	274,	297,	20
2535,	3576,	274,	298,	20
2498,	3523,	274,	299,	20
2466,	3435,	274,	300,	20
2439,	3340,	274,	301,	20
2425,	3322,	274,	302,	20
2422,	3270,	274,	303,	20
2421,	3190,	274,	304,	20
2421,	3063,	274,	305,	20
2420,	3019,	274,	306,	20
2421,	2919,	274,	307,	20
2421,	2800,	274,	308,	20
2421,	2724,	274,	309,	20
2423,	2649,	274,	310,	20
2431,	2504,	274,	311,	20
2448,	2421,	274,	312,	20
2471,	2373,	274,	313,	20
2497,	2250,	274,	314,	20
2525,	2119,	274,	315,	20
2561,	2044,	274,	316,	20
2623,	1901,	274,	317,	20
2673,	1816,	274,	318,	20
2708,	1764,	274,	319,	20
2724,	1658,	274,	320,	20
2736,	1527,	274,	321,	20
2769,	1483,	274,	322,	20
2828,	1371,	274,	323,	20
2888,	1262,	274,	324,	20
2930,	1209,	274,	325,	20
2988,	1146,	274,	326,	20
3021,	1047,	274,	327,	20
3029,	958,	274,	328,	20
3068,	908,	274,	329,	20
3134,	888,	274,	330,	20
3196,	833,	274,	331,	20
3244,	765,	274,	332,	20
3274,	678,	274,	333,	20
3304,	621,	274,	334,	20
3326,	601,	274,	335,	20
3330,	576,	274,	336,	20
3354,	510,	274,	337,	20
3409,	479,	274,	338,	20
3469,	445,	274,	339,	20
3518,	423,	274,	340,	20
3557,	385,	274,	341,	20
3584,	343,	274,	342,	20
3601,	313,	274,	343,	20
3622,	302,	274,	344,	20
3632,	300,	274,	345,	20
3632,	291,	274,	346,	20
3656,	279,	274,	347,	20
3708,	3935,	274,	348,	20
3761,	3893,	274,	349,	20
3797,	3819,	274,	350,	20
3818,	3770,	274,	351,	20
3849,	3700,	274,	352,	20
3873,	3650,	274,	353,	20
3895,	3631,	274,	354,	20
3911,	3632,	274,	355,	20
3921,	3632,	274,	356,	20
3927,	3632,	274,	357,	20
3931,	3632,	274,	358,	20
3933,	3632,	274,	359,	20
3933,	3632,	274,	360,	20
1577,	3326,	274,	1,	23
1561,	3330,	274,	2,	23
1549,	3351,	274,	3,	23
1539,	3395,	274,	4,	23
1531,	3440,	274,	5,	23
1525,	3477,	274,	6,	23
1521,	3504,	274,	7,	23
1518,	3523,	274,	8,	23
1516,	3536,	274,	9,	23
1513,	3545,	274,	10,	23
1513,	3548,	274,	11,	23
1513,	3549,	274,	12,	23
1513,	3546,	274,	13,	23
1513,	3539,	274,	14,	23
1513,	3529,	274,	15,	23
1513,	3515,	274,	16,	23
1513,	3497,	274,	17,	23
1513,	3475,	274,	18,	23
1513,	3449,	274,	19,	23
1513,	3419,	274,	20,	23
1513,	3387,	274,	21,	23
1513,	3358,	274,	22,	23
1516,	3337,	274,	23,	23
1517,	3330,	274,	24,	23
1519,	3329,	274,	25,	23
1521,	3325,	274,	26,	23
1523,	3315,	274,	27,	23
1525,	3300,	274,	28,	23
1528,	3282,	274,	29,	23
1530,	3272,	274,	30,	23
1533,	3260,	274,	31,	23
1536,	3245,	274,	32,	23
1539,	3228,	274,	33,	23
1542,	3210,	274,	34,	23
1545,	3192,	274,	35,	23
1549,	3174,	274,	36,	23
1552,	3156,	274,	37,	23
1556,	3139,	274,	38,	23
1561,	3124,	274,	39,	23
1566,	3110,	274,	40,	23
1571,	3099,	274,	41,	23
1577,	3091,	274,	42,	23
1584,	3085,	274,	43,	23
1592,	3081,	274,	44,	23
1601,	3079,	274,	45,	23
1611,	3080,	274,	46,	23
1622,	3083,	274,	47,	23
1634,	3089,	274,	48,	23
1646,	3097,	274,	49,	23
1659,	3109,	274,	50,	23
1671,	3124,	274,	51,	23
1683,	3142,	274,	52,	23
1692,	3163,	274,	53,	23
1702,	3186,	274,	54,	23
1720,	3210,	274,	55,	23
1737,	3233,	274,	56,	23
1753,	3255,	274,	57,	23
1769,	3273,	274,	58,	23
1784,	3295,	274,	59,	23
1798,	3318,	274,	60,	23
1808,	3329,	274,	61,	23
1815,	3336,	274,	62,	23
1816,	3391,	274,	63,	23
1825,	3472,	274,	64,	23
1851,	3543,	274,	65,	23
1881,	3591,	274,	66,	23
1911,	3628,	274,	67,	23
1944,	3653,	274,	68,	23
1990,	3803,	274,	69,	23
2035,	3917,	274,	70,	23
2074,	3917,	274,	71,	23
2103,	286,	274,	72,	23
2117,	298,	274,	73,	23
2127,	302,	274,	74,	23
2155,	311,	274,	75,	23
2196,	336,	274,	76,	23
2245,	370,	274,	77,	23
2290,	405,	274,	78,	23
2320,	430,	274,	79,	23
2353,	444,	274,	80,	23
2379,	456,	274,	81,	23
2399,	486,	274,	82,	23
2412,	493,	274,	83,	23
2420,	536,	274,	84,	23
2421,	567,	274,	85,	23
2427,	583,	274,	86,	23
2440,	594,	274,	87,	23
2456,	601,	274,	88,	23
2472,	605,	274,	89,	23
2485,	605,	274,	90,	23
2494,	615,	274,	91,	23
2502,	622,	274,	92,	23
2506,	629,	274,	93,	23
2509,	634,	274,	94,	23
2509,	639,	274,	95,	23
2508,	642,	274,	96,	23
2505,	643,	274,	97,	23
2500,	643,	274,	98,	23
2494,	642,	274,	99,	23
2486,	639,	274,	100,	23
2476,	636,	274,	101,	23
2465,	632,	274,	102,	23
2454,	628,	274,	103,	23
2442,	623,	274,	104,	23
2432,	618,	274,	105,	23
2424,	613,	274,	106,	23
2422,	605,	274,	107,	23
2421,	605,	274,	108,	23
2419,	605,	274,	109,	23
2415,	603,	274,	110,	23
2409,	602,	274,	111,	23
2402,	599,	274,	112,	23
2394,	596,	274,	113,	23
2385,	593,	274,	114,	23
2375,	589,	274,	115,	23
2366,	586,	274,	116,	23
2357,	583,	274,	117,	23
2348,	580,	274,	118,	23
2340,	577,	274,	119,	23
2333,	576,	274,	120,	23
2329,	575,	274,	121,	23
2326,	576,	274,	122,	23
2325,	577,	274,	123,	23
2328,	580,	274,	124,	23
2333,	583,	274,	125,	23
2339,	586,	274,	126,	23
2346,	590,	274,	127,	23
2356,	595,	274,	128,	23
2365,	599,	274,	129,	23
2375,	602,	274,	130,	23
2385,	604,	274,	131,	23
2396,	605,	274,	132,	23
2405,	613,	274,	133,	23
2413,	623,	274,	134,	23
2419,	636,	274,	135,	23
2421,	652,	274,	136,	23
2423,	674,	274,	137,	23
2435,	703,	274,	138,	23
2455,	734,	274,	139,	23
2480,	763,	274,	140,	23
2504,	785,	274,	141,	23
2530,	807,	274,	142,	23
2563,	836,	274,	143,	23
2612,	859,	274,	144,	23
2661,	878,	274,	145,	23
2695,	894,	274,	146,	23
2717,	904,	274,	147,	23
2724,	908,	274,	148,	23
2737,	912,	274,	149,	23
2763,	933,	274,	150,	23
2808,	969,	274,	151,	23
2862,	1010,	274,	152,	23
2901,	1041,	274,	153,	23
2943,	1062,	274,	154,	23
2990,	1116,	274,	155,	23
3019,	1150,	274,	156,	23
3027,	1177,	274,	157,	23
3046,	1202,	274,	158,	23
3093,	1210,	274,	159,	23
3148,	1220,	274,	160,	23
3198,	1244,	274,	161,	23
3237,	1279,	274,	162,	23
3264,	1317,	274,	163,	23
3281,	1348,	274,	164,	23
3306,	1369,	274,	165,	23
3321,	1385,	274,	166,	23
3329,	1413,	274,	167,	23
3330,	1438,	274,	168,	23
3331,	1456,	274,	169,	23
3338,	1468,	274,	170,	23
3345,	1476,	274,	171,	23
3349,	1480,	274,	172,	23
3347,	1481,	274,	173,	23
3340,	1479,	274,	174,	23
3332,	1474,	274,	175,	23
3330,	1463,	274,	176,	23
3328,	1446,	274,	177,	23
3317,	1419,	274,	178,	23
3293,	1384,	274,	179,	23
3265,	1363,	274,	180,	23
3224,	1328,	274,	181,	23
3156,	1275,	274,	182,	23
3071,	1229,	274,	183,	23
3027,	1210,	274,	184,	23
2999,	1185,	274,	185,	23
2916,	1141,	274,	186,	23
2838,	1059,	274,	187,	23
2748,	1013,	274,	188,	23
2720,	937,	274,	189,	23
2656,	908,	274,	190,	23
2536,	891,	274,	191,	23
2460,	844,	274,	192,	23
2421,	778,	274,	193,	23
2385,	689,	274,	194,	23
2311,	621,	274,	195,	23
2202,	598,	274,	196,	23
2123,	553,	274,	197,	23
2089,	487,	274,	198,	23
2001,	439,	274,	199,	23
1909,	385,	274,	200,	23
1839,	317,	274,	201,	23
1815,	300,	274,	202,	23
1790,	274,	274,	203,	23
1742,	3782,	274,	204,	23
1688,	3623,	274,	205,	23
1630,	3528,	274,	206,	23
1566,	3367,	274,	207,	23
1526,	3323,	274,	208,	23
1513,	3269,	274,	209,	23
1504,	3200,	274,	210,	23
1489,	3107,	274,	211,	23
1473,	3038,	274,	212,	23
1459,	3025,	274,	213,	23
1448,	3002,	274,	214,	23
1442,	2965,	274,	215,	23
1441,	2925,	274,	216,	23
1446,	2901,	274,	217,	23
1455,	2884,	274,	218,	23
1468,	2865,	274,	219,	23
1481,	2850,	274,	220,	23
1494,	2840,	274,	221,	23
1505,	2835,	274,	222,	23
1512,	2835,	274,	223,	23
1518,	2839,	274,	224,	23
1539,	2848,	274,	225,	23
1574,	2860,	274,	226,	23
1622,	2873,	274,	227,	23
1668,	2887,	274,	228,	23
1698,	2899,	274,	229,	23
1740,	2911,	274,	230,	23
1775,	2930,	274,	231,	23
1801,	2953,	274,	232,	23
1814,	2975,	274,	233,	23
1818,	2993,	274,	234,	23
1849,	3008,	274,	235,	23
1890,	3018,	274,	236,	23
1928,	3024,	274,	237,	23
1990,	3027,	274,	238,	23
2028,	3027,	274,	239,	23
2069,	3031,	274,	240,	23
2099,	3037,	274,	241,	23
2115,	3043,	274,	242,	23
2119,	3048,	274,	243,	23
2135,	3052,	274,	244,	23
2155,	3053,	274,	245,	23
2180,	3052,	274,	246,	23
2205,	3050,	274,	247,	23
2231,	3046,	274,	248,	23
2254,	3042,	274,	249,	23
2273,	3037,	274,	250,	23
2289,	3033,	274,	251,	23
2300,	3029,	274,	252,	23
2309,	3027,	274,	253,	23
2315,	3027,	274,	254,	23
2319,	3027,	274,	255,	23
2322,	3025,	274,	256,	23
2324,	3023,	274,	257,	23
2328,	3019,	274,	258,	23
2330,	3015,	274,	259,	23
2332,	3011,	274,	260,	23
2332,	3007,	274,	261,	23
2331,	3003,	274,	262,	23
2330,	2999,	274,	263,	23
2329,	2997,	274,	264,	23
2326,	2996,	274,	265,	23
2324,	2996,	274,	266,	23
2323,	2998,	274,	267,	23
2322,	3001,	274,	268,	23
2322,	3006,	274,	269,	23
2321,	3012,	274,	270,	23
2321,	3019,	274,	271,	23
2320,	3024,	274,	272,	23
2320,	3027,	274,	273,	23
2321,	3028,	274,	274,	23
2321,	3041,	274,	275,	23
2322,	3065,	274,	276,	23
2323,	3101,	274,	277,	23
2325,	3145,	274,	278,	23
2328,	3188,	274,	279,	23
2332,	3228,	274,	280,	23
2335,	3260,	274,	281,	23
2339,	3281,	274,	282,	23
2342,	3314,	274,	283,	23
2346,	3329,	274,	284,	23
2350,	3338,	274,	285,	23
2354,	3400,	274,	286,	23
2358,	3483,	274,	287,	23
2361,	3551,	274,	288,	23
2365,	3595,	274,	289,	23
2368,	3629,	274,	290,	23
2371,	3656,	274,	291,	23
2374,	3799,	274,	292,	23
2377,	3906,	274,	293,	23
2380,	3906,	274,	294,	23
2383,	289,	274,	295,	23
2385,	299,	274,	296,	23
2388,	302,	274,	297,	23
2390,	309,	274,	298,	23
2391,	329,	274,	299,	23
2393,	358,	274,	300,	23
2394,	390,	274,	301,	23
2395,	416,	274,	302,	23
2396,	435,	274,	303,	23
2397,	445,	274,	304,	23
2397,	458,	274,	305,	23
2397,	488,	274,	306,	23
2397,	492,	274,	307,	23
2397,	523,	274,	308,	23
2396,	557,	274,	309,	23
2395,	576,	274,	310,	23
2393,	589,	274,	311,	23
2391,	598,	274,	312,	23
2388,	603,	274,	313,	23
2385,	605,	274,	314,	23
2381,	611,	274,	315,	23
2377,	620,	274,	316,	23
2372,	629,	274,	317,	23
2365,	639,	274,	318,	23
2358,	649,	274,	319,	23
2349,	659,	274,	320,	23
2339,	667,	274,	321,	23
2326,	674,	274,	322,	23
2318,	679,	274,	323,	23
2308,	682,	274,	324,	23
2294,	682,	274,	325,	23
2276,	680,	274,	326,	23
2255,	675,	274,	327,	23
2230,	668,	274,	328,	23
2205,	658,	274,	329,	23
2180,	647,	274,	330,	23
2158,	636,	274,	331,	23
2139,	625,	274,	332,	23
2124,	614,	274,	333,	23
2118,	605,	274,	334,	23
2113,	602,	274,	335,	23
2099,	595,	274,	336,	23
2078,	582,	274,	337,	23
2051,	562,	274,	338,	23
2019,	523,	274,	339,	23
1968,	496,	274,	340,	23
1946,	475,	274,	341,	23
1919,	447,	274,	342,	23
1894,	437,	274,	343,	23
1868,	415,	274,	344,	23
1841,	381,	274,	345,	23
1822,	344,	274,	346,	23
1816,	315,	274,	347,	23
1814,	302,	274,	348,	23
1807,	299,	274,	349,	23
1795,	287,	274,	350,	23
1780,	3935,	274,	351,	23
1761,	3859,	274,	352,	23
1741,	3730,	274,	353,	23
1718,	3632,	274,	354,	23
1696,	3607,	274,	355,	23
1683,	3567,	274,	356,	23
1663,	3504,	274,	357,	23
1641,	3426,	274,	358,	23
1618,	3356,	274,	359,	23
1596,	3330,	274,	360,	23
942,	2938,	274,	1,	25
947,	2953,	274,	2,	25
951,	2964,	274,	3,	25
954,	2973,	274,	4,	25
955,	2979,	274,	5,	25
955,	2983,	274,	6,	25
953,	2986,	274,	7,	25
949,	2987,	274,	8,	25
945,	2986,	274,	9,	25
939,	2985,	274,	10,	25
932,	2981,	274,	11,	25
925,	2977,	274,	12,	25
919,	2971,	274,	13,	25
913,	2964,	274,	14,	25
909,	2956,	274,	15,	25
908,	2946,	274,	16,	25
907,	2936,	274,	17,	25
905,	2925,	274,	18,	25
900,	2914,	274,	19,	25
892,	2906,	274,	20,	25
881,	2899,	274,	21,	25
865,	2892,	274,	22,	25
846,	2882,	274,	23,	25
821,	2871,	274,	24,	25
792,	2859,	274,	25,	25
770,	2845,	274,	26,	25
733,	2832,	274,	27,	25
690,	2819,	274,	28,	25
652,	2807,	274,	29,	25
624,	2797,	274,	30,	25
605,	2787,	274,	31,	25
599,	2780,	274,	32,	25
581,	2773,	274,	33,	25
545,	2768,	274,	34,	25
493,	2763,	274,	35,	25
465,	2760,	274,	36,	25
442,	2756,	274,	37,	25
418,	2753,	274,	38,	25
374,	2751,	274,	39,	25
328,	2748,	274,	40,	25
303,	2746,	274,	41,	25
303,	2744,	274,	42,	25
303,	2742,	274,	43,	25
3883,	2740,	274,	44,	25
3689,	2738,	274,	45,	25
3621,	2736,	274,	46,	25
3557,	2734,	274,	47,	25
3442,	2732,	274,	48,	25
3334,	2729,	274,	49,	25
3318,	2724,	274,	50,	25
3271,	2724,	274,	51,	25
3214,	2724,	274,	52,	25
3130,	2724,	274,	53,	25
3052,	2722,	274,	54,	25
3027,	2719,	274,	55,	25
3005,	2714,	274,	56,	25
2956,	2707,	274,	57,	25
2904,	2697,	274,	58,	25
2868,	2683,	274,	59,	25
2816,	2666,	274,	60,	25
2774,	2644,	274,	61,	25
2749,	2612,	274,	62,	25
2735,	2576,	274,	63,	25
2724,	2549,	274,	64,	25
2724,	2526,	274,	65,	25
2722,	2504,	274,	66,	25
2719,	2482,	274,	67,	25
2715,	2458,	274,	68,	25
2713,	2436,	274,	69,	25
2712,	2423,	274,	70,	25
2712,	2421,	274,	71,	25
2713,	2415,	274,	72,	25
2715,	2402,	274,	73,	25
2717,	2384,	274,	74,	25
2720,	2360,	274,	75,	25
2723,	2330,	274,	76,	25
2724,	2306,	274,	77,	25
2724,	2272,	274,	78,	25
2727,	2230,	274,	79,	25
2732,	2190,	274,	80,	25
2739,	2157,	274,	81,	25
2747,	2133,	274,	82,	25
2757,	2119,	274,	83,	25
2768,	2115,	274,	84,	25
2782,	2101,	274,	85,	25
2797,	2081,	274,	86,	25
2813,	2055,	274,	87,	25
2828,	2027,	274,	88,	25
2841,	1997,	274,	89,	25
2852,	1964,	274,	90,	25
2861,	1940,	274,	91,	25
2867,	1921,	274,	92,	25
2871,	1904,	274,	93,	25
2873,	1889,	274,	94,	25
2873,	1873,	274,	95,	25
2871,	1858,	274,	96,	25
2867,	1845,	274,	97,	25
2862,	1833,	274,	98,	25
2855,	1825,	274,	99,	25
2846,	1819,	274,	100,	25
2836,	1816,	274,	101,	25
2824,	1816,	274,	102,	25
2810,	1816,	274,	103,	25
2796,	1815,	274,	104,	25
2783,	1814,	274,	105,	25
2770,	1812,	274,	106,	25
2759,	1810,	274,	107,	25
2749,	1808,	274,	108,	25
2741,	1805,	274,	109,	25
2734,	1802,	274,	110,	25
2729,	1799,	274,	111,	25
2724,	1795,	274,	112,	25
2724,	1792,	274,	113,	25
2721,	1788,	274,	114,	25
2716,	1784,	274,	115,	25
2709,	1779,	274,	116,	25
2700,	1774,	274,	117,	25
2689,	1769,	274,	118,	25
2678,	1763,	274,	119,	25
2665,	1757,	274,	120,	25
2651,	1750,	274,	121,	25
2636,	1742,	274,	122,	25
2619,	1734,	274,	123,	25
2619,	1725,	274,	124,	25
2582,	1715,	274,	125,	25
2572,	1705,	274,	126,	25
2562,	1696,	274,	127,	25
2554,	1690,	274,	128,	25
2546,	1683,	274,	129,	25
2540,	1674,	274,	130,	25
2535,	1664,	274,	131,	25
2531,	1653,	274,	132,	25
2528,	1640,	274,	133,	25
2525,	1628,	274,	134,	25
2523,	1615,	274,	135,	25
2522,	1603,	274,	136,	25
2522,	1591,	274,	137,	25
2522,	1580,	274,	138,	25
2523,	1570,	274,	139,	25
2525,	1562,	274,	140,	25
2528,	1554,	274,	141,	25
2532,	1548,	274,	142,	25
2536,	1542,	274,	143,	25
2542,	1538,	274,	144,	25
2549,	1534,	274,	145,	25
2558,	1531,	274,	146,	25
2568,	1528,	274,	147,	25
2580,	1527,	274,	148,	25
2618,	1526,	274,	149,	25
2624,	1525,	274,	150,	25
2641,	1525,	274,	151,	25
2658,	1526,	274,	152,	25
2675,	1528,	274,	153,	25
2689,	1530,	274,	154,	25
2702,	1533,	274,	155,	25
2713,	1537,	274,	156,	25
2721,	1542,	274,	157,	25
2724,	1548,	274,	158,	25
2724,	1556,	274,	159,	25
2734,	1565,	274,	160,	25
2746,	1576,	274,	161,	25
2761,	1589,	274,	162,	25
2782,	1605,	274,	163,	25
2810,	1622,	274,	164,	25
2839,	1639,	274,	165,	25
2868,	1656,	274,	166,	25
2890,	1672,	274,	167,	25
2905,	1686,	274,	168,	25
2927,	1696,	274,	169,	25
2953,	1714,	274,	170,	25
2977,	1733,	274,	171,	25
2996,	1750,	274,	172,	25
3011,	1767,	274,	173,	25
3021,	1782,	274,	174,	25
3026,	1795,	274,	175,	25
3027,	1805,	274,	176,	25
3031,	1813,	274,	177,	25
3041,	1816,	274,	178,	25
3054,	1817,	274,	179,	25
3070,	1831,	274,	180,	25
3086,	1854,	274,	181,	25
3102,	1880,	274,	182,	25
3117,	1906,	274,	183,	25
3131,	1933,	274,	184,	25
3143,	1965,	274,	185,	25
3153,	2008,	274,	186,	25
3161,	2045,	274,	187,	25
3168,	2078,	274,	188,	25
3174,	2102,	274,	189,	25
3179,	2117,	274,	190,	25
3183,	2123,	274,	191,	25
3186,	2144,	274,	192,	25
3188,	2177,	274,	193,	25
3190,	2219,	274,	194,	25
3191,	2266,	274,	195,	25
3191,	2304,	274,	196,	25
3191,	2331,	274,	197,	25
3191,	2363,	274,	198,	25
3191,	2388,	274,	199,	25
3190,	2407,	274,	200,	25
3190,	2418,	274,	201,	25
3189,	2421,	274,	202,	25
3189,	2429,	274,	203,	25
3189,	2452,	274,	204,	25
3189,	2480,	274,	205,	25
3189,	2506,	274,	206,	25
3190,	2532,	274,	207,	25
3192,	2564,	274,	208,	25
3194,	2624,	274,	209,	25
3197,	2651,	274,	210,	25
3200,	2681,	274,	211,	25
3205,	2702,	274,	212,	25
3210,	2717,	274,	213,	25
3215,	2724,	274,	214,	25
3221,	2724,	274,	215,	25
3227,	2735,	274,	216,	25
3234,	2748,	274,	217,	25
3240,	2766,	274,	218,	25
3246,	2789,	274,	219,	25
3252,	2816,	274,	220,	25
3258,	2845,	274,	221,	25
3263,	2870,	274,	222,	25
3268,	2891,	274,	223,	25
3272,	2904,	274,	224,	25
3276,	2921,	274,	225,	25
3279,	2944,	274,	226,	25
3286,	2967,	274,	227,	25
3292,	2987,	274,	228,	25
3298,	3003,	274,	229,	25
3303,	3015,	274,	230,	25
3307,	3023,	274,	231,	25
3311,	3027,	274,	232,	25
3314,	3027,	274,	233,	25
3316,	3036,	274,	234,	25
3318,	3052,	274,	235,	25
3320,	3074,	274,	236,	25
3321,	3101,	274,	237,	25
3321,	3131,	274,	238,	25
3322,	3162,	274,	239,	25
3321,	3191,	274,	240,	25
3321,	3217,	274,	241,	25
3319,	3241,	274,	242,	25
3317,	3260,	274,	243,	25
3315,	3275,	274,	244,	25
3311,	3293,	274,	245,	25
3307,	3311,	274,	246,	25
3302,	3323,	274,	247,	25
3296,	3329,	274,	248,	25
3288,	3330,	274,	249,	25
3279,	3341,	274,	250,	25
3275,	3366,	274,	251,	25
3270,	3399,	274,	252,	25
3264,	3432,	274,	253,	25
3256,	3463,	274,	254,	25
3247,	3488,	274,	255,	25
3237,	3509,	274,	256,	25
3226,	3524,	274,	257,	25
3214,	3536,	274,	258,	25
3201,	3543,	274,	259,	25
3187,	3547,	274,	260,	25
3172,	3546,	274,	261,	25
3157,	3542,	274,	262,	25
3142,	3533,	274,	263,	25
3127,	3518,	274,	264,	25
3112,	3497,	274,	265,	25
3099,	3467,	274,	266,	25
3086,	3426,	274,	267,	25
3075,	3379,	274,	268,	25
3065,	3339,	274,	269,	25
3057,	3330,	274,	270,	25
3050,	3319,	274,	271,	25
3045,	3286,	274,	272,	25
3040,	3254,	274,	273,	25
3037,	3201,	274,	274,	25
3035,	3122,	274,	275,	25
3033,	3046,	274,	276,	25
3032,	3025,	274,	277,	25
3032,	2985,	274,	278,	25
3032,	2908,	274,	279,	25
3032,	2840,	274,	280,	25
3033,	2756,	274,	281,	25
3035,	2724,	274,	282,	25
3038,	2694,	274,	283,	25
3041,	2625,	274,	284,	25
3046,	2519,	274,	285,	25
3053,	2458,	274,	286,	25
3062,	2421,	274,	287,	25
3073,	2405,	274,	288,	25
3087,	2358,	274,	289,	25
3103,	2298,	274,	290,	25
3121,	2213,	274,	291,	25
3142,	2143,	274,	292,	25
3164,	2117,	274,	293,	25
3186,	2086,	274,	294,	25
3208,	2028,	274,	295,	25
3230,	1958,	274,	296,	25
3249,	1910,	274,	297,	25
3266,	1869,	274,	298,	25
3278,	1831,	274,	299,	25
3300,	1816,	274,	300,	25
3318,	1814,	274,	301,	25
3328,	1806,	274,	302,	25
3330,	1795,	274,	303,	25
3350,	1784,	274,	304,	25
3401,	1773,	274,	305,	25
3463,	1764,	274,	306,	25
3520,	1757,	274,	307,	25
3566,	1752,	274,	308,	25
3597,	1751,	274,	309,	25
3626,	1752,	274,	310,	25
3631,	1756,	274,	311,	25
3727,	1761,	274,	312,	25
3820,	1769,	274,	313,	25
3917,	1778,	274,	314,	25
3935,	1788,	274,	315,	25
3935,	1798,	274,	316,	25
3935,	1806,	274,	317,	25
302,	1813,	274,	318,	25
303,	1816,	274,	319,	25
314,	1818,	274,	320,	25
335,	1833,	274,	321,	25
362,	1859,	274,	322,	25
392,	1888,	274,	323,	25
417,	1917,	274,	324,	25
434,	1950,	274,	325,	25
445,	1997,	274,	326,	25
456,	2041,	274,	327,	25
487,	2079,	274,	328,	25
492,	2106,	274,	329,	25
527,	2118,	274,	330,	25
562,	2133,	274,	331,	25
581,	2167,	274,	332,	25
594,	2214,	274,	333,	25
602,	2268,	274,	334,	25
605,	2310,	274,	335,	25
618,	2344,	274,	336,	25
634,	2377,	274,	337,	25
656,	2402,	274,	338,	25
683,	2417,	274,	339,	25
715,	2421,	274,	340,	25
746,	2433,	274,	341,	25
772,	2462,	274,	342,	25
789,	2495,	274,	343,	25
810,	2525,	274,	344,	25
833,	2561,	274,	345,	25
851,	2612,	274,	346,	25
866,	2662,	274,	347,	25
879,	2694,	274,	348,	25
889,	2714,	274,	349,	25
897,	2724,	274,	350,	25
902,	2729,	274,	351,	25
906,	2742,	274,	352,	25
907,	2761,	274,	353,	25
908,	2788,	274,	354,	25
908,	2820,	274,	355,	25
912,	2851,	274,	356,	25
917,	2877,	274,	357,	25
923,	2895,	274,	358,	25
930,	2907,	274,	359,	25
936,	2922,	274,	360,	25
3027,	1835,	274,	1,	27
3026,	1836,	274,	2,	27
3025,	1837,	274,	3,	27
3023,	1839,	274,	4,	27
3020,	1840,	274,	5,	27
3017,	1842,	274,	6,	27
3013,	1843,	274,	7,	27
3010,	1845,	274,	8,	27
3006,	1847,	274,	9,	27
3002,	1849,	274,	10,	27
2999,	1851,	274,	11,	27
2995,	1853,	274,	12,	27
2992,	1855,	274,	13,	27
2989,	1857,	274,	14,	27
2986,	1859,	274,	15,	27
2983,	1861,	274,	16,	27
2980,	1863,	274,	17,	27
2977,	1865,	274,	18,	27
2975,	1867,	274,	19,	27
2972,	1869,	274,	20,	27
2970,	1870,	274,	21,	27
2968,	1872,	274,	22,	27
2965,	1873,	274,	23,	27
2963,	1875,	274,	24,	27
2961,	1876,	274,	25,	27
2958,	1877,	274,	26,	27
2956,	1878,	274,	27,	27
2954,	1879,	274,	28,	27
2951,	1879,	274,	29,	27
2948,	1880,	274,	30,	27
2945,	1880,	274,	31,	27
2942,	1880,	274,	32,	27
2938,	1879,	274,	33,	27
2935,	1879,	274,	34,	27
2931,	1879,	274,	35,	27
2927,	1878,	274,	36,	27
2923,	1878,	274,	37,	27
2919,	1879,	274,	38,	27
2916,	1879,	274,	39,	27
2912,	1880,	274,	40,	27
2909,	1881,	274,	41,	27
2906,	1883,	274,	42,	27
2904,	1886,	274,	43,	27
2901,	1889,	274,	44,	27
2899,	1893,	274,	45,	27
2897,	1898,	274,	46,	27
2895,	1904,	274,	47,	27
2892,	1911,	274,	48,	27
2889,	1919,	274,	49,	27
2886,	1928,	274,	50,	27
2883,	1940,	274,	51,	27
2880,	1954,	274,	52,	27
2877,	1984,	274,	53,	27
2874,	1997,	274,	54,	27
2871,	2020,	274,	55,	27
2868,	2044,	274,	56,	27
2866,	2067,	274,	57,	27
2863,	2089,	274,	58,	27
2861,	2107,	274,	59,	27
2859,	2117,	274,	60,	27
2858,	2124,	274,	61,	27
2856,	2147,	274,	62,	27
2855,	2184,	274,	63,	27
2854,	2235,	274,	64,	27
2853,	2287,	274,	65,	27
2852,	2323,	274,	66,	27
2851,	2365,	274,	67,	27
2849,	2397,	274,	68,	27
2847,	2416,	274,	69,	27
2844,	2422,	274,	70,	27
2841,	2445,	274,	71,	27
2836,	2487,	274,	72,	27
2831,	2528,	274,	73,	27
2824,	2581,	274,	74,	27
2816,	2657,	274,	75,	27
2807,	2702,	274,	76,	27
2796,	2723,	274,	77,	27
2785,	2734,	274,	78,	27
2774,	2764,	274,	79,	27
2763,	2817,	274,	80,	27
2752,	2874,	274,	81,	27
2743,	2908,	274,	82,	27
2734,	2953,	274,	83,	27
2725,	2993,	274,	84,	27
2724,	3017,	274,	85,	27
2721,	3026,	274,	86,	27
2710,	3030,	274,	87,	27
2693,	3047,	274,	88,	27
2666,	3070,	274,	89,	27
2631,	3094,	274,	90,	27
2575,	3113,	274,	91,	27
2537,	3126,	274,	92,	27
2505,	3134,	274,	93,	27
2473,	3135,	274,	94,	27
2439,	3131,	274,	95,	27
2422,	3121,	274,	96,	27
2418,	3106,	274,	97,	27
2402,	3086,	274,	98,	27
2374,	3065,	274,	99,	27
2335,	3044,	274,	100,	27
2299,	3029,	274,	101,	27
2245,	3027,	274,	102,	27
2188,	3019,	274,	103,	27
2145,	3000,	274,	104,	27
2119,	2968,	274,	105,	27
2112,	2925,	274,	106,	27
2089,	2894,	274,	107,	27
2054,	2851,	274,	108,	27
2013,	2797,	274,	109,	27
1967,	2754,	274,	110,	27
1933,	2730,	274,	111,	27
1907,	2722,	274,	112,	27
1884,	2700,	274,	113,	27
1863,	2658,	274,	114,	27
1844,	2586,	274,	115,	27
1830,	2533,	274,	116,	27
1822,	2493,	274,	117,	27
1818,	2452,	274,	118,	27
1817,	2423,	274,	119,	27
1816,	2419,	274,	120,	27
1817,	2402,	274,	121,	27
1819,	2373,	274,	122,	27
1824,	2332,	274,	123,	27
1834,	2295,	274,	124,	27
1851,	2239,	274,	125,	27
1873,	2182,	274,	126,	27
1897,	2141,	274,	127,	27
1924,	2119,	274,	128,	27
1959,	2109,	274,	129,	27
2009,	2083,	274,	130,	27
2056,	2045,	274,	131,	27
2095,	2001,	274,	132,	27
2117,	1954,	274,	133,	27
2133,	1920,	274,	134,	27
2179,	1891,	274,	135,	27
2249,	1863,	274,	136,	27
2312,	1836,	274,	137,	27
2363,	1819,	274,	138,	27
2402,	1816,	274,	139,	27
2421,	1814,	274,	140,	27
2438,	1809,	274,	141,	27
2492,	1801,	274,	142,	27
2549,	1792,	274,	143,	27
2645,	1783,	274,	144,	27
2707,	1774,	274,	145,	27
2724,	1765,	274,	146,	27
2763,	1758,	274,	147,	27
2845,	1753,	274,	148,	27
2910,	1749,	274,	149,	27
2986,	1747,	274,	150,	27
3025,	1748,	274,	151,	27
3050,	1751,	274,	152,	27
3133,	1756,	274,	153,	27
3216,	1763,	274,	154,	27
3269,	1771,	274,	155,	27
3311,	1780,	274,	156,	27
3330,	1790,	274,	157,	27
3365,	1799,	274,	158,	27
3456,	1807,	274,	159,	27
3534,	1813,	274,	160,	27
3583,	1816,	274,	161,	27
3615,	1818,	274,	162,	27
3632,	1831,	274,	163,	27
3648,	1856,	274,	164,	27
3731,	1884,	274,	165,	27
3794,	1912,	274,	166,	27
3824,	1943,	274,	167,	27
3857,	1986,	274,	168,	27
3874,	2031,	274,	169,	27
3877,	2070,	274,	170,	27
3863,	2100,	274,	171,	27
3837,	2117,	274,	172,	27
3803,	2127,	274,	173,	27
3739,	2157,	274,	174,	27
3645,	2202,	274,	175,	27
3631,	2257,	274,	176,	27
3599,	2304,	274,	177,	27
3549,	2338,	274,	178,	27
3451,	2374,	274,	179,	27
3338,	2401,	274,	180,	27
3316,	2417,	274,	181,	27
3255,	2421,	274,	182,	27
3146,	2435,	274,	183,	27
3030,	2467,	274,	184,	27
2981,	2501,	274,	185,	27
2866,	2534,	274,	186,	27
2740,	2577,	274,	187,	27
2693,	2640,	274,	188,	27
2539,	2682,	274,	189,	27
2434,	2709,	274,	190,	27
2397,	2723,	274,	191,	27
2294,	2729,	274,	192,	27
2142,	2747,	274,	193,	27
2081,	2775,	274,	194,	27
1935,	2817,	274,	195,	27
1826,	2861,	274,	196,	27
1794,	2894,	274,	197,	27
1697,	2918,	274,	198,	27
1579,	2955,	274,	199,	27
1511,	2987,	274,	200,	27
1447,	3010,	274,	201,	27
1352,	3023,	274,	202,	27
1249,	3027,	274,	203,	27
1210,	3032,	274,	204,	27
1160,	3050,	274,	205,	27
1081,	3076,	274,	206,	27
1025,	3105,	274,	207,	27
954,	3135,	274,	208,	27
911,	3162,	274,	209,	27
906,	3185,	274,	210,	27
893,	3205,	274,	211,	27
873,	3222,	274,	212,	27
850,	3236,	274,	213,	27
828,	3247,	274,	214,	27
806,	3255,	274,	215,	27
793,	3262,	274,	216,	27
787,	3267,	274,	217,	27
785,	3271,	274,	218,	27
786,	3274,	274,	219,	27
789,	3276,	274,	220,	27
797,	3277,	274,	221,	27
813,	3278,	274,	222,	27
832,	3278,	274,	223,	27
851,	3277,	274,	224,	27
870,	3276,	274,	225,	27
887,	3275,	274,	226,	27
901,	3273,	274,	227,	27
907,	3270,	274,	228,	27
911,	3265,	274,	229,	27
938,	3260,	274,	230,	27
988,	3254,	274,	231,	27
1035,	3246,	274,	232,	27
1068,	3236,	274,	233,	27
1138,	3224,	274,	234,	27
1176,	3210,	274,	235,	27
1209,	3195,	274,	236,	27
1223,	3176,	274,	237,	27
1276,	3156,	274,	238,	27
1346,	3133,	274,	239,	27
1393,	3109,	274,	240,	27
1466,	3085,	274,	241,	27
1505,	3062,	274,	242,	27
1522,	3044,	274,	243,	27
1580,	3031,	274,	244,	27
1661,	3027,	274,	245,	27
1717,	3025,	274,	246,	27
1773,	3018,	274,	247,	27
1808,	3005,	274,	248,	27
1817,	2987,	274,	249,	27
1865,	2964,	274,	250,	27
1924,	2936,	274,	251,	27
2001,	2911,	274,	252,	27
2074,	2896,	274,	253,	27
2115,	2874,	274,	254,	27
2138,	2846,	274,	255,	27
2203,	2815,	274,	256,	27
2285,	2786,	274,	257,	27
2340,	2763,	274,	258,	27
2389,	2746,	274,	259,	27
2416,	2734,	274,	260,	27
2423,	2724,	274,	261,	27
2459,	2724,	274,	262,	27
2505,	2719,	274,	263,	27
2553,	2709,	274,	264,	27
2631,	2695,	274,	265,	27
2686,	2678,	274,	266,	27
2717,	2657,	274,	267,	27
2724,	2634,	274,	268,	27
2744,	2622,	274,	269,	27
2778,	2574,	274,	270,	27
2828,	2554,	274,	271,	27
2875,	2537,	274,	272,	27
2903,	2523,	274,	273,	27
2934,	2511,	274,	274,	27
2970,	2499,	274,	275,	27
2997,	2488,	274,	276,	27
3015,	2477,	274,	277,	27
3024,	2466,	274,	278,	27
3027,	2455,	274,	279,	27
3030,	2446,	274,	280,	27
3041,	2437,	274,	281,	27
3056,	2430,	274,	282,	27
3074,	2425,	274,	283,	27
3092,	2422,	274,	284,	27
3110,	2422,	274,	285,	27
3126,	2421,	274,	286,	27
3141,	2421,	274,	287,	27
3154,	2419,	274,	288,	27
3166,	2417,	274,	289,	27
3176,	2414,	274,	290,	27
3185,	2411,	274,	291,	27
3192,	2407,	274,	292,	27
3199,	2402,	274,	293,	27
3206,	2397,	274,	294,	27
3212,	2390,	274,	295,	27
3217,	2383,	274,	296,	27
3222,	2375,	274,	297,	27
3227,	2367,	274,	298,	27
3232,	2357,	274,	299,	27
3237,	2345,	274,	300,	27
3242,	2333,	274,	301,	27
3247,	2321,	274,	302,	27
3252,	2312,	274,	303,	27
3257,	2299,	274,	304,	27
3262,	2284,	274,	305,	27
3266,	2266,	274,	306,	27
3270,	2246,	274,	307,	27
3274,	2225,	274,	308,	27
3278,	2204,	274,	309,	27
3282,	2185,	274,	310,	27
3289,	2167,	274,	311,	27
3296,	2152,	274,	312,	27
3301,	2139,	274,	313,	27
3306,	2128,	274,	314,	27
3311,	2119,	274,	315,	27
3315,	2118,	274,	316,	27
3318,	2116,	274,	317,	27
3321,	2110,	274,	318,	27
3323,	2102,	274,	319,	27
3325,	2091,	274,	320,	27
3326,	2079,	274,	321,	27
3327,	2065,	274,	322,	27
3328,	2050,	274,	323,	27
3329,	2034,	274,	324,	27
3329,	2017,	274,	325,	27
3329,	2001,	274,	326,	27
3329,	1974,	274,	327,	27
3329,	1965,	274,	328,	27
3329,	1952,	274,	329,	27
3328,	1940,	274,	330,	27
3327,	1929,	274,	331,	27
3326,	1920,	274,	332,	27
3324,	1912,	274,	333,	27
3322,	1904,	274,	334,	27
3318,	1897,	274,	335,	27
3313,	1890,	274,	336,	27
3307,	1884,	274,	337,	27
3300,	1877,	274,	338,	27
3292,	1872,	274,	339,	27
3281,	1866,	274,	340,	27
3275,	1861,	274,	341,	27
3269,	1857,	274,	342,	27
3261,	1852,	274,	343,	27
3251,	1849,	274,	344,	27
3240,	1846,	274,	345,	27
3227,	1843,	274,	346,	27
3212,	1841,	274,	347,	27
3196,	1839,	274,	348,	27
3179,	1837,	274,	349,	27
3161,	1836,	274,	350,	27
3141,	1834,	274,	351,	27
3122,	1834,	274,	352,	27
3103,	1833,	274,	353,	27
3085,	1833,	274,	354,	27
3069,	1833,	274,	355,	27
3055,	1833,	274,	356,	27
3044,	1833,	274,	357,	27
3035,	1833,	274,	358,	27
3030,	1834,	274,	359,	27
3027,	1834,	274,	360,	27
1155,	3377,	274,	1,	30
1161,	3271,	274,	2,	30
1170,	3083,	274,	3,	30
1181,	2993,	274,	4,	30
1193,	2842,	274,	5,	30
1204,	2724,	274,	6,	30
1210,	2652,	274,	7,	30
1212,	2508,	274,	8,	30
1222,	2424,	274,	9,	30
1241,	2401,	274,	10,	30
1271,	2325,	274,	11,	30
1310,	2234,	274,	12,	30
1347,	2143,	274,	13,	30
1372,	2114,	274,	14,	30
1408,	2069,	274,	15,	30
1456,	2000,	274,	16,	30
1489,	1932,	274,	17,	30
1509,	1889,	274,	18,	30
1518,	1848,	274,	19,	30
1550,	2897,	274,	20,	30
1605,	2873,	274,	21,	30
1666,	2840,	274,	22,	30
1706,	2805,	274,	23,	30
1756,	2776,	274,	24,	30
1793,	2756,	274,	25,	30
1813,	2741,	274,	26,	30
1820,	2731,	274,	27,	30
1865,	2724,	274,	28,	30
1916,	2724,	274,	29,	30
1965,	2720,	274,	30,	30
2054,	2713,	274,	31,	30
2104,	2705,	274,	32,	30
2119,	2696,	274,	33,	30
2166,	2687,	274,	34,	30
2242,	2678,	274,	35,	30
2312,	2670,	274,	36,	30
2364,	2664,	274,	37,	30
2404,	2659,	274,	38,	30
2421,	2656,	274,	39,	30
2437,	2656,	274,	40,	30
2486,	2657,	274,	41,	30
2535,	2662,	274,	42,	30
2622,	2668,	274,	43,	30
2681,	2677,	274,	44,	30
2718,	2686,	274,	45,	30
2729,	2696,	274,	46,	30
2758,	2707,	274,	47,	30
2814,	2716,	274,	48,	30
2878,	2723,	274,	49,	30
2916,	2724,	274,	50,	30
2970,	2733,	274,	51,	30
3009,	2749,	274,	52,	30
3026,	2776,	274,	53,	30
3032,	2818,	274,	54,	30
3063,	2868,	274,	55,	30
3106,	2738,	274,	56,	30
3151,	2814,	274,	57,	30
3188,	2904,	274,	58,	30
3217,	2995,	274,	59,	30
3239,	3027,	274,	60,	30
3255,	3113,	274,	61,	30
3265,	3228,	274,	62,	30
3272,	3296,	274,	63,	30
3276,	3330,	274,	64,	30
3278,	3452,	274,	65,	30
3278,	3580,	274,	66,	30
3278,	3632,	274,	67,	30
3276,	3821,	274,	68,	30
3274,	3821,	274,	69,	30
3269,	3821,	274,	70,	30
3263,	289,	274,	71,	30
3254,	302,	274,	72,	30
3242,	318,	274,	73,	30
3227,	368,	274,	74,	30
3208,	421,	274,	75,	30
3186,	446,	274,	76,	30
3161,	478,	274,	77,	30
3133,	538,	274,	78,	30
3103,	586,	274,	79,	30
3075,	604,	274,	80,	30
3051,	627,	274,	81,	30
3034,	676,	274,	82,	30
3027,	747,	274,	83,	30
3026,	796,	274,	84,	30
3019,	849,	274,	85,	30
3008,	885,	274,	86,	30
2992,	904,	274,	87,	30
2973,	909,	274,	88,	30
2951,	937,	274,	89,	30
2930,	992,	274,	90,	30
2912,	1038,	274,	91,	30
2901,	1069,	274,	92,	30
2892,	1131,	274,	93,	30
2881,	1163,	274,	94,	30
2869,	1194,	274,	95,	30
2857,	1210,	274,	96,	30
2846,	1217,	274,	97,	30
2835,	1240,	274,	98,	30
2826,	1276,	274,	99,	30
2817,	1316,	274,	100,	30
2810,	1349,	274,	101,	30
2803,	1371,	274,	102,	30
2797,	1392,	274,	103,	30
2793,	1427,	274,	104,	30
2789,	1456,	274,	105,	30
2785,	1477,	274,	106,	30
2782,	1491,	274,	107,	30
2779,	1502,	274,	108,	30
2776,	1509,	274,	109,	30
2774,	1512,	274,	110,	30
2771,	1513,	274,	111,	30
2769,	1520,	274,	112,	30
2766,	1528,	274,	113,	30
2763,	1536,	274,	114,	30
2761,	1546,	274,	115,	30
2757,	1555,	274,	116,	30
2754,	1564,	274,	117,	30
2751,	1572,	274,	118,	30
2747,	1579,	274,	119,	30
2743,	1586,	274,	120,	30
2739,	1591,	274,	121,	30
2735,	1596,	274,	122,	30
2732,	1599,	274,	123,	30
2729,	1601,	274,	124,	30
2724,	1602,	274,	125,	30
2724,	1603,	274,	126,	30
2724,	1603,	274,	127,	30
2722,	1602,	274,	128,	30
2718,	1600,	274,	129,	30
2714,	1598,	274,	130,	30
2708,	1596,	274,	131,	30
2701,	1593,	274,	132,	30
2694,	1591,	274,	133,	30
2685,	1588,	274,	134,	30
2677,	1585,	274,	135,	30
2668,	1583,	274,	136,	30
2659,	1581,	274,	137,	30
2651,	1579,	274,	138,	30
2643,	1577,	274,	139,	30
2636,	1576,	274,	140,	30
2631,	1575,	274,	141,	30
2627,	1576,	274,	142,	30
2624,	1576,	274,	143,	30
2623,	1578,	274,	144,	30
2625,	1581,	274,	145,	30
2629,	1584,	274,	146,	30
2634,	1589,	274,	147,	30
2642,	1596,	274,	148,	30
2652,	1603,	274,	149,	30
2663,	1613,	274,	150,	30
2676,	1624,	274,	151,	30
2689,	1636,	274,	152,	30
2701,	1650,	274,	153,	30
2712,	1663,	274,	154,	30
2720,	1676,	274,	155,	30
2724,	1687,	274,	156,	30
2726,	1696,	274,	157,	30
2737,	1710,	274,	158,	30
2750,	1727,	274,	159,	30
2770,	1742,	274,	160,	30
2796,	1757,	274,	161,	30
2828,	1770,	274,	162,	30
2859,	1782,	274,	163,	30
2884,	1793,	274,	164,	30
2901,	1801,	274,	165,	30
2918,	1808,	274,	166,	30
2941,	1813,	274,	167,	30
2962,	1815,	274,	168,	30
2980,	1816,	274,	169,	30
2993,	1817,	274,	170,	30
3002,	1822,	274,	171,	30
3008,	1831,	274,	172,	30
3012,	1841,	274,	173,	30
3013,	1852,	274,	174,	30
3013,	1862,	274,	175,	30
3010,	1871,	274,	176,	30
3004,	1878,	274,	177,	30
2994,	1884,	274,	178,	30
2979,	1888,	274,	179,	30
2954,	1891,	274,	180,	30
2923,	1891,	274,	181,	30
2897,	1890,	274,	182,	30
2862,	1888,	274,	183,	30
2809,	1884,	274,	184,	30
2761,	1878,	274,	185,	30
2732,	1871,	274,	186,	30
2722,	1863,	274,	187,	30
2695,	1854,	274,	188,	30
2639,	1845,	274,	189,	30
2555,	1836,	274,	190,	30
2503,	1828,	274,	191,	30
2453,	1821,	274,	192,	30
2422,	1817,	274,	193,	30
2413,	1816,	274,	194,	30
2383,	1816,	274,	195,	30
2333,	1816,	274,	196,	30
2283,	1815,	274,	197,	30
2209,	1813,	274,	198,	30
2149,	1812,	274,	199,	30
2119,	1810,	274,	200,	30
2105,	1809,	274,	201,	30
2068,	1808,	274,	202,	30
2019,	1808,	274,	203,	30
1964,	1809,	274,	204,	30
1924,	1810,	274,	205,	30
1895,	1812,	274,	206,	30
1868,	1814,	274,	207,	30
1845,	1815,	274,	208,	30
1828,	1816,	274,	209,	30
1820,	1817,	274,	210,	30
1817,	1826,	274,	211,	30
1816,	1846,	274,	212,	30
1816,	1873,	274,	213,	30
1817,	1902,	274,	214,	30
1821,	1933,	274,	215,	30
1829,	1976,	274,	216,	30
1844,	2031,	274,	217,	30
1866,	2077,	274,	218,	30
1891,	2109,	274,	219,	30
1918,	2119,	274,	220,	30
1952,	2154,	274,	221,	30
2001,	2213,	274,	222,	30
2049,	2284,	274,	223,	30
2090,	2333,	274,	224,	30
2115,	2382,	274,	225,	30
2127,	2412,	274,	226,	30
2168,	2422,	274,	227,	30
2231,	2450,	274,	228,	30
2298,	2500,	274,	229,	30
2344,	2552,	274,	230,	30
2388,	2639,	274,	231,	30
2415,	2697,	274,	232,	30
2422,	2723,	274,	233,	30
2453,	2739,	274,	234,	30
2501,	2784,	274,	235,	30
2550,	2854,	274,	236,	30
2631,	2903,	274,	237,	30
2689,	2957,	274,	238,	30
2720,	3003,	274,	239,	30
2730,	3025,	274,	240,	30
2756,	3032,	274,	241,	30
2804,	3064,	274,	242,	30
2861,	3111,	274,	243,	30
2900,	3158,	274,	244,	30
2937,	3196,	274,	245,	30
2979,	3226,	274,	246,	30
3007,	3247,	274,	247,	30
3023,	3263,	274,	248,	30
3027,	3273,	274,	249,	30
3035,	3279,	274,	250,	30
3055,	3288,	274,	251,	30
3080,	3295,	274,	252,	30
3107,	3298,	274,	253,	30
3132,	3299,	274,	254,	30
3154,	3297,	274,	255,	30
3172,	3294,	274,	256,	30
3186,	3286,	274,	257,	30
3197,	3278,	274,	258,	30
3205,	3272,	274,	259,	30
3210,	3262,	274,	260,	30
3213,	3247,	274,	261,	30
3214,	3226,	274,	262,	30
3213,	3199,	274,	263,	30
3209,	3165,	274,	264,	30
3203,	3123,	274,	265,	30
3195,	3079,	274,	266,	30
3184,	3042,	274,	267,	30
3171,	3027,	274,	268,	30
3154,	3019,	274,	269,	30
3135,	2992,	274,	270,	30
3113,	2945,	274,	271,	30
3090,	2900,	274,	272,	30
3066,	2852,	274,	273,	30
3046,	2787,	274,	274,	30
3031,	2743,	274,	275,	30
3027,	2724,	274,	276,	30
3024,	2707,	274,	277,	30
3014,	2657,	274,	278,	30
2996,	2571,	274,	279,	30
2970,	2513,	274,	280,	30
2936,	2463,	274,	281,	30
2906,	2423,	274,	282,	30
2884,	2415,	274,	283,	30
2848,	2385,	274,	284,	30
2806,	2330,	274,	285,	30
2769,	2270,	274,	286,	30
2744,	2186,	274,	287,	30
2729,	2128,	274,	288,	30
2723,	2109,	274,	289,	30
2711,	2057,	274,	290,	30
2687,	1989,	274,	291,	30
2651,	1908,	274,	292,	30
2607,	1848,	274,	293,	30
2550,	1816,	274,	294,	30
2517,	1803,	274,	295,	30
2488,	1764,	274,	296,	30
2456,	1706,	274,	297,	30
2430,	1653,	274,	298,	30
2421,	1575,	274,	299,	30
2417,	1522,	274,	300,	30
2404,	1507,	274,	301,	30
2383,	1473,	274,	302,	30
2356,	1409,	274,	303,	30
2321,	1361,	274,	304,	30
2293,	1303,	274,	305,	30
2250,	1242,	274,	306,	30
2202,	1212,	274,	307,	30
2162,	1200,	274,	308,	30
2133,	1162,	274,	309,	30
2119,	1120,	274,	310,	30
2111,	1054,	274,	311,	30
2090,	1024,	274,	312,	30
2059,	971,	274,	313,	30
2020,	925,	274,	314,	30
1990,	908,	274,	315,	30
1936,	904,	274,	316,	30
1905,	888,	274,	317,	30
1875,	861,	274,	318,	30
1844,	826,	274,	319,	30
1820,	787,	274,	320,	30
1816,	750,	274,	321,	30
1811,	700,	274,	322,	30
1798,	656,	274,	323,	30
1779,	626,	274,	324,	30
1754,	605,	274,	325,	30
1725,	601,	274,	326,	30
1694,	589,	274,	327,	30
1669,	571,	274,	328,	30
1631,	536,	274,	329,	30
1588,	492,	274,	330,	30
1552,	488,	274,	331,	30
1526,	456,	274,	332,	30
1513,	445,	274,	333,	30
1507,	435,	274,	334,	30
1493,	420,	274,	335,	30
1472,	399,	274,	336,	30
1441,	374,	274,	337,	30
1403,	350,	274,	338,	30
1374,	330,	274,	339,	30
1357,	314,	274,	340,	30
1330,	305,	274,	341,	30
1298,	302,	274,	342,	30
1268,	301,	274,	343,	30
1243,	297,	274,	344,	30
1226,	290,	274,	345,	30
1215,	282,	274,	346,	30
1210,	3935,	274,	347,	30
1209,	3930,	274,	348,	30
1202,	3881,	274,	349,	30
1193,	3815,	274,	350,	30
1182,	3755,	274,	351,	30
1172,	3666,	274,	352,	30
1164,	3632,	274,	353,	30
1157,	3629,	274,	354,	30
1153,	3609,	274,	355,	30
1149,	3589,	274,	356,	30
1147,	3563,	274,	357,	30
1147,	3527,	274,	358,	30
1148,	3482,	274,	359,	30
1151,	3430,	274,	360,	30
1824,	930,	274,	1,	33
1816,	913,	274,	2,	33
1814,	908,	274,	3,	33
1805,	906,	274,	4,	33
1789,	900,	274,	5,	33
1768,	888,	274,	6,	33
1741,	872,	274,	7,	33
1708,	851,	274,	8,	33
1683,	825,	274,	9,	33
1649,	794,	274,	10,	33
1605,	772,	274,	11,	33
1562,	737,	274,	12,	33
1531,	697,	274,	13,	33
1513,	660,	274,	14,	33
1507,	634,	274,	15,	33
1489,	614,	274,	16,	33
1460,	605,	274,	17,	33
1416,	598,	274,	18,	33
1374,	585,	274,	19,	33
1347,	564,	274,	20,	33
1304,	524,	274,	21,	33
1257,	496,	274,	22,	33
1224,	476,	274,	23,	33
1210,	447,	274,	24,	33
1199,	439,	274,	25,	33
1168,	422,	274,	26,	33
1138,	396,	274,	27,	33
1082,	362,	274,	28,	33
1045,	332,	274,	29,	33
1008,	310,	274,	30,	33
957,	302,	274,	31,	33
918,	299,	274,	32,	33
908,	290,	274,	33,	33
900,	276,	274,	34,	33
880,	3910,	274,	35,	33
848,	3804,	274,	36,	33
801,	3666,	274,	37,	33
763,	3631,	274,	38,	33
705,	3599,	274,	39,	33
651,	3561,	274,	40,	33
617,	3501,	274,	41,	33
603,	3424,	274,	42,	33
588,	3354,	274,	43,	33
556,	3330,	274,	44,	33
492,	3323,	274,	45,	33
471,	3300,	274,	46,	33
444,	3273,	274,	47,	33
422,	3249,	274,	48,	33
383,	3216,	274,	49,	33
338,	3177,	274,	50,	33
308,	3135,	274,	51,	33
302,	3094,	274,	52,	33
292,	3060,	274,	53,	33
3935,	3037,	274,	54,	33
3820,	3027,	274,	55,	33
3669,	3026,	274,	56,	33
3628,	3021,	274,	57,	33
3588,	3013,	274,	58,	33
3531,	3003,	274,	59,	33
3447,	2992,	274,	60,	33
3362,	2981,	274,	61,	33
3330,	2971,	274,	62,	33
3322,	2963,	274,	63,	33
3294,	2956,	274,	64,	33
3267,	2953,	274,	65,	33
3238,	2951,	274,	66,	33
3201,	2952,	274,	67,	33
3158,	2955,	274,	68,	33
3113,	2960,	274,	69,	33
3074,	2967,	274,	70,	33
3045,	2976,	274,	71,	33
3029,	2985,	274,	72,	33
3027,	2996,	274,	73,	33
3022,	3006,	274,	74,	33
3013,	3015,	274,	75,	33
2999,	3022,	274,	76,	33
2984,	3026,	274,	77,	33
2967,	3027,	274,	78,	33
2949,	3034,	274,	79,	33
2932,	3052,	274,	80,	33
2917,	3079,	274,	81,	33
2902,	3113,	274,	82,	33
2896,	3151,	274,	83,	33
2890,	3188,	274,	84,	33
2883,	3222,	274,	85,	33
2875,	3251,	274,	86,	33
2869,	3272,	274,	87,	33
2862,	3295,	274,	88,	33
2857,	3318,	274,	89,	33
2852,	3329,	274,	90,	33
2847,	3334,	274,	91,	33
2843,	3378,	274,	92,	33
2840,	3447,	274,	93,	33
2837,	3513,	274,	94,	33
2835,	3564,	274,	95,	33
2834,	3598,	274,	96,	33
2833,	3628,	274,	97,	33
2833,	3637,	274,	98,	33
2833,	3757,	274,	99,	33
2834,	3853,	274,	100,	33
2836,	3932,	274,	101,	33
2838,	279,	274,	102,	33
2841,	291,	274,	103,	33
2845,	299,	274,	104,	33
2849,	302,	274,	105,	33
2853,	307,	274,	106,	33
2858,	325,	274,	107,	33
2864,	351,	274,	108,	33
2870,	381,	274,	109,	33
2876,	410,	274,	110,	33
2882,	430,	274,	111,	33
2888,	443,	274,	112,	33
2893,	449,	274,	113,	33
2898,	483,	274,	114,	33
2903,	492,	274,	115,	33
2908,	527,	274,	116,	33
2916,	564,	274,	117,	33
2926,	584,	274,	118,	33
2938,	597,	274,	119,	33
2950,	604,	274,	120,	33
2963,	611,	274,	121,	33
2975,	627,	274,	122,	33
2987,	650,	274,	123,	33
2997,	681,	274,	124,	33
3006,	719,	274,	125,	33
3014,	755,	274,	126,	33
3020,	783,	274,	127,	33
3024,	806,	274,	128,	33
3026,	836,	274,	129,	33
3027,	858,	274,	130,	33
3028,	877,	274,	131,	33
3034,	892,	274,	132,	33
3043,	902,	274,	133,	33
3054,	907,	274,	134,	33
3068,	908,	274,	135,	33
3083,	915,	274,	136,	33
3098,	933,	274,	137,	33
3114,	958,	274,	138,	33
3129,	989,	274,	139,	33
3144,	1016,	274,	140,	33
3158,	1038,	274,	141,	33
3170,	1051,	274,	142,	33
3182,	1070,	274,	143,	33
3191,	1105,	274,	144,	33
3200,	1133,	274,	145,	33
3207,	1150,	274,	146,	33
3213,	1164,	274,	147,	33
3218,	1180,	274,	148,	33
3222,	1194,	274,	149,	33
3224,	1205,	274,	150,	33
3226,	1210,	274,	151,	33
3226,	1210,	274,	152,	33
3225,	1215,	274,	153,	33
3224,	1222,	274,	154,	33
3222,	1231,	274,	155,	33
3219,	1243,	274,	156,	33
3216,	1257,	274,	157,	33
3213,	1271,	274,	158,	33
3209,	1287,	274,	159,	33
3206,	1302,	274,	160,	33
3204,	1317,	274,	161,	33
3202,	1331,	274,	162,	33
3201,	1344,	274,	163,	33
3202,	1355,	274,	164,	33
3203,	1364,	274,	165,	33
3207,	1371,	274,	166,	33
3211,	1377,	274,	167,	33
3218,	1389,	274,	168,	33
3226,	1404,	274,	169,	33
3236,	1421,	274,	170,	33
3247,	1438,	274,	171,	33
3258,	1453,	274,	172,	33
3269,	1467,	274,	173,	33
3279,	1479,	274,	174,	33
3299,	1489,	274,	175,	33
3316,	1498,	274,	176,	33
3328,	1506,	274,	177,	33
3330,	1511,	274,	178,	33
3357,	1513,	274,	179,	33
3424,	1519,	274,	180,	33
3501,	1532,	274,	181,	33
3565,	1552,	274,	182,	33
3608,	1577,	274,	183,	33
3632,	1609,	274,	184,	33
3761,	1642,	274,	185,	33
3900,	1672,	274,	186,	33
278,	1694,	274,	187,	33
295,	1720,	274,	188,	33
302,	1748,	274,	189,	33
316,	1772,	274,	190,	33
356,	1792,	274,	191,	33
404,	1807,	274,	192,	33
437,	1815,	274,	193,	33
454,	1817,	274,	194,	33
499,	1834,	274,	195,	33
548,	1865,	274,	196,	33
587,	1897,	274,	197,	33
604,	1928,	274,	198,	33
622,	1966,	274,	199,	33
665,	2014,	274,	200,	33
730,	2055,	274,	201,	33
785,	2089,	274,	202,	33
834,	2111,	274,	203,	33
874,	2119,	274,	204,	33
899,	2134,	274,	205,	33
908,	2164,	274,	206,	33
922,	2204,	274,	207,	33
971,	2250,	274,	208,	33
1026,	2292,	274,	209,	33
1055,	2319,	274,	210,	33
1120,	2349,	274,	211,	33
1158,	2375,	274,	212,	33
1192,	2395,	274,	213,	33
1210,	2409,	274,	214,	33
1220,	2418,	274,	215,	33
1252,	2421,	274,	216,	33
1298,	2424,	274,	217,	33
1342,	2438,	274,	218,	33
1371,	2457,	274,	219,	33
1405,	2478,	274,	220,	33
1449,	2497,	274,	221,	33
1480,	2514,	274,	222,	33
1500,	2531,	274,	223,	33
1511,	2549,	274,	224,	33
1516,	2569,	274,	225,	33
1534,	2599,	274,	226,	33
1561,	2623,	274,	227,	33
1594,	2642,	274,	228,	33
1631,	2657,	274,	229,	33
1663,	2670,	274,	230,	33
1687,	2680,	274,	231,	33
1704,	2687,	274,	232,	33
1730,	2694,	274,	233,	33
1751,	2698,	274,	234,	33
1769,	2702,	274,	235,	33
1785,	2704,	274,	236,	33
1797,	2705,	274,	237,	33
1807,	2705,	274,	238,	33
1813,	2705,	274,	239,	33
1816,	2703,	274,	240,	33
1816,	2700,	274,	241,	33
1822,	2696,	274,	242,	33
1835,	2690,	274,	243,	33
1852,	2683,	274,	244,	33
1870,	2674,	274,	245,	33
1888,	2662,	274,	246,	33
1904,	2648,	274,	247,	33
1921,	2632,	274,	248,	33
1938,	2625,	274,	249,	33
1958,	2581,	274,	250,	33
1967,	2562,	274,	251,	33
2005,	2545,	274,	252,	33
2026,	2529,	274,	253,	33
2045,	2514,	274,	254,	33
2063,	2499,	274,	255,	33
2078,	2485,	274,	256,	33
2091,	2469,	274,	257,	33
2102,	2452,	274,	258,	33
2110,	2438,	274,	259,	33
2115,	2427,	274,	260,	33
2118,	2422,	274,	261,	33
2119,	2421,	274,	262,	33
2124,	2419,	274,	263,	33
2132,	2415,	274,	264,	33
2141,	2408,	274,	265,	33
2151,	2400,	274,	266,	33
2162,	2391,	274,	267,	33
2175,	2380,	274,	268,	33
2187,	2369,	274,	269,	33
2201,	2357,	274,	270,	33
2214,	2344,	274,	271,	33
2228,	2331,	274,	272,	33
2241,	2321,	274,	273,	33
2254,	2313,	274,	274,	33
2266,	2304,	274,	275,	33
2276,	2294,	274,	276,	33
2286,	2284,	274,	277,	33
2295,	2273,	274,	278,	33
2302,	2262,	274,	279,	33
2309,	2251,	274,	280,	33
2314,	2241,	274,	281,	33
2319,	2230,	274,	282,	33
2322,	2220,	274,	283,	33
2327,	2210,	274,	284,	33
2334,	2200,	274,	285,	33
2340,	2191,	274,	286,	33
2345,	2182,	274,	287,	33
2350,	2173,	274,	288,	33
2356,	2165,	274,	289,	33
2360,	2157,	274,	290,	33
2364,	2149,	274,	291,	33
2367,	2141,	274,	292,	33
2371,	2134,	274,	293,	33
2374,	2128,	274,	294,	33
2377,	2122,	274,	295,	33
2380,	2119,	274,	296,	33
2383,	2118,	274,	297,	33
2386,	2115,	274,	298,	33
2388,	2110,	274,	299,	33
2391,	2102,	274,	300,	33
2393,	2091,	274,	301,	33
2396,	2077,	274,	302,	33
2398,	2059,	274,	303,	33
2400,	2039,	274,	304,	33
2402,	2015,	274,	305,	33
2403,	1989,	274,	306,	33
2405,	1959,	274,	307,	33
2407,	1935,	274,	308,	33
2408,	1914,	274,	309,	33
2409,	1894,	274,	310,	33
2410,	1872,	274,	311,	33
2411,	1849,	274,	312,	33
2412,	1828,	274,	313,	33
2412,	1817,	274,	314,	33
2413,	1816,	274,	315,	33
2413,	1812,	274,	316,	33
2413,	1803,	274,	317,	33
2413,	1790,	274,	318,	33
2413,	1773,	274,	319,	33
2413,	1753,	274,	320,	33
2412,	1729,	274,	321,	33
2411,	1700,	274,	322,	33
2410,	1684,	274,	323,	33
2409,	1659,	274,	324,	33
2407,	1627,	274,	325,	33
2405,	1593,	274,	326,	33
2402,	1562,	274,	327,	33
2399,	1538,	274,	328,	33
2395,	1521,	274,	329,	33
2390,	1513,	274,	330,	33
2384,	1510,	274,	331,	33
2378,	1501,	274,	332,	33
2370,	1488,	274,	333,	33
2361,	1471,	274,	334,	33
2350,	1449,	274,	335,	33
2337,	1422,	274,	336,	33
2323,	1393,	274,	337,	33
2314,	1373,	274,	338,	33
2301,	1361,	274,	339,	33
2284,	1342,	274,	340,	33
2263,	1318,	274,	341,	33
2239,	1292,	274,	342,	33
2214,	1266,	274,	343,	33
2189,	1244,	274,	344,	33
2167,	1227,	274,	345,	33
2147,	1216,	274,	346,	33
2131,	1210,	274,	347,	33
2119,	1209,	274,	348,	33
2117,	1199,	274,	349,	33
2110,	1184,	274,	350,	33
2096,	1167,	274,	351,	33
2076,	1151,	274,	352,	33
2051,	1133,	274,	353,	33
2021,	1104,	274,	354,	33
1988,	1068,	274,	355,	33
1951,	1050,	274,	356,	33
1924,	1036,	274,	357,	33
1899,	1014,	274,	358,	33
1873,	985,	274,	359,	33
1846,	955,	274,	360,	33
1503,	564,	274,	1,	35
1493,	519,	274,	2,	35
1478,	508,	274,	3,	35
1458,	467,	274,	4,	35
1432,	446,	274,	5,	35
1401,	434,	274,	6,	35
1376,	413,	274,	7,	35
1362,	383,	274,	8,	35
1340,	350,	274,	9,	35
1311,	323,	274,	10,	35
1280,	306,	274,	11,	35
1252,	302,	274,	12,	35
1230,	298,	274,	13,	35
1216,	289,	274,	14,	35
1210,	277,	274,	15,	35
1206,	3801,	274,	16,	35
1191,	3695,	274,	17,	35
1172,	3632,	274,	18,	35
1153,	3627,	274,	19,	35
1135,	3604,	274,	20,	35
1104,	3585,	274,	21,	35
1067,	3559,	274,	22,	35
1050,	3529,	274,	23,	35
1036,	3496,	274,	24,	35
1015,	3463,	274,	25,	35
989,	3432,	274,	26,	35
962,	3404,	274,	27,	35
939,	3382,	274,	28,	35
922,	3366,	274,	29,	35
912,	3354,	274,	30,	35
908,	3347,	274,	31,	35
908,	3343,	274,	32,	35
905,	3341,	274,	33,	35
901,	3342,	274,	34,	35
895,	3344,	274,	35,	35
888,	3349,	274,	36,	35
879,	3358,	274,	37,	35
870,	3370,	274,	38,	35
860,	3387,	274,	39,	35
850,	3409,	274,	40,	35
840,	3435,	274,	41,	35
830,	3464,	274,	42,	35
818,	3494,	274,	43,	35
807,	3524,	274,	44,	35
798,	3552,	274,	45,	35
791,	3577,	274,	46,	35
787,	3596,	274,	47,	35
783,	3616,	274,	48,	35
778,	3631,	274,	49,	35
774,	3632,	274,	50,	35
771,	3699,	274,	51,	35
769,	3792,	274,	52,	35
767,	3859,	274,	53,	35
766,	3927,	274,	54,	35
767,	3927,	274,	55,	35
768,	283,	274,	56,	35
771,	293,	274,	57,	35
774,	300,	274,	58,	35
778,	302,	274,	59,	35
783,	306,	274,	60,	35
787,	321,	274,	61,	35
792,	344,	274,	62,	35
800,	372,	274,	63,	35
811,	401,	274,	64,	35
823,	423,	274,	65,	35
834,	439,	274,	66,	35
845,	447,	274,	67,	35
854,	468,	274,	68,	35
863,	496,	274,	69,	35
871,	501,	274,	70,	35
879,	545,	274,	71,	35
886,	573,	274,	72,	35
891,	589,	274,	73,	35
896,	600,	274,	74,	35
899,	605,	274,	75,	35
902,	613,	274,	76,	35
904,	629,	274,	77,	35
906,	649,	274,	78,	35
907,	676,	274,	79,	35
907,	708,	274,	80,	35
907,	740,	274,	81,	35
908,	768,	274,	82,	35
907,	787,	274,	83,	35
907,	804,	274,	84,	35
907,	827,	274,	85,	35
906,	845,	274,	86,	35
904,	860,	274,	87,	35
901,	872,	274,	88,	35
897,	882,	274,	89,	35
889,	890,	274,	90,	35
878,	896,	274,	91,	35
863,	900,	274,	92,	35
844,	903,	274,	93,	35
816,	905,	274,	94,	35
787,	906,	274,	95,	35
758,	907,	274,	96,	35
714,	908,	274,	97,	35
667,	908,	274,	98,	35
633,	908,	274,	99,	35
609,	908,	274,	100,	35
601,	908,	274,	101,	35
585,	908,	274,	102,	35
552,	908,	274,	103,	35
492,	908,	274,	104,	35
470,	908,	274,	105,	35
444,	908,	274,	106,	35
421,	908,	274,	107,	35
380,	908,	274,	108,	35
334,	908,	274,	109,	35
305,	908,	274,	110,	35
300,	908,	274,	111,	35
287,	908,	274,	112,	35
3933,	908,	274,	113,	35
3804,	908,	274,	114,	35
3632,	908,	274,	115,	35
3609,	908,	274,	116,	35
3556,	908,	274,	117,	35
3468,	908,	274,	118,	35
3368,	908,	274,	119,	35
3330,	908,	274,	120,	35
3318,	908,	274,	121,	35
3285,	908,	274,	122,	35
3260,	909,	274,	123,	35
3228,	910,	274,	124,	35
3190,	913,	274,	125,	35
3151,	917,	274,	126,	35
3113,	922,	274,	127,	35
3082,	928,	274,	128,	35
3058,	937,	274,	129,	35
3042,	947,	274,	130,	35
3033,	959,	274,	131,	35
3028,	973,	274,	132,	35
3027,	988,	274,	133,	35
3027,	1002,	274,	134,	35
3027,	1016,	274,	135,	35
3027,	1029,	274,	136,	35
3027,	1039,	274,	137,	35
3027,	1048,	274,	138,	35
3027,	1053,	274,	139,	35
3027,	1067,	274,	140,	35
3029,	1089,	274,	141,	35
3034,	1111,	274,	142,	35
3042,	1129,	274,	143,	35
3053,	1143,	274,	144,	35
3067,	1153,	274,	145,	35
3086,	1163,	274,	146,	35
3107,	1174,	274,	147,	35
3130,	1185,	274,	148,	35
3155,	1195,	274,	149,	35
3178,	1203,	274,	150,	35
3201,	1209,	274,	151,	35
3222,	1210,	274,	152,	35
3241,	1210,	274,	153,	35
3257,	1214,	274,	154,	35
3270,	1218,	274,	155,	35
3279,	1225,	274,	156,	35
3298,	1232,	274,	157,	35
3313,	1241,	274,	158,	35
3324,	1251,	274,	159,	35
3329,	1262,	274,	160,	35
3330,	1273,	274,	161,	35
3340,	1285,	274,	162,	35
3369,	1297,	274,	163,	35
3410,	1308,	274,	164,	35
3456,	1319,	274,	165,	35
3498,	1329,	274,	166,	35
3536,	1338,	274,	167,	35
3568,	1346,	274,	168,	35
3591,	1353,	274,	169,	35
3612,	1360,	274,	170,	35
3630,	1365,	274,	171,	35
3632,	1369,	274,	172,	35
3686,	1373,	274,	173,	35
3780,	1376,	274,	174,	35
3843,	1382,	274,	175,	35
3914,	1388,	274,	176,	35
3935,	1396,	274,	177,	35
281,	1404,	274,	178,	35
290,	1412,	274,	179,	35
297,	1420,	274,	180,	35
301,	1427,	274,	181,	35
302,	1434,	274,	182,	35
308,	1441,	274,	183,	35
322,	1447,	274,	184,	35
343,	1453,	274,	185,	35
367,	1458,	274,	186,	35
393,	1463,	274,	187,	35
415,	1468,	274,	188,	35
432,	1472,	274,	189,	35
443,	1476,	274,	190,	35
448,	1480,	274,	191,	35
473,	1483,	274,	192,	35
509,	1486,	274,	193,	35
498,	1489,	274,	194,	35
538,	1492,	274,	195,	35
567,	1495,	274,	196,	35
583,	1498,	274,	197,	35
595,	1500,	274,	198,	35
602,	1502,	274,	199,	35
605,	1504,	274,	200,	35
616,	1506,	274,	201,	35
630,	1508,	274,	202,	35
649,	1509,	274,	203,	35
673,	1511,	274,	204,	35
701,	1512,	274,	205,	35
731,	1512,	274,	206,	35
758,	1513,	274,	207,	35
779,	1513,	274,	208,	35
793,	1513,	274,	209,	35
813,	1516,	274,	210,	35
833,	1518,	274,	211,	35
849,	1521,	274,	212,	35
863,	1525,	274,	213,	35
874,	1529,	274,	214,	35
884,	1534,	274,	215,	35
892,	1539,	274,	216,	35
898,	1545,	274,	217,	35
903,	1552,	274,	218,	35
906,	1560,	274,	219,	35
907,	1568,	274,	220,	35
908,	1577,	274,	221,	35
909,	1588,	274,	222,	35
913,	1599,	274,	223,	35
920,	1611,	274,	224,	35
931,	1624,	274,	225,	35
943,	1637,	274,	226,	35
958,	1650,	274,	227,	35
976,	1662,	274,	228,	35
993,	1674,	274,	229,	35
1010,	1684,	274,	230,	35
1026,	1693,	274,	231,	35
1039,	1700,	274,	232,	35
1048,	1715,	274,	233,	35
1056,	1730,	274,	234,	35
1079,	1743,	274,	235,	35
1108,	1756,	274,	236,	35
1132,	1769,	274,	237,	35
1149,	1781,	274,	238,	35
1163,	1791,	274,	239,	35
1181,	1801,	274,	240,	35
1198,	1808,	274,	241,	35
1209,	1813,	274,	242,	35
1212,	1816,	274,	243,	35
1221,	1816,	274,	244,	35
1241,	1824,	274,	245,	35
1271,	1840,	274,	246,	35
1308,	1861,	274,	247,	35
1343,	1883,	274,	248,	35
1369,	1903,	274,	249,	35
1394,	1924,	274,	250,	35
1437,	1948,	274,	251,	35
1471,	1972,	274,	252,	35
1495,	2011,	274,	253,	35
1509,	2040,	274,	254,	35
1513,	2066,	274,	255,	35
1535,	2087,	274,	256,	35
1568,	2104,	274,	257,	35
1613,	2114,	274,	258,	35
1657,	2119,	274,	259,	35
1689,	2125,	274,	260,	35
1718,	2139,	274,	261,	35
1750,	2157,	274,	262,	35
1776,	2179,	274,	263,	35
1796,	2203,	274,	264,	35
1809,	2229,	274,	265,	35
1816,	2254,	274,	266,	35
1817,	2276,	274,	267,	35
1831,	2294,	274,	268,	35
1855,	2309,	274,	269,	35
1880,	2319,	274,	270,	35
1902,	2327,	274,	271,	35
1922,	2339,	274,	272,	35
1943,	2348,	274,	273,	35
1965,	2357,	274,	274,	35
1992,	2362,	274,	275,	35
2013,	2367,	274,	276,	35
2031,	2370,	274,	277,	35
2046,	2372,	274,	278,	35
2059,	2373,	274,	279,	35
2070,	2374,	274,	280,	35
2079,	2373,	274,	281,	35
2086,	2372,	274,	282,	35
2091,	2369,	274,	283,	35
2095,	2366,	274,	284,	35
2098,	2361,	274,	285,	35
2100,	2356,	274,	286,	35
2102,	2348,	274,	287,	35
2102,	2339,	274,	288,	35
2102,	2329,	274,	289,	35
2102,	2320,	274,	290,	35
2101,	2312,	274,	291,	35
2099,	2301,	274,	292,	35
2097,	2286,	274,	293,	35
2095,	2268,	274,	294,	35
2091,	2248,	274,	295,	35
2087,	2225,	274,	296,	35
2082,	2202,	274,	297,	35
2077,	2180,	274,	298,	35
2070,	2159,	274,	299,	35
2063,	2142,	274,	300,	35
2056,	2128,	274,	301,	35
2047,	2119,	274,	302,	35
2038,	2117,	274,	303,	35
2029,	2108,	274,	304,	35
2018,	2094,	274,	305,	35
2007,	2073,	274,	306,	35
1996,	2048,	274,	307,	35
1971,	2018,	274,	308,	35
1969,	1979,	274,	309,	35
1957,	1950,	274,	310,	35
1946,	1922,	274,	311,	35
1936,	1897,	274,	312,	35
1926,	1872,	274,	313,	35
1917,	1844,	274,	314,	35
1908,	1822,	274,	315,	35
1899,	1816,	274,	316,	35
1889,	1813,	274,	317,	35
1880,	1803,	274,	318,	35
1870,	1786,	274,	319,	35
1860,	1763,	274,	320,	35
1849,	1734,	274,	321,	35
1840,	1698,	274,	322,	35
1831,	1676,	274,	323,	35
1824,	1637,	274,	324,	35
1819,	1590,	274,	325,	35
1816,	1550,	274,	326,	35
1816,	1523,	274,	327,	35
1816,	1512,	274,	328,	35
1815,	1501,	274,	329,	35
1813,	1479,	274,	330,	35
1811,	1444,	274,	331,	35
1808,	1395,	274,	332,	35
1804,	1366,	274,	333,	35
1800,	1331,	274,	334,	35
1795,	1284,	274,	335,	35
1789,	1242,	274,	336,	35
1783,	1216,	274,	337,	35
1776,	1210,	274,	338,	35
1769,	1191,	274,	339,	35
1761,	1161,	274,	340,	35
1752,	1131,	274,	341,	35
1743,	1076,	274,	342,	35
1733,	1045,	274,	343,	35
1721,	1013,	274,	344,	35
1709,	967,	274,	345,	35
1697,	928,	274,	346,	35
1690,	909,	274,	347,	35
1681,	907,	274,	348,	35
1668,	897,	274,	349,	35
1653,	878,	274,	350,	35
1636,	851,	274,	351,	35
1616,	815,	274,	352,	35
1596,	783,	274,	353,	35
1576,	744,	274,	354,	35
1558,	696,	274,	355,	35
1542,	653,	274,	356,	35
1528,	625,	274,	357,	35
1518,	605,	274,	358,	35
1513,	601,	274,	359,	35
1510,	587,	274,	360,	35
317,	1286,	274,	1,	37
342,	1280,	274,	2,	37
375,	1274,	274,	3,	37
407,	1269,	274,	4,	37
431,	1265,	274,	5,	37
445,	1262,	274,	6,	37
464,	1259,	274,	7,	37
510,	1256,	274,	8,	37
521,	1255,	274,	9,	37
567,	1254,	274,	10,	37
589,	1253,	274,	11,	37
602,	1254,	274,	12,	37
610,	1255,	274,	13,	37
634,	1256,	274,	14,	37
670,	1259,	274,	15,	37
722,	1262,	274,	16,	37
770,	1267,	274,	17,	37
803,	1272,	274,	18,	37
845,	1279,	274,	19,	37
875,	1287,	274,	20,	37
896,	1296,	274,	21,	37
907,	1306,	274,	22,	37
911,	1318,	274,	23,	37
938,	1329,	274,	24,	37
986,	1342,	274,	25,	37
1032,	1353,	274,	26,	37
1057,	1364,	274,	27,	37
1119,	1372,	274,	28,	37
1157,	1382,	274,	29,	37
1191,	1402,	274,	30,	37
1210,	1427,	274,	31,	37
1221,	1450,	274,	32,	37
1258,	1470,	274,	33,	37
1311,	1486,	274,	34,	37
1358,	1499,	274,	35,	37
1389,	1509,	274,	36,	37
1445,	1513,	274,	37,	37
1484,	1521,	274,	38,	37
1507,	1539,	274,	39,	37
1514,	1565,	274,	40,	37
1542,	1599,	274,	41,	37
1587,	1636,	274,	42,	37
1641,	1670,	274,	43,	37
1684,	1693,	274,	44,	37
1716,	1720,	274,	45,	37
1753,	1748,	274,	46,	37
1782,	1773,	274,	47,	37
1802,	1792,	274,	48,	37
1814,	1806,	274,	49,	37
1816,	1814,	274,	50,	37
1828,	1816,	274,	51,	37
1855,	1826,	274,	52,	37
1884,	1850,	274,	53,	37
1909,	1877,	274,	54,	37
1934,	1903,	274,	55,	37
1961,	1928,	274,	56,	37
1994,	1956,	274,	57,	37
2021,	1992,	274,	58,	37
2044,	2024,	274,	59,	37
2062,	2051,	274,	60,	37
2077,	2074,	274,	61,	37
2088,	2093,	274,	62,	37
2096,	2106,	274,	63,	37
2101,	2114,	274,	64,	37
2105,	2118,	274,	65,	37
2108,	2119,	274,	66,	37
2109,	2128,	274,	67,	37
2110,	2138,	274,	68,	37
2109,	2149,	274,	69,	37
2109,	2161,	274,	70,	37
2107,	2174,	274,	71,	37
2105,	2187,	274,	72,	37
2102,	2201,	274,	73,	37
2098,	2215,	274,	74,	37
2094,	2229,	274,	75,	37
2088,	2242,	274,	76,	37
2081,	2254,	274,	77,	37
2074,	2266,	274,	78,	37
2066,	2277,	274,	79,	37
2057,	2287,	274,	80,	37
2047,	2296,	274,	81,	37
2038,	2305,	274,	82,	37
2028,	2312,	274,	83,	37
2018,	2318,	274,	84,	37
2009,	2323,	274,	85,	37
2000,	2332,	274,	86,	37
1991,	2341,	274,	87,	37
1972,	2351,	274,	88,	37
1989,	2361,	274,	89,	37
1974,	2369,	274,	90,	37
1967,	2378,	274,	91,	37
1965,	2386,	274,	92,	37
1965,	2394,	274,	93,	37
1965,	2401,	274,	94,	37
1966,	2407,	274,	95,	37
1968,	2413,	274,	96,	37
1973,	2417,	274,	97,	37
1979,	2420,	274,	98,	37
1983,	2421,	274,	99,	37
1982,	2421,	274,	100,	37
1975,	2422,	274,	101,	37
1967,	2425,	274,	102,	37
1963,	2429,	274,	103,	37
1956,	2434,	274,	104,	37
1948,	2438,	274,	105,	37
1938,	2443,	274,	106,	37
1927,	2446,	274,	107,	37
1913,	2448,	274,	108,	37
1898,	2449,	274,	109,	37
1880,	2448,	274,	110,	37
1858,	2445,	274,	111,	37
1833,	2440,	274,	112,	37
1817,	2434,	274,	113,	37
1815,	2428,	274,	114,	37
1805,	2423,	274,	115,	37
1783,	2421,	274,	116,	37
1747,	2420,	274,	117,	37
1697,	2415,	274,	118,	37
1649,	2405,	274,	119,	37
1572,	2388,	274,	120,	37
1519,	2363,	274,	121,	37
1500,	2326,	274,	122,	37
1442,	2293,	274,	123,	37
1365,	2238,	274,	124,	37
1282,	2177,	274,	125,	37
1215,	2133,	274,	126,	37
1186,	2116,	274,	127,	37
1119,	2087,	274,	128,	37
1035,	2031,	274,	129,	37
945,	1957,	274,	130,	37
908,	1902,	274,	131,	37
882,	1848,	274,	132,	37
816,	1816,	274,	133,	37
737,	1807,	274,	134,	37
642,	1775,	274,	135,	37
604,	1725,	274,	136,	37
572,	1676,	274,	137,	37
502,	1607,	274,	138,	37
445,	1543,	274,	139,	37
403,	1513,	274,	140,	37
333,	1498,	274,	141,	37
302,	1460,	274,	142,	37
288,	1399,	274,	143,	37
3907,	1361,	274,	144,	37
3682,	1314,	274,	145,	37
3614,	1260,	274,	146,	37
3547,	1224,	274,	147,	37
3442,	1210,	274,	148,	37
3347,	1202,	274,	149,	37
3330,	1177,	274,	150,	37
3319,	1153,	274,	151,	37
3303,	1131,	274,	152,	37
3290,	1095,	274,	153,	37
3285,	1060,	274,	154,	37
3289,	1048,	274,	155,	37
3300,	1037,	274,	156,	37
3314,	1023,	274,	157,	37
3327,	1008,	274,	158,	37
3330,	994,	274,	159,	37
3369,	982,	274,	160,	37
3458,	972,	274,	161,	37
3544,	964,	274,	162,	37
3600,	959,	274,	163,	37
3632,	956,	274,	164,	37
3790,	955,	274,	165,	37
3932,	956,	274,	166,	37
288,	959,	274,	167,	37
301,	963,	274,	168,	37
310,	969,	274,	169,	37
349,	977,	274,	170,	37
402,	987,	274,	171,	37
437,	998,	274,	172,	37
458,	1010,	274,	173,	37
493,	1022,	274,	174,	37
554,	1033,	274,	175,	37
589,	1043,	274,	176,	37
604,	1050,	274,	177,	37
619,	1059,	274,	178,	37
653,	1083,	274,	179,	37
702,	1110,	274,	180,	37
754,	1132,	274,	181,	37
788,	1148,	274,	182,	37
821,	1161,	274,	183,	37
850,	1177,	274,	184,	37
871,	1193,	274,	185,	37
887,	1205,	274,	186,	37
898,	1210,	274,	187,	37
904,	1213,	274,	188,	37
907,	1222,	274,	189,	37
908,	1238,	274,	190,	37
909,	1260,	274,	191,	37
914,	1287,	274,	192,	37
921,	1316,	274,	193,	37
929,	1342,	274,	194,	37
937,	1363,	274,	195,	37
945,	1375,	274,	196,	37
951,	1399,	274,	197,	37
957,	1430,	274,	198,	37
962,	1456,	274,	199,	37
965,	1476,	274,	200,	37
968,	1491,	274,	201,	37
970,	1502,	274,	202,	37
971,	1510,	274,	203,	37
972,	1513,	274,	204,	37
971,	1517,	274,	205,	37
971,	1528,	274,	206,	37
970,	1541,	274,	207,	37
970,	1557,	274,	208,	37
969,	1574,	274,	209,	37
969,	1592,	274,	210,	37
968,	1610,	274,	211,	37
969,	1626,	274,	212,	37
970,	1641,	274,	213,	37
971,	1652,	274,	214,	37
973,	1662,	274,	215,	37
976,	1670,	274,	216,	37
979,	1677,	274,	217,	37
983,	1682,	274,	218,	37
988,	1686,	274,	219,	37
993,	1689,	274,	220,	37
999,	1692,	274,	221,	37
1006,	1694,	274,	222,	37
1013,	1695,	274,	223,	37
1020,	1696,	274,	224,	37
1028,	1697,	274,	225,	37
1035,	1698,	274,	226,	37
1042,	1700,	274,	227,	37
1048,	1702,	274,	228,	37
1052,	1704,	274,	229,	37
1061,	1706,	274,	230,	37
1079,	1708,	274,	231,	37
1101,	1710,	274,	232,	37
1122,	1713,	274,	233,	37
1139,	1716,	274,	234,	37
1151,	1719,	274,	235,	37
1164,	1723,	274,	236,	37
1179,	1728,	274,	237,	37
1195,	1733,	274,	238,	37
1207,	1738,	274,	239,	37
1210,	1744,	274,	240,	37
1215,	1751,	274,	241,	37
1229,	1758,	274,	242,	37
1251,	1766,	274,	243,	37
1283,	1774,	274,	244,	37
1319,	1782,	274,	245,	37
1351,	1789,	274,	246,	37
1372,	1797,	274,	247,	37
1400,	1803,	274,	248,	37
1441,	1808,	274,	249,	37
1473,	1813,	274,	250,	37
1494,	1815,	274,	251,	37
1508,	1816,	274,	252,	37
1513,	1817,	274,	253,	37
1526,	1823,	274,	254,	37
1549,	1835,	274,	255,	37
1580,	1850,	274,	256,	37
1615,	1867,	274,	257,	37
1649,	1883,	274,	258,	37
1675,	1899,	274,	259,	37
1692,	1915,	274,	260,	37
1708,	1931,	274,	261,	37
1727,	1949,	274,	262,	37
1742,	1973,	274,	263,	37
1753,	1995,	274,	264,	37
1761,	2016,	274,	265,	37
1767,	2036,	274,	266,	37
1769,	2053,	274,	267,	37
1770,	2069,	274,	268,	37
1767,	2083,	274,	269,	37
1761,	2094,	274,	270,	37
1751,	2103,	274,	271,	37
1737,	2110,	274,	272,	37
1718,	2114,	274,	273,	37
1696,	2117,	274,	274,	37
1676,	2118,	274,	275,	37
1643,	2119,	274,	276,	37
1599,	2119,	274,	277,	37
1557,	2125,	274,	278,	37
1525,	2128,	274,	279,	37
1512,	2132,	274,	280,	37
1498,	2135,	274,	281,	37
1466,	2137,	274,	282,	37
1413,	2140,	274,	283,	37
1368,	2141,	274,	284,	37
1323,	2142,	274,	285,	37
1262,	2142,	274,	286,	37
1220,	2142,	274,	287,	37
1209,	2140,	274,	288,	37
1178,	2138,	274,	289,	37
1140,	2136,	274,	290,	37
1070,	2133,	274,	291,	37
1034,	2129,	274,	292,	37
978,	2126,	274,	293,	37
925,	2122,	274,	294,	37
908,	2119,	274,	295,	37
900,	2119,	274,	296,	37
875,	2118,	274,	297,	37
838,	2115,	274,	298,	37
789,	2110,	274,	299,	37
743,	2104,	274,	300,	37
680,	2095,	274,	301,	37
635,	2083,	274,	302,	37
605,	2069,	274,	303,	37
600,	2052,	274,	304,	37
581,	2032,	274,	305,	37
543,	2010,	274,	306,	37
493,	1983,	274,	307,	37
470,	1959,	274,	308,	37
445,	1937,	274,	309,	37
429,	1918,	274,	310,	37
401,	1900,	274,	311,	37
363,	1881,	274,	312,	37
329,	1861,	274,	313,	37
307,	1841,	274,	314,	37
302,	1824,	274,	315,	37
297,	1816,	274,	316,	37
287,	1816,	274,	317,	37
3935,	1813,	274,	318,	37
3908,	1806,	274,	319,	37
3813,	1796,	274,	320,	37
3707,	1783,	274,	321,	37
3632,	1767,	274,	322,	37
3626,	1749,	274,	323,	37
3599,	1730,	274,	324,	37
3577,	1707,	274,	325,	37
3545,	1691,	274,	326,	37
3508,	1674,	274,	327,	37
3469,	1652,	274,	328,	37
3431,	1627,	274,	329,	37
3398,	1600,	274,	330,	37
3371,	1576,	274,	331,	37
3353,	1555,	274,	332,	37
3342,	1538,	274,	333,	37
3336,	1525,	274,	334,	37
3333,	1517,	274,	335,	37
3332,	1513,	274,	336,	37
3332,	1511,	274,	337,	37
3334,	1506,	274,	338,	37
3337,	1500,	274,	339,	37
3344,	1492,	274,	340,	37
3356,	1482,	274,	341,	37
3374,	1472,	274,	342,	37
3399,	1459,	274,	343,	37
3431,	1445,	274,	344,	37
3466,	1430,	274,	345,	37
3502,	1415,	274,	346,	37
3536,	1399,	274,	347,	37
3567,	1385,	274,	348,	37
3592,	1376,	274,	349,	37
3615,	1371,	274,	350,	37
3632,	1365,	274,	351,	37
3640,	1359,	274,	352,	37
3741,	1351,	274,	353,	37
3822,	1343,	274,	354,	37
3914,	1334,	274,	355,	37
3935,	1326,	274,	356,	37
286,	1317,	274,	357,	37
296,	1309,	274,	358,	37
302,	1301,	274,	359,	37
303,	1293,	274,	360,	37
1213,	2941,	274,	1,	40
1213,	2887,	274,	2,	40
1213,	2826,	274,	3,	40
1212,	2773,	274,	4,	40
1212,	2745,	274,	5,	40
1211,	2731,	274,	6,	40
1210,	2724,	274,	7,	40
1210,	2724,	274,	8,	40
1210,	2722,	274,	9,	40
1210,	2721,	274,	10,	40
1210,	2722,	274,	11,	40
1210,	2723,	274,	12,	40
1209,	2724,	274,	13,	40
1207,	2724,	274,	14,	40
1205,	2731,	274,	15,	40
1202,	2740,	274,	16,	40
1199,	2755,	274,	17,	40
1195,	2779,	274,	18,	40
1190,	2813,	274,	19,	40
1185,	2853,	274,	20,	40
1179,	2887,	274,	21,	40
1173,	3296,	274,	22,	40
1167,	3280,	274,	23,	40
1161,	3271,	274,	24,	40
1156,	3258,	274,	25,	40
1150,	3241,	274,	26,	40
1145,	3221,	274,	27,	40
1137,	3197,	274,	28,	40
1128,	3171,	274,	29,	40
1116,	3143,	274,	30,	40
1103,	3116,	274,	31,	40
1089,	3090,	274,	32,	40
1073,	3068,	274,	33,	40
1059,	3051,	274,	34,	40
1052,	3039,	274,	35,	40
1049,	3031,	274,	36,	40
1044,	3027,	274,	37,	40
1037,	3027,	274,	38,	40
1029,	3027,	274,	39,	40
1021,	3026,	274,	40,	40
1012,	3025,	274,	41,	40
1003,	3025,	274,	42,	40
993,	3025,	274,	43,	40
985,	3026,	274,	44,	40
976,	3026,	274,	45,	40
969,	3027,	274,	46,	40
962,	3027,	274,	47,	40
957,	3030,	274,	48,	40
952,	3039,	274,	49,	40
949,	3057,	274,	50,	40
947,	3083,	274,	51,	40
946,	3118,	274,	52,	40
946,	3160,	274,	53,	40
947,	3202,	274,	54,	40
949,	3240,	274,	55,	40
953,	3270,	274,	56,	40
958,	3302,	274,	57,	40
966,	3327,	274,	58,	40
975,	3337,	274,	59,	40
986,	3421,	274,	60,	40
999,	3525,	274,	61,	40
1013,	3594,	274,	62,	40
1026,	3632,	274,	63,	40
1039,	3787,	274,	64,	40
1048,	3933,	274,	65,	40
1055,	279,	274,	66,	40
1077,	297,	274,	67,	40
1104,	303,	274,	68,	40
1127,	332,	274,	69,	40
1144,	386,	274,	70,	40
1155,	431,	274,	71,	40
1166,	448,	274,	72,	40
1178,	495,	274,	73,	40
1188,	559,	274,	74,	40
1197,	594,	274,	75,	40
1203,	605,	274,	76,	40
1206,	644,	274,	77,	40
1208,	709,	274,	78,	40
1209,	778,	274,	79,	40
1209,	830,	274,	80,	40
1208,	874,	274,	81,	40
1206,	901,	274,	82,	40
1201,	908,	274,	83,	40
1191,	932,	274,	84,	40
1177,	990,	274,	85,	40
1160,	1039,	274,	86,	40
1141,	1075,	274,	87,	40
1104,	1137,	274,	88,	40
1054,	1168,	274,	89,	40
1030,	1198,	274,	90,	40
979,	1210,	274,	91,	40
926,	1217,	274,	92,	40
908,	1236,	274,	93,	40
894,	1261,	274,	94,	40
855,	1288,	274,	95,	40
791,	1312,	274,	96,	40
717,	1331,	274,	97,	40
635,	1345,	274,	98,	40
603,	1355,	274,	99,	40
566,	1361,	274,	100,	40
477,	1364,	274,	101,	40
438,	1366,	274,	102,	40
372,	1366,	274,	103,	40
305,	1365,	274,	104,	40
288,	1363,	274,	105,	40
3808,	1359,	274,	106,	40
3605,	1354,	274,	107,	40
3433,	1346,	274,	108,	40
3320,	1337,	274,	109,	40
3222,	1326,	274,	110,	40
3057,	1313,	274,	111,	40
3002,	1298,	274,	112,	40
2890,	1283,	274,	113,	40
2760,	1268,	274,	114,	40
2720,	1255,	274,	115,	40
2640,	1243,	274,	116,	40
2523,	1233,	274,	117,	40
2453,	1225,	274,	118,	40
2421,	1219,	274,	119,	40
2403,	1214,	274,	120,	40
2366,	1212,	274,	121,	40
2321,	1210,	274,	122,	40
2286,	1210,	274,	123,	40
2246,	1210,	274,	124,	40
2213,	1209,	274,	125,	40
2192,	1208,	274,	126,	40
2181,	1206,	274,	127,	40
2177,	1205,	274,	128,	40
2181,	1204,	274,	129,	40
2192,	1203,	274,	130,	40
2210,	1202,	274,	131,	40
2238,	1201,	274,	132,	40
2271,	1201,	274,	133,	40
2303,	1201,	274,	134,	40
2329,	1201,	274,	135,	40
2365,	1202,	274,	136,	40
2394,	1202,	274,	137,	40
2414,	1203,	274,	138,	40
2421,	1204,	274,	139,	40
2439,	1204,	274,	140,	40
2483,	1205,	274,	141,	40
2528,	1206,	274,	142,	40
2595,	1206,	274,	143,	40
2672,	1207,	274,	144,	40
2715,	1207,	274,	145,	40
2727,	1208,	274,	146,	40
2760,	1208,	274,	147,	40
2826,	1208,	274,	148,	40
2893,	1209,	274,	149,	40
2946,	1209,	274,	150,	40
3002,	1209,	274,	151,	40
3026,	1208,	274,	152,	40
3041,	1208,	274,	153,	40
3096,	1207,	274,	154,	40
3163,	1207,	274,	155,	40
3220,	1206,	274,	156,	40
3260,	1204,	274,	157,	40
3286,	1203,	274,	158,	40
3317,	1201,	274,	159,	40
3329,	1199,	274,	160,	40
3338,	1196,	274,	161,	40
3388,	1193,	274,	162,	40
3455,	1190,	274,	163,	40
3514,	1186,	274,	164,	40
3560,	1182,	274,	165,	40
3591,	1178,	274,	166,	40
3617,	1174,	274,	167,	40
3632,	1169,	274,	168,	40
3644,	1165,	274,	169,	40
3737,	1160,	274,	170,	40
3812,	1156,	274,	171,	40
3884,	1152,	274,	172,	40
3933,	1148,	274,	173,	40
275,	1144,	274,	174,	40
285,	1139,	274,	175,	40
293,	1133,	274,	176,	40
299,	1126,	274,	177,	40
302,	1118,	274,	178,	40
303,	1110,	274,	179,	40
308,	1101,	274,	180,	40
321,	1091,	274,	181,	40
340,	1082,	274,	182,	40
363,	1072,	274,	183,	40
387,	1064,	274,	184,	40
410,	1057,	274,	185,	40
427,	1053,	274,	186,	40
440,	1051,	274,	187,	40
447,	1049,	274,	188,	40
462,	1047,	274,	189,	40
488,	1044,	274,	190,	40
492,	1041,	274,	191,	40
521,	1038,	274,	192,	40
556,	1035,	274,	193,	40
576,	1031,	274,	194,	40
590,	1028,	274,	195,	40
599,	1024,	274,	196,	40
604,	1021,	274,	197,	40
607,	1018,	274,	198,	40
622,	1014,	274,	199,	40
637,	1012,	274,	200,	40
657,	1009,	274,	201,	40
682,	1007,	274,	202,	40
710,	1004,	274,	203,	40
738,	1003,	274,	204,	40
762,	1001,	274,	205,	40
781,	1000,	274,	206,	40
793,	1000,	274,	207,	40
811,	1000,	274,	208,	40
829,	1000,	274,	209,	40
844,	1001,	274,	210,	40
856,	1002,	274,	211,	40
866,	1003,	274,	212,	40
874,	1005,	274,	213,	40
881,	1008,	274,	214,	40
887,	1011,	274,	215,	40
892,	1015,	274,	216,	40
896,	1020,	274,	217,	40
899,	1025,	274,	218,	40
902,	1030,	274,	219,	40
904,	1036,	274,	220,	40
906,	1042,	274,	221,	40
907,	1047,	274,	222,	40
908,	1052,	274,	223,	40
908,	1059,	274,	224,	40
908,	1076,	274,	225,	40
910,	1099,	274,	226,	40
913,	1122,	274,	227,	40
919,	1140,	274,	228,	40
928,	1154,	274,	229,	40
939,	1169,	274,	230,	40
954,	1187,	274,	231,	40
973,	1203,	274,	232,	40
993,	1210,	274,	233,	40
1014,	1216,	274,	234,	40
1033,	1234,	274,	235,	40
1048,	1267,	274,	236,	40
1061,	1312,	274,	237,	40
1101,	1355,	274,	238,	40
1137,	1383,	274,	239,	40
1159,	1440,	274,	240,	40
1185,	1485,	274,	241,	40
1207,	1510,	274,	242,	40
1213,	1526,	274,	243,	40
1234,	1580,	274,	244,	40
1279,	1658,	274,	245,	40
1335,	1714,	274,	246,	40
1373,	1773,	274,	247,	40
1429,	1809,	274,	248,	40
1481,	1820,	274,	249,	40
1509,	1879,	274,	250,	40
1523,	1947,	274,	251,	40
1573,	2041,	274,	252,	40
1647,	2107,	274,	253,	40
1697,	2132,	274,	254,	40
1754,	2209,	274,	255,	40
1795,	2304,	274,	256,	40
1815,	2368,	274,	257,	40
1827,	2411,	274,	258,	40
1879,	2423,	274,	259,	40
1930,	2470,	274,	260,	40
1998,	2526,	274,	261,	40
2062,	2625,	274,	262,	40
2105,	2684,	274,	263,	40
2119,	2720,	274,	264,	40
2146,	2731,	274,	265,	40
2193,	2760,	274,	266,	40
2248,	2810,	274,	267,	40
2295,	2863,	274,	268,	40
2322,	2897,	274,	269,	40
2352,	2919,	274,	270,	40
2373,	2945,	274,	271,	40
2387,	2964,	274,	272,	40
2396,	2973,	274,	273,	40
2402,	2976,	274,	274,	40
2406,	2973,	274,	275,	40
2407,	2964,	274,	276,	40
2406,	2947,	274,	277,	40
2404,	2925,	274,	278,	40
2399,	2904,	274,	279,	40
2392,	2884,	274,	280,	40
2382,	2849,	274,	281,	40
2368,	2804,	274,	282,	40
2350,	2764,	274,	283,	40
2324,	2737,	274,	284,	40
2307,	2724,	274,	285,	40
2276,	2714,	274,	286,	40
2236,	2683,	274,	287,	40
2193,	2632,	274,	288,	40
2156,	2560,	274,	289,	40
2129,	2516,	274,	290,	40
2118,	2478,	274,	291,	40
2105,	2438,	274,	292,	40
2077,	2421,	274,	293,	40
2037,	2416,	274,	294,	40
1989,	2397,	274,	295,	40
1939,	2369,	274,	296,	40
1903,	2332,	274,	297,	40
1869,	2301,	274,	298,	40
1834,	2259,	274,	299,	40
1816,	2214,	274,	300,	40
1814,	2177,	274,	301,	40
1803,	2150,	274,	302,	40
1785,	2132,	274,	303,	40
1760,	2119,	274,	304,	40
1732,	2118,	274,	305,	40
1698,	2114,	274,	306,	40
1677,	2107,	274,	307,	40
1644,	2099,	274,	308,	40
1606,	2089,	274,	309,	40
1571,	2077,	274,	310,	40
1543,	2065,	274,	311,	40
1523,	2052,	274,	312,	40
1513,	2037,	274,	313,	40
1510,	2021,	274,	314,	40
1502,	2002,	274,	315,	40
1489,	1966,	274,	316,	40
1474,	1956,	274,	317,	40
1454,	1935,	274,	318,	40
1431,	1915,	274,	319,	40
1405,	1893,	274,	320,	40
1383,	1868,	274,	321,	40
1371,	1840,	274,	322,	40
1361,	1819,	274,	323,	40
1348,	1816,	274,	324,	40
1332,	1806,	274,	325,	40
1316,	1783,	274,	326,	40
1300,	1746,	274,	327,	40
1285,	1696,	274,	328,	40
1272,	1644,	274,	329,	40
1260,	1566,	274,	330,	40
1250,	1516,	274,	331,	40
1242,	1495,	274,	332,	40
1236,	1429,	274,	333,	40
1230,	1356,	274,	334,	40
1226,	1264,	274,	335,	40
1223,	1210,	274,	336,	40
1220,	1170,	274,	337,	40
1218,	1085,	274,	338,	40
1217,	1010,	274,	339,	40
1216,	920,	274,	340,	40
1215,	902,	274,	341,	40
1214,	855,	274,	342,	40
1214,	778,	274,	343,	40
1213,	672,	274,	344,	40
1213,	605,	274,	345,	40
1213,	581,	274,	346,	40
1213,	494,	274,	347,	40
1213,	443,	274,	348,	40
1213,	386,	274,	349,	40
1213,	311,	274,	350,	40
1213,	295,	274,	351,	40
1213,	3907,	274,	352,	40
1213,	3632,	274,	353,	40
1214,	3553,	274,	354,	40
1214,	3366,	274,	355,	40
1214,	3314,	274,	356,	40
1214,	3241,	274,	357,	40
1214,	3125,	274,	358,	40
1214,	3031,	274,	359,	40
1214,	3009,	274,	360,	40
1110,	583,	274,	1,	43
1118,	528,	274,	2,	43
1127,	485,	274,	3,	43
1137,	447,	274,	4,	43
1146,	434,	274,	5,	43
1155,	409,	274,	6,	43
1166,	378,	274,	7,	43
1178,	350,	274,	8,	43
1192,	330,	274,	9,	43
1203,	317,	274,	10,	43
1210,	309,	274,	11,	43
1212,	306,	274,	12,	43
1218,	304,	274,	13,	43
1233,	304,	274,	14,	43
1254,	305,	274,	15,	43
1281,	308,	274,	16,	43
1311,	313,	274,	17,	43
1340,	323,	274,	18,	43
1363,	337,	274,	19,	43
1377,	357,	274,	20,	43
1406,	382,	274,	21,	43
1439,	407,	274,	22,	43
1466,	428,	274,	23,	43
1485,	443,	274,	24,	43
1499,	453,	274,	25,	43
1509,	481,	274,	26,	43
1513,	507,	274,	27,	43
1518,	562,	274,	28,	43
1530,	589,	274,	29,	43
1546,	603,	274,	30,	43
1564,	616,	274,	31,	43
1584,	648,	274,	32,	43
1604,	701,	274,	33,	43
1622,	763,	274,	34,	43
1638,	805,	274,	35,	43
1652,	854,	274,	36,	43
1663,	888,	274,	37,	43
1673,	906,	274,	38,	43
1680,	912,	274,	39,	43
1686,	953,	274,	40,	43
1690,	1018,	274,	41,	43
1693,	1056,	274,	42,	43
1696,	1134,	274,	43,	43
1697,	1178,	274,	44,	43
1701,	1210,	274,	45,	43
1705,	1229,	274,	46,	43
1708,	1291,	274,	47,	43
1711,	1358,	274,	48,	43
1714,	1410,	274,	49,	43
1717,	1477,	274,	50,	43
1720,	1509,	274,	51,	43
1723,	1528,	274,	52,	43
1726,	1588,	274,	53,	43
1729,	1664,	274,	54,	43
1733,	1715,	274,	55,	43
1737,	1768,	274,	56,	43
1741,	1802,	274,	57,	43
1746,	1816,	274,	58,	43
1752,	1833,	274,	59,	43
1758,	1882,	274,	60,	43
1765,	1927,	274,	61,	43
1772,	1980,	274,	62,	43
1779,	2043,	274,	63,	43
1787,	2087,	274,	64,	43
1794,	2113,	274,	65,	43
1801,	2119,	274,	66,	43
1807,	2143,	274,	67,	43
1812,	2179,	274,	68,	43
1815,	2221,	274,	69,	43
1816,	2265,	274,	70,	43
1817,	2300,	274,	71,	43
1826,	2321,	274,	72,	43
1841,	2346,	274,	73,	43
1862,	2368,	274,	74,	43
1884,	2385,	274,	75,	43
1905,	2398,	274,	76,	43
1928,	2407,	274,	77,	43
1955,	2414,	274,	78,	43
1992,	2419,	274,	79,	43
2028,	2421,	274,	80,	43
2060,	2421,	274,	81,	43
2088,	2422,	274,	82,	43
2109,	2425,	274,	83,	43
2118,	2430,	274,	84,	43
2128,	2435,	274,	85,	43
2155,	2441,	274,	86,	43
2193,	2448,	274,	87,	43
2242,	2454,	274,	88,	43
2289,	2459,	274,	89,	43
2321,	2465,	274,	90,	43
2359,	2470,	274,	91,	43
2389,	2474,	274,	92,	43
2410,	2478,	274,	93,	43
2421,	2481,	274,	94,	43
2426,	2484,	274,	95,	43
2456,	2486,	274,	96,	43
2494,	2486,	274,	97,	43
2532,	2486,	274,	98,	43
2581,	2484,	274,	99,	43
2654,	2481,	274,	100,	43
2698,	2477,	274,	101,	43
2722,	2471,	274,	102,	43
2731,	2463,	274,	103,	43
2759,	2453,	274,	104,	43
2812,	2442,	274,	105,	43
2874,	2431,	274,	106,	43
2914,	2423,	274,	107,	43
2971,	2421,	274,	108,	43
3012,	2419,	274,	109,	43
3027,	2412,	274,	110,	43
3047,	2399,	274,	111,	43
3106,	2378,	274,	112,	43
3173,	2348,	274,	113,	43
3229,	2314,	274,	114,	43
3268,	2269,	274,	115,	43
3300,	2206,	274,	116,	43
3326,	2150,	274,	117,	43
3331,	2119,	274,	118,	43
3378,	2100,	274,	119,	43
3456,	2044,	274,	120,	43
3525,	1960,	274,	121,	43
3575,	1894,	274,	122,	43
3605,	1830,	274,	123,	43
3631,	1813,	274,	124,	43
3638,	1778,	274,	125,	43
3732,	1709,	274,	126,	43
3810,	1636,	274,	127,	43
3873,	1542,	274,	128,	43
3923,	1509,	274,	129,	43
3935,	1460,	274,	130,	43
3935,	1372,	274,	131,	43
3935,	1299,	274,	132,	43
3935,	1223,	274,	133,	43
3935,	1201,	274,	134,	43
3935,	1148,	274,	135,	43
3935,	1058,	274,	136,	43
3935,	1007,	274,	137,	43
3935,	932,	274,	138,	43
3935,	908,	274,	139,	43
3907,	892,	274,	140,	43
3823,	854,	274,	141,	43
3728,	797,	274,	142,	43
3632,	747,	274,	143,	43
3606,	678,	274,	144,	43
3549,	631,	274,	145,	43
3434,	605,	274,	146,	43
3330,	598,	274,	147,	43
3297,	580,	274,	148,	43
3221,	550,	274,	149,	43
3081,	502,	274,	150,	43
3018,	514,	274,	151,	43
2903,	478,	274,	152,	43
2761,	458,	274,	153,	43
2705,	448,	274,	154,	43
2538,	446,	274,	155,	43
2424,	445,	274,	156,	43
2371,	445,	274,	157,	43
2214,	445,	274,	158,	43
2109,	446,	274,	159,	43
1951,	447,	274,	160,	43
1820,	451,	274,	161,	43
1768,	467,	274,	162,	43
1636,	484,	274,	163,	43
1513,	512,	274,	164,	43
1420,	494,	274,	165,	43
1291,	526,	274,	166,	43
1210,	556,	274,	167,	43
1130,	575,	274,	168,	43
1016,	589,	274,	169,	43
912,	599,	274,	170,	43
891,	604,	274,	171,	43
820,	610,	274,	172,	43
728,	624,	274,	173,	43
633,	643,	274,	174,	43
601,	668,	274,	175,	43
563,	698,	274,	176,	43
509,	731,	274,	177,	43
447,	759,	274,	178,	43
425,	780,	274,	179,	43
384,	794,	274,	180,	43
344,	813,	274,	181,	43
319,	831,	274,	182,	43
307,	844,	274,	183,	43
303,	855,	274,	184,	43
302,	863,	274,	185,	43
302,	870,	274,	186,	43
303,	875,	274,	187,	43
308,	880,	274,	188,	43
318,	883,	274,	189,	43
339,	885,	274,	190,	43
369,	887,	274,	191,	43
405,	888,	274,	192,	43
433,	889,	274,	193,	43
447,	890,	274,	194,	43
488,	890,	274,	195,	43
520,	890,	274,	196,	43
577,	890,	274,	197,	43
601,	890,	274,	198,	43
616,	890,	274,	199,	43
659,	889,	274,	200,	43
733,	889,	274,	201,	43
791,	889,	274,	202,	43
850,	889,	274,	203,	43
889,	889,	274,	204,	43
907,	889,	274,	205,	43
919,	890,	274,	206,	43
976,	891,	274,	207,	43
1037,	893,	274,	208,	43
1082,	894,	274,	209,	43
1147,	896,	274,	210,	43
1184,	899,	274,	211,	43
1210,	901,	274,	212,	43
1218,	904,	274,	213,	43
1248,	906,	274,	214,	43
1291,	907,	274,	215,	43
1334,	908,	274,	216,	43
1363,	908,	274,	217,	43
1380,	912,	274,	218,	43
1413,	920,	274,	219,	43
1443,	933,	274,	220,	43
1465,	952,	274,	221,	43
1480,	977,	274,	222,	43
1491,	1003,	274,	223,	43
1499,	1027,	274,	224,	43
1504,	1045,	274,	225,	43
1507,	1058,	274,	226,	43
1510,	1097,	274,	227,	43
1511,	1134,	274,	228,	43
1512,	1156,	274,	229,	43
1512,	1180,	274,	230,	43
1513,	1203,	274,	231,	43
1513,	1210,	274,	232,	43
1513,	1221,	274,	233,	43
1513,	1250,	274,	234,	43
1512,	1294,	274,	235,	43
1512,	1341,	274,	236,	43
1512,	1372,	274,	237,	43
1511,	1418,	274,	238,	43
1511,	1469,	274,	239,	43
1510,	1500,	274,	240,	43
1509,	1513,	274,	241,	43
1509,	1537,	274,	242,	43
1508,	1592,	274,	243,	43
1508,	1660,	274,	244,	43
1508,	1705,	274,	245,	43
1508,	1758,	274,	246,	43
1508,	1796,	274,	247,	43
1508,	1815,	274,	248,	43
1508,	1828,	274,	249,	43
1508,	1881,	274,	250,	43
1508,	1935,	274,	251,	43
1508,	2010,	274,	252,	43
1508,	2077,	274,	253,	43
1508,	2115,	274,	254,	43
1508,	2134,	274,	255,	43
1508,	2192,	274,	256,	43
1508,	2270,	274,	257,	43
1508,	2323,	274,	258,	43
1508,	2375,	274,	259,	43
1508,	2408,	274,	260,	43
1508,	2421,	274,	261,	43
1507,	2433,	274,	262,	43
1507,	2474,	274,	263,	43
1506,	2513,	274,	264,	43
1505,	2556,	274,	265,	43
1504,	2619,	274,	266,	43
1503,	2670,	274,	267,	43
1501,	2701,	274,	268,	43
1499,	2719,	274,	269,	43
1497,	2724,	274,	270,	43
1494,	2731,	274,	271,	43
1490,	2742,	274,	272,	43
1486,	2754,	274,	273,	43
1481,	2767,	274,	274,	43
1475,	2779,	274,	275,	43
1468,	2790,	274,	276,	43
1460,	2798,	274,	277,	43
1451,	2804,	274,	278,	43
1440,	2807,	274,	279,	43
1429,	2808,	274,	280,	43
1417,	2806,	274,	281,	43
1403,	2803,	274,	282,	43
1391,	2798,	274,	283,	43
1381,	2793,	274,	284,	43
1374,	2787,	274,	285,	43
1370,	2781,	274,	286,	43
1364,	2776,	274,	287,	43
1357,	2771,	274,	288,	43
1350,	2766,	274,	289,	43
1341,	2763,	274,	290,	43
1333,	2761,	274,	291,	43
1324,	2760,	274,	292,	43
1316,	2760,	274,	293,	43
1308,	2761,	274,	294,	43
1301,	2765,	274,	295,	43
1294,	2771,	274,	296,	43
1289,	2780,	274,	297,	43
1284,	2794,	274,	298,	43
1280,	2813,	274,	299,	43
1277,	2838,	274,	300,	43
1276,	2867,	274,	301,	43
1276,	2893,	274,	302,	43
1276,	2915,	274,	303,	43
1278,	2953,	274,	304,	43
1280,	2991,	274,	305,	43
1284,	3017,	274,	306,	43
1288,	3027,	274,	307,	43
1293,	3041,	274,	308,	43
1298,	3085,	274,	309,	43
1304,	3144,	274,	310,	43
1309,	3199,	274,	311,	43
1315,	3242,	274,	312,	43
1322,	3271,	274,	313,	43
1327,	3297,	274,	314,	43
1333,	3320,	274,	315,	43
1338,	3329,	274,	316,	43
1343,	3331,	274,	317,	43
1347,	3352,	274,	318,	43
1351,	3382,	274,	319,	43
1354,	3410,	274,	320,	43
1357,	3429,	274,	321,	43
1359,	3437,	274,	322,	43
1360,	3433,	274,	323,	43
1361,	3416,	274,	324,	43
1361,	3387,	274,	325,	43
1360,	3351,	274,	326,	43
1359,	3330,	274,	327,	43
1356,	3325,	274,	328,	43
1353,	3293,	274,	329,	43
1348,	3251,	274,	330,	43
1341,	3174,	274,	331,	43
1332,	3064,	274,	332,	43
1321,	3022,	274,	333,	43
1309,	2938,	274,	334,	43
1294,	2827,	274,	335,	43
1279,	2729,	274,	336,	43
1263,	2673,	274,	337,	43
1249,	2519,	274,	338,	43
1236,	2423,	274,	339,	43
1226,	2380,	274,	340,	43
1217,	2253,	274,	341,	43
1212,	2119,	274,	342,	43
1210,	2029,	274,	343,	43
1209,	1881,	274,	344,	43
1204,	1812,	274,	345,	43
1196,	1730,	274,	346,	43
1185,	1596,	274,	347,	43
1175,	1510,	274,	348,	43
1165,	1417,	274,	349,	43
1156,	1303,	274,	350,	43
1149,	1210,	274,	351,	43
1142,	1155,	274,	352,	43
1134,	1048,	274,	353,	43
1125,	951,	274,	354,	43
1117,	907,	274,	355,	43
1110,	875,	274,	356,	43
1105,	801,	274,	357,	43
1102,	722,	274,	358,	43
1102,	638,	274,	359,	43
1104,	604,	274,	360,	43
