00000000 10000000 TIME: 1507678560 Tue Oct 10 23:36:00 2017
00000000 10000000 TIME: 1507678565 Tue Oct 10 23:36:05 2017
00010000 00000000 TIME: 1507678714 Tue Oct 10 23:38:34 2017
00010000 00000000 TIME: 1507678747 Tue Oct 10 23:39:07 2017
00010000 00000000 TIME: 1507678753 Tue Oct 10 23:39:13 2017
00010000 00000000 TIME: 1507678759 Tue Oct 10 23:39:19 2017
00010000 00000000 TIME: 1507678863 Tue Oct 10 23:41:03 2017
00010000 00000000 TIME: 1507678874 Tue Oct 10 23:41:14 2017
00010000 00000000 TIME: 1507678911 Tue Oct 10 23:41:51 2017
00010000 00000000 TIME: 1507678923 Tue Oct 10 23:42:03 2017
00010000 00000000 TIME: 1507678992 Tue Oct 10 23:43:12 2017
00010000 00000000 TIME: 1507679011 Tue Oct 10 23:43:31 2017
00000000 00001000 TIME: 1507680024 Wed Oct 11 00:00:24 2017
00000000 00000100 TIME: 1507680025 Wed Oct 11 00:00:25 2017
00000000 10000000 TIME: 1507680026 Wed Oct 11 00:00:26 2017
00010000 00000000 TIME: 1507680030 Wed Oct 11 00:00:30 2017
00010000 00000000 TIME: 1507680038 Wed Oct 11 00:00:38 2017
00010000 00000000 TIME: 1507680050 Wed Oct 11 00:00:50 2017
00100000 00000000 TIME: 1507680054 Wed Oct 11 00:00:54 2017
00100000 00000000 TIME: 1507680055 Wed Oct 11 00:00:55 2017
00100000 00000000 TIME: 1507680056 Wed Oct 11 00:00:56 2017
00100000 00000000 TIME: 1507680057 Wed Oct 11 00:00:57 2017
00100000 00000000 TIME: 1507680057 Wed Oct 11 00:00:57 2017
01000000 00000000 TIME: 1507680059 Wed Oct 11 00:00:59 2017
01000000 00000000 TIME: 1507680060 Wed Oct 11 00:01:00 2017
01000000 00000000 TIME: 1507680061 Wed Oct 11 00:01:01 2017
01000000 00000000 TIME: 1507680062 Wed Oct 11 00:01:02 2017
01000000 00000000 TIME: 1507680062 Wed Oct 11 00:01:02 2017
01000000 00000000 TIME: 1507680063 Wed Oct 11 00:01:03 2017
01000000 00000000 TIME: 1507680064 Wed Oct 11 00:01:04 2017
01000000 00000000 TIME: 1507680065 Wed Oct 11 00:01:05 2017
01000000 00000000 TIME: 1507680066 Wed Oct 11 00:01:06 2017
01000000 00000000 TIME: 1507680067 Wed Oct 11 00:01:07 2017
01000000 00000000 TIME: 1507680068 Wed Oct 11 00:01:08 2017
01000000 00000000 TIME: 1507680069 Wed Oct 11 00:01:09 2017
01000000 00000000 TIME: 1507680070 Wed Oct 11 00:01:10 2017
00100000 00000000 TIME: 1507680072 Wed Oct 11 00:01:12 2017
00010000 00000000 TIME: 1507680149 Wed Oct 11 00:02:29 2017
00010000 00000000 TIME: 1507680151 Wed Oct 11 00:02:31 2017
00010000 00000000 TIME: 1507680154 Wed Oct 11 00:02:34 2017
00010000 00000000 TIME: 1507680162 Wed Oct 11 00:02:42 2017
00010000 00000000 TIME: 1507680182 Wed Oct 11 00:03:02 2017
00010000 00000000 TIME: 1507680184 Wed Oct 11 00:03:04 2017
00010000 00000000 TIME: 1507680195 Wed Oct 11 00:03:15 2017
00010000 00000000 TIME: 1507680197 Wed Oct 11 00:03:17 2017
01000000 00000000 TIME: 1507680218 Wed Oct 11 00:03:38 2017
10000000 00000000 TIME: 1507680234 Wed Oct 11 00:03:54 2017
10000000 00000000 TIME: 1507680242 Wed Oct 11 00:04:02 2017
10000000 00000000 TIME: 1507680250 Wed Oct 11 00:04:10 2017
00010000 00000000 TIME: 1507680323 Wed Oct 11 00:05:23 2017
00010000 00000000 TIME: 1507680330 Wed Oct 11 00:05:30 2017
00010000 00000000 TIME: 1507680358 Wed Oct 11 00:05:58 2017
00010000 00000000 TIME: 1507680360 Wed Oct 11 00:06:00 2017
00010000 00000000 TIME: 1507680394 Wed Oct 11 00:06:34 2017
00010000 00000000 TIME: 1507680409 Wed Oct 11 00:06:49 2017
10000000 00000000 TIME: 1507680460 Wed Oct 11 00:07:40 2017
00000000 10000000 TIME: 1507680468 Wed Oct 11 00:07:48 2017
00000000 00001000 TIME: 1507680471 Wed Oct 11 00:07:51 2017
01000000 00000000 TIME: 1507680481 Wed Oct 11 00:08:01 2017
00010000 00000000 TIME: 1507681064 Wed Oct 11 00:17:44 2017
00010000 00000000 TIME: 1507681066 Wed Oct 11 00:17:46 2017
01000000 00000000 TIME: 1507681077 Wed Oct 11 00:17:57 2017
00100000 00000000 TIME: 1507681079 Wed Oct 11 00:17:59 2017
00100000 00000000 TIME: 1507681080 Wed Oct 11 00:18:00 2017
01000000 00000000 TIME: 1507681089 Wed Oct 11 00:18:09 2017
00000000 00000100 TIME: 1507681177 Wed Oct 11 00:19:37 2017
00000000 00001000 TIME: 1507681179 Wed Oct 11 00:19:39 2017
00000000 10000000 TIME: 1507681184 Wed Oct 11 00:19:44 2017
00000000 00001000 TIME: 1507681186 Wed Oct 11 00:19:46 2017
00000000 00000100 TIME: 1507681195 Wed Oct 11 00:19:55 2017
00000000 10000000 TIME: 1507681197 Wed Oct 11 00:19:57 2017
00000000 00001000 TIME: 1507681202 Wed Oct 11 00:20:02 2017
00000000 00000100 TIME: 1507681203 Wed Oct 11 00:20:03 2017
00000000 00001000 TIME: 1507681208 Wed Oct 11 00:20:08 2017
00000000 00000100 TIME: 1507681210 Wed Oct 11 00:20:10 2017
00010000 00000000 TIME: 1507681221 Wed Oct 11 00:20:21 2017
00010000 00000000 TIME: 1507681224 Wed Oct 11 00:20:24 2017
00010000 00000000 TIME: 1507681497 Wed Oct 11 00:24:57 2017
00010000 00000000 TIME: 1507681512 Wed Oct 11 00:25:12 2017
00010000 00000000 TIME: 1507681605 Wed Oct 11 00:26:45 2017
00010000 00000000 TIME: 1507681606 Wed Oct 11 00:26:46 2017
00010000 00000000 TIME: 1507681692 Wed Oct 11 00:28:12 2017
00010000 00000000 TIME: 1507681693 Wed Oct 11 00:28:13 2017
00010000 00000000 TIME: 1507681705 Wed Oct 11 00:28:25 2017
00010000 00000000 TIME: 1507681706 Wed Oct 11 00:28:26 2017
00010000 00000000 TIME: 1507681718 Wed Oct 11 00:28:38 2017
00010000 00000000 TIME: 1507681720 Wed Oct 11 00:28:40 2017
00010000 00000000 TIME: 1507681758 Wed Oct 11 00:29:18 2017
00010000 00000000 TIME: 1507681763 Wed Oct 11 00:29:23 2017
01000000 00000000 TIME: 1507681774 Wed Oct 11 00:29:34 2017
00100000 00000000 TIME: 1507681779 Wed Oct 11 00:29:39 2017
00100000 00000000 TIME: 1507681780 Wed Oct 11 00:29:40 2017
01000000 00000000 TIME: 1507681783 Wed Oct 11 00:29:43 2017
00010000 00000000 TIME: 1507682232 Wed Oct 11 00:37:12 2017
00010000 00000000 TIME: 1507682236 Wed Oct 11 00:37:16 2017
00000000 00000100 TIME: 1507682629 Wed Oct 11 00:43:49 2017
00010000 00000000 TIME: 1507682630 Wed Oct 11 00:43:50 2017
00010000 00000000 TIME: 1507734509 Wed Oct 11 15:08:29 2017
00010000 00000000 TIME: 1507734515 Wed Oct 11 15:08:35 2017
00000000 00001000 TIME: 1507734520 Wed Oct 11 15:08:40 2017
00010000 00000000 TIME: 1507734739 Wed Oct 11 15:12:19 2017
00100000 00000000 TIME: 1507734753 Wed Oct 11 15:12:33 2017
00100000 00000000 TIME: 1507734754 Wed Oct 11 15:12:34 2017
10000000 00000000 TIME: 1507734765 Wed Oct 11 15:12:45 2017
10000000 00000000 TIME: 1507734766 Wed Oct 11 15:12:46 2017
00000000 00001000 TIME: 1507734779 Wed Oct 11 15:12:59 2017
00000000 00001000 TIME: 1507734780 Wed Oct 11 15:13:00 2017
00000000 00000100 TIME: 1507734782 Wed Oct 11 15:13:02 2017
00000000 10000000 TIME: 1507734790 Wed Oct 11 15:13:10 2017
00000000 10000000 TIME: 1507734800 Wed Oct 11 15:13:20 2017
00000000 00000100 TIME: 1507734802 Wed Oct 11 15:13:22 2017
10000000 00000000 TIME: 1507734805 Wed Oct 11 15:13:25 2017
10000000 00000000 TIME: 1507734847 Wed Oct 11 15:14:07 2017
10000000 00000000 TIME: 1507734848 Wed Oct 11 15:14:08 2017
00000000 00000100 TIME: 1507734849 Wed Oct 11 15:14:09 2017
00000000 10000000 TIME: 1507734850 Wed Oct 11 15:14:10 2017
10000000 00000000 TIME: 1507734936 Wed Oct 11 15:15:36 2017
00010000 00000000 TIME: 1507735105 Wed Oct 11 15:18:25 2017
00010000 00000000 TIME: 1507735107 Wed Oct 11 15:18:27 2017
00010000 00000000 TIME: 1507735267 Wed Oct 11 15:21:07 2017
00010000 00000000 TIME: 1507735269 Wed Oct 11 15:21:09 2017
00010000 00000000 TIME: 1507735459 Wed Oct 11 15:24:19 2017
00010000 00000000 TIME: 1507735531 Wed Oct 11 15:25:31 2017
00010000 00000000 TIME: 1507735538 Wed Oct 11 15:25:38 2017
00010000 00000000 TIME: 1507735544 Wed Oct 11 15:25:44 2017
01000000 00000000 TIME: 1507735557 Wed Oct 11 15:25:57 2017
01000000 00000000 TIME: 1507735558 Wed Oct 11 15:25:58 2017
01000000 00000000 TIME: 1507735559 Wed Oct 11 15:25:59 2017
00010000 00000000 TIME: 1507735647 Wed Oct 11 15:27:27 2017
00010000 00000000 TIME: 1507735704 Wed Oct 11 15:28:24 2017
00010000 00000000 TIME: 1507735706 Wed Oct 11 15:28:26 2017
00010000 00000000 TIME: 1507735765 Wed Oct 11 15:29:25 2017
00010000 00000000 TIME: 1507735838 Wed Oct 11 15:30:38 2017
00000000 00001000 TIME: 424224099 Sun Jun 12 00:01:39 1983
00000000 01000000 TIME: 424224100 Sun Jun 12 00:01:40 1983
10000000 00000000 TIME: 424224102 Sun Jun 12 00:01:42 1983
00010000 00000000 TIME: 424224103 Sun Jun 12 00:01:43 1983
00010000 00000000 TIME: 424224105 Sun Jun 12 00:01:45 1983
00010000 00000000 TIME: 424224106 Sun Jun 12 00:01:46 1983
01000000 00000000 TIME: 424224107 Sun Jun 12 00:01:47 1983
01000000 00000000 TIME: 424224108 Sun Jun 12 00:01:48 1983
01000000 00000000 TIME: 424224109 Sun Jun 12 00:01:49 1983
01000000 00000000 TIME: 424224110 Sun Jun 12 00:01:50 1983
01000000 00000000 TIME: 424224110 Sun Jun 12 00:01:50 1983
01000000 00000000 TIME: 424224111 Sun Jun 12 00:01:51 1983
01000000 00000000 TIME: 424224111 Sun Jun 12 00:01:51 1983
01000000 00000000 TIME: 424224112 Sun Jun 12 00:01:52 1983
01000000 00000000 TIME: 424224112 Sun Jun 12 00:01:52 1983
01000000 00000000 TIME: 424224113 Sun Jun 12 00:01:53 1983
01000000 00000000 TIME: 424224114 Sun Jun 12 00:01:54 1983
01000000 00000000 TIME: 424224114 Sun Jun 12 00:01:54 1983
00100000 00000000 TIME: 424224116 Sun Jun 12 00:01:56 1983
00010000 00000000 TIME: 424224117 Sun Jun 12 00:01:57 1983
00000000 00001000 TIME: 1507740032 Wed Oct 11 16:40:32 2017
11110000 11111111 TIME: 946684819 Sat Jan  1 00:00:19 2000
11110000 11111111 TIME: 946684864 Sat Jan  1 00:01:04 2000
00000000 01000000 TIME: 946685177 Sat Jan  1 00:06:17 2000
00000000 00001000 TIME: 946685182 Sat Jan  1 00:06:22 2000
00010000 00000000 TIME: 946685183 Sat Jan  1 00:06:23 2000
00010000 00000000 TIME: 946685208 Sat Jan  1 00:06:48 2000
10000000 00000000 TIME: 946685213 Sat Jan  1 00:06:53 2000
00010000 00000000 TIME: 946685215 Sat Jan  1 00:06:55 2000
00010000 00000000 TIME: 946685220 Sat Jan  1 00:07:00 2000
00010000 00000000 TIME: 946685233 Sat Jan  1 00:07:13 2000
00010000 00000000 TIME: 946685237 Sat Jan  1 00:07:17 2000
00010000 00000000 TIME: 946685301 Sat Jan  1 00:08:21 2000
00010000 00000000 TIME: 946685305 Sat Jan  1 00:08:25 2000
00010000 00000000 TIME: 946685386 Sat Jan  1 00:09:46 2000
00000000 00000100 TIME: 946685388 Sat Jan  1 00:09:48 2000
00000000 10000000 TIME: 946685389 Sat Jan  1 00:09:49 2000
00010000 00000000 TIME: 946685461 Sat Jan  1 00:11:01 2000
00010000 00000000 TIME: 946685480 Sat Jan  1 00:11:20 2000
10000000 00000000 TIME: 946685483 Sat Jan  1 00:11:23 2000
10000000 00000000 TIME: 946685492 Sat Jan  1 00:11:32 2000
00000000 01000000 TIME: 946685524 Sat Jan  1 00:12:04 2000
00000000 01000000 TIME: 946685529 Sat Jan  1 00:12:09 2000
00000000 00100000 TIME: 946685878 Sat Jan  1 00:17:58 2000
00000000 00010000 TIME: 946685879 Sat Jan  1 00:17:59 2000
00000000 00100000 TIME: 946685882 Sat Jan  1 00:18:02 2000
00000000 00010000 TIME: 946685883 Sat Jan  1 00:18:03 2000
01000000 00000000 TIME: 946686620 Sat Jan  1 00:30:20 2000
01000000 00000000 TIME: 946686621 Sat Jan  1 00:30:21 2000
01000000 00000000 TIME: 946686622 Sat Jan  1 00:30:22 2000
01000000 00000000 TIME: 946686623 Sat Jan  1 00:30:23 2000
01000000 00000000 TIME: 946686624 Sat Jan  1 00:30:24 2000
01000000 00000000 TIME: 946686624 Sat Jan  1 00:30:24 2000
01000000 00000000 TIME: 946686625 Sat Jan  1 00:30:25 2000
01000000 00000000 TIME: 946686626 Sat Jan  1 00:30:26 2000
01000000 00000000 TIME: 946686626 Sat Jan  1 00:30:26 2000
01000000 00000000 TIME: 946686626 Sat Jan  1 00:30:26 2000
01000000 00000000 TIME: 946686627 Sat Jan  1 00:30:27 2000
01000000 00000000 TIME: 946686627 Sat Jan  1 00:30:27 2000
01000000 00000000 TIME: 946686628 Sat Jan  1 00:30:28 2000
00010000 00000000 TIME: 946686632 Sat Jan  1 00:30:32 2000
00010000 00000000 TIME: 946686642 Sat Jan  1 00:30:42 2000
00100000 00000000 TIME: 946686773 Sat Jan  1 00:32:53 2000
01000000 00000000 TIME: 946686774 Sat Jan  1 00:32:54 2000
01000000 00000000 TIME: 946686775 Sat Jan  1 00:32:55 2000
00100000 00000000 TIME: 946686777 Sat Jan  1 00:32:57 2000
10000000 00000000 TIME: 946686815 Sat Jan  1 00:33:35 2000
10000000 00000000 TIME: 946687106 Sat Jan  1 00:38:26 2000
10000000 00000000 TIME: 946687107 Sat Jan  1 00:38:27 2000
10000000 00000000 TIME: 946687172 Sat Jan  1 00:39:32 2000
10000000 00000000 TIME: 946687173 Sat Jan  1 00:39:33 2000
10000000 00000000 TIME: 946687173 Sat Jan  1 00:39:33 2000
10000000 00000000 TIME: 946687180 Sat Jan  1 00:39:40 2000
10000000 00000000 TIME: 946687180 Sat Jan  1 00:39:40 2000
10000000 00000000 TIME: 946687180 Sat Jan  1 00:39:40 2000
10000000 00000000 TIME: 946687191 Sat Jan  1 00:39:51 2000
10000000 00000000 TIME: 946687191 Sat Jan  1 00:39:51 2000
10000000 00000000 TIME: 946687192 Sat Jan  1 00:39:52 2000
00010000 00000000 TIME: 946687347 Sat Jan  1 00:42:27 2000
00010000 00000000 TIME: 946687348 Sat Jan  1 00:42:28 2000
10000000 00000000 TIME: 946687471 Sat Jan  1 00:44:31 2000
10000000 00000000 TIME: 946687503 Sat Jan  1 00:45:03 2000
10000000 00000000 TIME: 946687504 Sat Jan  1 00:45:04 2000
00010000 00000000 TIME: 946687506 Sat Jan  1 00:45:06 2000
00010000 00000000 TIME: 946689086 Sat Jan  1 01:11:26 2000
10000000 00000000 TIME: 946689119 Sat Jan  1 01:11:59 2000
00010000 00000000 TIME: 946689190 Sat Jan  1 01:13:10 2000
00000000 00001000 TIME: 1507768290 Thu Oct 12 00:31:30 2017
00000000 00000100 TIME: 1507768291 Thu Oct 12 00:31:31 2017
00000000 10000000 TIME: 1507768291 Thu Oct 12 00:31:31 2017
00000000 00001000 TIME: 1507819783 Thu Oct 12 14:49:43 2017
00000000 00000100 TIME: 1507819783 Thu Oct 12 14:49:43 2017
00000000 10000000 TIME: 1507819784 Thu Oct 12 14:49:44 2017
00010000 00000000 TIME: 1507819785 Thu Oct 12 14:49:45 2017
00010000 00000000 TIME: 1507819815 Thu Oct 12 14:50:15 2017
00010000 00000000 TIME: 1507819820 Thu Oct 12 14:50:20 2017
00010000 00000000 TIME: 1507819830 Thu Oct 12 14:50:30 2017
00010000 00000000 TIME: 1507819907 Thu Oct 12 14:51:47 2017
00010000 00000000 TIME: 1507819949 Thu Oct 12 14:52:29 2017
00010000 00000000 TIME: 1507819953 Thu Oct 12 14:52:33 2017
01000000 00000000 TIME: 1507819961 Thu Oct 12 14:52:41 2017
01000000 00000000 TIME: 1507819961 Thu Oct 12 14:52:41 2017
01000000 00000000 TIME: 1507819962 Thu Oct 12 14:52:42 2017
01000000 00000000 TIME: 1507819963 Thu Oct 12 14:52:43 2017
01000000 00000000 TIME: 1507819963 Thu Oct 12 14:52:43 2017
00100000 00000000 TIME: 1507819964 Thu Oct 12 14:52:44 2017
00100000 00000000 TIME: 1507819965 Thu Oct 12 14:52:45 2017
00100000 00000000 TIME: 1507819965 Thu Oct 12 14:52:45 2017
00100000 00000000 TIME: 1507819966 Thu Oct 12 14:52:46 2017
00100000 00000000 TIME: 1507819966 Thu Oct 12 14:52:46 2017
00100000 00000000 TIME: 1507819966 Thu Oct 12 14:52:46 2017
00100000 00000000 TIME: 1507819967 Thu Oct 12 14:52:47 2017
00100000 00000000 TIME: 1507819967 Thu Oct 12 14:52:47 2017
00100000 00000000 TIME: 1507819967 Thu Oct 12 14:52:47 2017
00100000 00000000 TIME: 1507819968 Thu Oct 12 14:52:48 2017
00100000 00000000 TIME: 1507819968 Thu Oct 12 14:52:48 2017
00100000 00000000 TIME: 1507819969 Thu Oct 12 14:52:49 2017
01000000 00000000 TIME: 1507819971 Thu Oct 12 14:52:51 2017
01000000 00000000 TIME: 1507819972 Thu Oct 12 14:52:52 2017
00100000 00000000 TIME: 1507820050 Thu Oct 12 14:54:10 2017
01000000 00000000 TIME: 1507820051 Thu Oct 12 14:54:11 2017
01000000 00000000 TIME: 1507820052 Thu Oct 12 14:54:12 2017
01000000 00000000 TIME: 1507820711 Thu Oct 12 15:05:11 2017
01000000 00000000 TIME: 1507820712 Thu Oct 12 15:05:12 2017
01000000 00000000 TIME: 1507820713 Thu Oct 12 15:05:13 2017
00100000 00000000 TIME: 1507820715 Thu Oct 12 15:05:15 2017
00000000 10000000 TIME: 1507820725 Thu Oct 12 15:05:25 2017
00000000 00001000 TIME: 1507820728 Thu Oct 12 15:05:28 2017
00000000 00000100 TIME: 1507820730 Thu Oct 12 15:05:30 2017
00010000 00000000 TIME: 1507820740 Thu Oct 12 15:05:40 2017
00000000 00001000 TIME: 1507821217 Thu Oct 12 15:13:37 2017
00000000 00000100 TIME: 1507821218 Thu Oct 12 15:13:38 2017
00000000 10000000 TIME: 1507821218 Thu Oct 12 15:13:38 2017
00010000 00000000 TIME: 1507821219 Thu Oct 12 15:13:39 2017
00010000 00000000 TIME: 1507821228 Thu Oct 12 15:13:48 2017
00000000 00001000 TIME: 1507821229 Thu Oct 12 15:13:49 2017
00000000 00000100 TIME: 1507821229 Thu Oct 12 15:13:49 2017
00000000 10000000 TIME: 1507821230 Thu Oct 12 15:13:50 2017
10000000 00000000 TIME: 1507823473 Thu Oct 12 15:51:13 2017
10000000 00000000 TIME: 1507823477 Thu Oct 12 15:51:17 2017
10000000 00000000 TIME: 1507823483 Thu Oct 12 15:51:23 2017
10000000 00000000 TIME: 1507823491 Thu Oct 12 15:51:31 2017
10000000 00000000 TIME: 1507823493 Thu Oct 12 15:51:33 2017
10000000 00000000 TIME: 1507823494 Thu Oct 12 15:51:34 2017
10000000 00000000 TIME: 1507824978 Thu Oct 12 16:16:18 2017
10000000 00000000 TIME: 1507824983 Thu Oct 12 16:16:23 2017
10000000 00000000 TIME: 1507824983 Thu Oct 12 16:16:23 2017
10000000 00000000 TIME: 1507824988 Thu Oct 12 16:16:28 2017
10000000 00000000 TIME: 1507824989 Thu Oct 12 16:16:29 2017
10000000 00000000 TIME: 1507824993 Thu Oct 12 16:16:33 2017
10000000 00000000 TIME: 1507824994 Thu Oct 12 16:16:34 2017
10000000 00000000 TIME: 1507824998 Thu Oct 12 16:16:38 2017
10000000 00000000 TIME: 1507825001 Thu Oct 12 16:16:41 2017
00000000 00100000 TIME: 1507825010 Thu Oct 12 16:16:50 2017
00000000 00010000 TIME: 1507825025 Thu Oct 12 16:17:05 2017
00000000 00010000 TIME: 1507825039 Thu Oct 12 16:17:19 2017
00000000 00100000 TIME: 1507825052 Thu Oct 12 16:17:32 2017
00000000 00100000 TIME: 1507825854 Thu Oct 12 16:30:54 2017
00000000 00010000 TIME: 1507825860 Thu Oct 12 16:31:00 2017
00000000 00010000 TIME: 1507825866 Thu Oct 12 16:31:06 2017
00000000 00100000 TIME: 1507825871 Thu Oct 12 16:31:11 2017
00000000 00010000 TIME: 1507825944 Thu Oct 12 16:32:24 2017
00000000 00001000 TIME: 1507826028 Thu Oct 12 16:33:48 2017
00000000 00010000 TIME: 1507826033 Thu Oct 12 16:33:53 2017
00000000 00100000 TIME: 1507826034 Thu Oct 12 16:33:54 2017
00000000 00010000 TIME: 1507826089 Thu Oct 12 16:34:49 2017
00000000 00100000 TIME: 1507826096 Thu Oct 12 16:34:56 2017
00000000 00010000 TIME: 1507826116 Thu Oct 12 16:35:16 2017
00000000 00100000 TIME: 1507826116 Thu Oct 12 16:35:16 2017
00000000 00010000 TIME: 1507826154 Thu Oct 12 16:35:54 2017
00000000 00100000 TIME: 1507826155 Thu Oct 12 16:35:55 2017
00000000 00010000 TIME: 1507826162 Thu Oct 12 16:36:02 2017
00000000 00100000 TIME: 1507826163 Thu Oct 12 16:36:03 2017
00000000 00100000 TIME: 1507826293 Thu Oct 12 16:38:13 2017
00000000 00010000 TIME: 1507826468 Thu Oct 12 16:41:08 2017
00000000 00010000 TIME: 1507826799 Thu Oct 12 16:46:39 2017
00000000 00100000 TIME: 1507826804 Thu Oct 12 16:46:44 2017
00000000 00010000 TIME: 1507826810 Thu Oct 12 16:46:50 2017
00000000 00100000 TIME: 1507826816 Thu Oct 12 16:46:56 2017
00000000 00001000 TIME: 1507826824 Thu Oct 12 16:47:04 2017
00000000 00100000 TIME: 1507835758 Thu Oct 12 19:15:58 2017
00000000 00100000 TIME: 1507835763 Thu Oct 12 19:16:03 2017
10000000 00000000 TIME: 1507835764 Thu Oct 12 19:16:04 2017
10000000 00000000 TIME: 1507835767 Thu Oct 12 19:16:07 2017
10000000 00000000 TIME: 1507835770 Thu Oct 12 19:16:10 2017
10000000 00000000 TIME: 1507835980 Thu Oct 12 19:19:40 2017
00000000 00100000 TIME: 1507836079 Thu Oct 12 19:21:19 2017
00000000 00010000 TIME: 1507836084 Thu Oct 12 19:21:24 2017
00000000 00100000 TIME: 1507836090 Thu Oct 12 19:21:30 2017
00000000 00010000 TIME: 1507836094 Thu Oct 12 19:21:34 2017
00000000 00100000 TIME: 1507836538 Thu Oct 12 19:28:58 2017
00000000 00100000 TIME: 1507836543 Thu Oct 12 19:29:03 2017
10000000 00000000 TIME: 1507836548 Thu Oct 12 19:29:08 2017
10000000 00000000 TIME: 1507836552 Thu Oct 12 19:29:12 2017
10000000 00000000 TIME: 1507836555 Thu Oct 12 19:29:15 2017
00000000 00100000 TIME: 1507836667 Thu Oct 12 19:31:07 2017
00000000 00100000 TIME: 1507836669 Thu Oct 12 19:31:09 2017
10000000 00000000 TIME: 1507836671 Thu Oct 12 19:31:11 2017
10000000 00000000 TIME: 1507836673 Thu Oct 12 19:31:13 2017
10000000 00000000 TIME: 1507836674 Thu Oct 12 19:31:14 2017
10000000 00000000 TIME: 1507837709 Thu Oct 12 19:48:29 2017
10000000 00000000 TIME: 1507837789 Thu Oct 12 19:49:49 2017
10000000 00000000 TIME: 1507837834 Thu Oct 12 19:50:34 2017
10000000 00000000 TIME: 1507837835 Thu Oct 12 19:50:35 2017
00000000 00100000 TIME: 1507837975 Thu Oct 12 19:52:55 2017
00000000 00010000 TIME: 1507837999 Thu Oct 12 19:53:19 2017
00000000 00010000 TIME: 1507838016 Thu Oct 12 19:53:36 2017
00000000 00100000 TIME: 1507838024 Thu Oct 12 19:53:44 2017
11110000 11111111 TIME: 1507838894 Thu Oct 12 20:08:14 2017
00000000 00001000 TIME: 1507852094 Thu Oct 12 23:48:14 2017
00000000 00001000 TIME: 1507852102 Thu Oct 12 23:48:22 2017
00000000 00010000 TIME: 1507852106 Thu Oct 12 23:48:26 2017
00000000 00100000 TIME: 1507852120 Thu Oct 12 23:48:40 2017
10000000 00000000 TIME: 1507852145 Thu Oct 12 23:49:05 2017
00000000 00001000 TIME: 1507852148 Thu Oct 12 23:49:08 2017
00000000 00001000 TIME: 1507852150 Thu Oct 12 23:49:10 2017
00000000 00001000 TIME: 1507852152 Thu Oct 12 23:49:12 2017
00000000 00001000 TIME: 1507852195 Thu Oct 12 23:49:55 2017
00000000 00000100 TIME: 1507852198 Thu Oct 12 23:49:58 2017
00000000 10000000 TIME: 1507852199 Thu Oct 12 23:49:59 2017
10000000 00000000 TIME: 1507852203 Thu Oct 12 23:50:03 2017
10000000 00000000 TIME: 1507852204 Thu Oct 12 23:50:04 2017
00000000 00001000 TIME: 1507852209 Thu Oct 12 23:50:09 2017
00000000 00000100 TIME: 1507852211 Thu Oct 12 23:50:11 2017
00000000 10000000 TIME: 1507852212 Thu Oct 12 23:50:12 2017
00000000 10000000 TIME: 1507852214 Thu Oct 12 23:50:14 2017
00000000 00000100 TIME: 1507852216 Thu Oct 12 23:50:16 2017
00000000 00001000 TIME: 1507852217 Thu Oct 12 23:50:17 2017
10000000 00000000 TIME: 1507852623 Thu Oct 12 23:57:03 2017
10000000 00000000 TIME: 1507852634 Thu Oct 12 23:57:14 2017
10000000 00000000 TIME: 1507852635 Thu Oct 12 23:57:15 2017
00000000 00100000 TIME: 1507852638 Thu Oct 12 23:57:18 2017
00000000 00100000 TIME: 1507852704 Thu Oct 12 23:58:24 2017
00000000 00100000 TIME: 1507852751 Thu Oct 12 23:59:11 2017
00000000 00100000 TIME: 1507853047 Fri Oct 13 00:04:07 2017
00010000 00000000 TIME: 1507854021 Fri Oct 13 00:20:21 2017
01000000 00000000 TIME: 1507854031 Fri Oct 13 00:20:31 2017
00100000 00000000 TIME: 1507854033 Fri Oct 13 00:20:33 2017
10000000 00000000 TIME: 1507854041 Fri Oct 13 00:20:41 2017
10000000 00000000 TIME: 1507854059 Fri Oct 13 00:20:59 2017
10000000 00000000 TIME: 1507854061 Fri Oct 13 00:21:01 2017
00000000 00100000 TIME: 1507854066 Fri Oct 13 00:21:06 2017
00000000 00010000 TIME: 1507854070 Fri Oct 13 00:21:10 2017
00000000 00010000 TIME: 1507854077 Fri Oct 13 00:21:17 2017
00000000 00100000 TIME: 1507854078 Fri Oct 13 00:21:18 2017
00010000 00000000 TIME: 1507854138 Fri Oct 13 00:22:18 2017
00010000 00000000 TIME: 1507854140 Fri Oct 13 00:22:20 2017
00010000 00000000 TIME: 1507854148 Fri Oct 13 00:22:28 2017
01000000 00000000 TIME: 1507854384 Fri Oct 13 00:26:24 2017
00100000 00000000 TIME: 1507854388 Fri Oct 13 00:26:28 2017
01000000 00000000 TIME: 1507854396 Fri Oct 13 00:26:36 2017
01000000 00000000 TIME: 1507854397 Fri Oct 13 00:26:37 2017
01000000 00000000 TIME: 1507854397 Fri Oct 13 00:26:37 2017
01000000 00000000 TIME: 1507854398 Fri Oct 13 00:26:38 2017
01000000 00000000 TIME: 1507854399 Fri Oct 13 00:26:39 2017
01000000 00000000 TIME: 1507854399 Fri Oct 13 00:26:39 2017
01000000 00000000 TIME: 1507854400 Fri Oct 13 00:26:40 2017
01000000 00000000 TIME: 1507854401 Fri Oct 13 00:26:41 2017
01000000 00000000 TIME: 1507854402 Fri Oct 13 00:26:42 2017
01000000 00000000 TIME: 1507854403 Fri Oct 13 00:26:43 2017
01000000 00000000 TIME: 1507854403 Fri Oct 13 00:26:43 2017
00010000 00000000 TIME: 1507854627 Fri Oct 13 00:30:27 2017
00010000 00000000 TIME: 1507854664 Fri Oct 13 00:31:04 2017
00010000 00000000 TIME: 1507854915 Fri Oct 13 00:35:15 2017
00010000 00000000 TIME: 1507854943 Fri Oct 13 00:35:43 2017
00010000 00000000 TIME: 1507855227 Fri Oct 13 00:40:27 2017
10000000 00000000 TIME: 1507855237 Fri Oct 13 00:40:37 2017
10000000 00000000 TIME: 1507855238 Fri Oct 13 00:40:38 2017
00000000 00100000 TIME: 1507855240 Fri Oct 13 00:40:40 2017
00000000 00010000 TIME: 1507855247 Fri Oct 13 00:40:47 2017
10000000 00000000 TIME: 1507855257 Fri Oct 13 00:40:57 2017
00000000 00010000 TIME: 1507855290 Fri Oct 13 00:41:30 2017
00000000 00100000 TIME: 1507855301 Fri Oct 13 00:41:41 2017
00010000 00000000 TIME: 1507855326 Fri Oct 13 00:42:06 2017
00000000 10000000 TIME: 1507855360 Fri Oct 13 00:42:40 2017
00000000 00001000 TIME: 1507855361 Fri Oct 13 00:42:41 2017
00000000 00000100 TIME: 1507855362 Fri Oct 13 00:42:42 2017
10000000 00000000 TIME: 1507914407 Fri Oct 13 17:06:47 2017
00000000 11011100 TIME: 1507915896 Fri Oct 13 17:31:36 2017
00000000 00001000 TIME: 1507918163 Fri Oct 13 18:09:23 2017
00000000 00000100 TIME: 1507918163 Fri Oct 13 18:09:23 2017
00000000 10000000 TIME: 1507918164 Fri Oct 13 18:09:24 2017
00010000 00000000 TIME: 1507918168 Fri Oct 13 18:09:28 2017
01000000 00000000 TIME: 1507918174 Fri Oct 13 18:09:34 2017
01000000 00000000 TIME: 1507918174 Fri Oct 13 18:09:34 2017
01000000 00000000 TIME: 1507918175 Fri Oct 13 18:09:35 2017
01000000 00000000 TIME: 1507918175 Fri Oct 13 18:09:35 2017
01000000 00000000 TIME: 1507918176 Fri Oct 13 18:09:36 2017
01000000 00000000 TIME: 1507918176 Fri Oct 13 18:09:36 2017
01000000 00000000 TIME: 1507918177 Fri Oct 13 18:09:37 2017
00100000 00000000 TIME: 1507918180 Fri Oct 13 18:09:40 2017
00100000 00000000 TIME: 1507918181 Fri Oct 13 18:09:41 2017
01000000 00000000 TIME: 1507918183 Fri Oct 13 18:09:43 2017
01000000 00000000 TIME: 1507918183 Fri Oct 13 18:09:43 2017
01000000 00000000 TIME: 1507918184 Fri Oct 13 18:09:44 2017
00000000 00001000 TIME: 1507918196 Fri Oct 13 18:09:56 2017
00000000 00000100 TIME: 1507918196 Fri Oct 13 18:09:56 2017
00000000 10000000 TIME: 1507918197 Fri Oct 13 18:09:57 2017
00010000 00000000 TIME: 1507918198 Fri Oct 13 18:09:58 2017
00100000 00000000 TIME: 1507918203 Fri Oct 13 18:10:03 2017
00100000 00000000 TIME: 1507918204 Fri Oct 13 18:10:04 2017
00100000 00000000 TIME: 1507918207 Fri Oct 13 18:10:07 2017
00110000 00000000 TIME: 1507918236 Fri Oct 13 18:10:36 2017
00010000 00000000 TIME: 1507918245 Fri Oct 13 18:10:45 2017
00010000 00000000 TIME: 1507918260 Fri Oct 13 18:11:00 2017
00100000 00000000 TIME: 1507918274 Fri Oct 13 18:11:14 2017
00100000 00000000 TIME: 1507918282 Fri Oct 13 18:11:22 2017
00100000 00000000 TIME: 1507918284 Fri Oct 13 18:11:24 2017
00100000 00000000 TIME: 1507918285 Fri Oct 13 18:11:25 2017
00100000 00000000 TIME: 1507918286 Fri Oct 13 18:11:26 2017
00000000 00001000 TIME: 1507918326 Fri Oct 13 18:12:06 2017
00000000 00000100 TIME: 1507918327 Fri Oct 13 18:12:07 2017
00000000 10000000 TIME: 1507918328 Fri Oct 13 18:12:08 2017
00010000 00000000 TIME: 1507918331 Fri Oct 13 18:12:11 2017
00100000 00000000 TIME: 1507918334 Fri Oct 13 18:12:14 2017
00100000 00000000 TIME: 1507918335 Fri Oct 13 18:12:15 2017
01000000 00000000 TIME: 1507918336 Fri Oct 13 18:12:16 2017
01000000 00000000 TIME: 1507918337 Fri Oct 13 18:12:17 2017
01000000 00000000 TIME: 1507918338 Fri Oct 13 18:12:18 2017
01000000 00000000 TIME: 1507918339 Fri Oct 13 18:12:19 2017
01000000 00000000 TIME: 1507918340 Fri Oct 13 18:12:20 2017
01000000 00000000 TIME: 1507918341 Fri Oct 13 18:12:21 2017
01000000 00000000 TIME: 1507918342 Fri Oct 13 18:12:22 2017
01000000 00000000 TIME: 1507918343 Fri Oct 13 18:12:23 2017
01000000 00000000 TIME: 1507918344 Fri Oct 13 18:12:24 2017
01000000 00000000 TIME: 1507918345 Fri Oct 13 18:12:25 2017
01000000 00000000 TIME: 1507918345 Fri Oct 13 18:12:25 2017
00100000 00000000 TIME: 1507918347 Fri Oct 13 18:12:27 2017
10000000 00000000 TIME: 1507918356 Fri Oct 13 18:12:36 2017
10000000 00000000 TIME: 1507918359 Fri Oct 13 18:12:39 2017
10000000 00000000 TIME: 1507918376 Fri Oct 13 18:12:56 2017
00010000 00000000 TIME: 1507918580 Fri Oct 13 18:16:20 2017
00010000 00000000 TIME: 1507920106 Fri Oct 13 18:41:46 2017
00010000 00000000 TIME: 1507920115 Fri Oct 13 18:41:55 2017
00010000 00000000 TIME: 1507920166 Fri Oct 13 18:42:46 2017
00010000 00000000 TIME: 1507920172 Fri Oct 13 18:42:52 2017
00000000 00100000 TIME: 1507924548 Fri Oct 13 19:55:48 2017
10000000 00000000 TIME: 1507924590 Fri Oct 13 19:56:30 2017
10000000 00000000 TIME: 1507924591 Fri Oct 13 19:56:31 2017
00000000 01000000 TIME: 1507924604 Fri Oct 13 19:56:44 2017
11110000 10011000 TIME: 1507924785 Fri Oct 13 19:59:45 2017
00000000 10000000 TIME: 1507926609 Fri Oct 13 20:30:09 2017
00000000 10000000 TIME: 1507926629 Fri Oct 13 20:30:29 2017
00000000 00100000 TIME: 1507931430 Fri Oct 13 21:50:30 2017
00000000 00100000 TIME: 1507931455 Fri Oct 13 21:50:55 2017
00000000 00001000 TIME: 1508177174 Mon Oct 16 18:06:14 2017
00000000 00001000 TIME: 1508177189 Mon Oct 16 18:06:29 2017
11110000 11111111 TIME: 1508254324 Tue Oct 17 15:32:04 2017
11110000 11111111 TIME: 1508278384 Tue Oct 17 22:13:04 2017
10000000 00000000 TIME: 1508278824 Tue Oct 17 22:20:24 2017
10000000 00000000 TIME: 1508278836 Tue Oct 17 22:20:36 2017
10000000 00000000 TIME: 1508278849 Tue Oct 17 22:20:49 2017
00000000 00001000 TIME: 1508281029 Tue Oct 17 22:57:09 2017
00000000 10000000 TIME: 1508281030 Tue Oct 17 22:57:10 2017
00000000 00000100 TIME: 1508281040 Tue Oct 17 22:57:20 2017
00100000 00000000 TIME: 1508281225 Tue Oct 17 23:00:25 2017
00010000 00000000 TIME: 1508281352 Tue Oct 17 23:02:32 2017
00000000 10000000 TIME: 1508281382 Tue Oct 17 23:03:02 2017
00000000 00000100 TIME: 1508281384 Tue Oct 17 23:03:04 2017
00000000 00001000 TIME: 1508281384 Tue Oct 17 23:03:04 2017
00000000 00001000 TIME: 1508281413 Tue Oct 17 23:03:33 2017
00000000 00001000 TIME: 1508281415 Tue Oct 17 23:03:35 2017
00010000 00000000 TIME: 1508281425 Tue Oct 17 23:03:45 2017
00000000 00001000 TIME: 1508342293 Wed Oct 18 15:58:13 2017
00000000 00000100 TIME: 1508342293 Wed Oct 18 15:58:13 2017
00000000 10000100 TIME: 1508342294 Wed Oct 18 15:58:14 2017
00000000 10000000 TIME: 1508342431 Wed Oct 18 16:00:31 2017
01000000 00000000 TIME: 1508342613 Wed Oct 18 16:03:33 2017
01000000 00000000 TIME: 1508342613 Wed Oct 18 16:03:33 2017
01000000 00000000 TIME: 1508342614 Wed Oct 18 16:03:34 2017
01000000 00000000 TIME: 1508342615 Wed Oct 18 16:03:35 2017
01000000 00000000 TIME: 1508342616 Wed Oct 18 16:03:36 2017
01000000 00000000 TIME: 1508342616 Wed Oct 18 16:03:36 2017
01000000 00000000 TIME: 1508342617 Wed Oct 18 16:03:37 2017
01000000 00000000 TIME: 1508342618 Wed Oct 18 16:03:38 2017
01000000 00000000 TIME: 1508342619 Wed Oct 18 16:03:39 2017
00100000 00000000 TIME: 1508342622 Wed Oct 18 16:03:42 2017
00000000 00001000 TIME: 1508346163 Wed Oct 18 17:02:43 2017
00000000 00000100 TIME: 1508346163 Wed Oct 18 17:02:43 2017
00000000 10000000 TIME: 1508346164 Wed Oct 18 17:02:44 2017
00000000 00001000 TIME: 1508346581 Wed Oct 18 17:09:41 2017
00000000 00000100 TIME: 1508346581 Wed Oct 18 17:09:41 2017
00000000 10000000 TIME: 1508346582 Wed Oct 18 17:09:42 2017
00000000 00001000 TIME: 1508346629 Wed Oct 18 17:10:29 2017
00000000 00000100 TIME: 1508346630 Wed Oct 18 17:10:30 2017
00000000 10000000 TIME: 1508346630 Wed Oct 18 17:10:30 2017
00000000 00001000 TIME: 1508348581 Wed Oct 18 17:43:01 2017
00000000 00000100 TIME: 1508348581 Wed Oct 18 17:43:01 2017
00000000 10000000 TIME: 1508348582 Wed Oct 18 17:43:02 2017
00000000 00001000 TIME: 1508357065 Wed Oct 18 20:04:25 2017
00000000 00000100 TIME: 1508357065 Wed Oct 18 20:04:25 2017
00000000 10000000 TIME: 1508357066 Wed Oct 18 20:04:26 2017
00000000 10000000 TIME: 1508357178 Wed Oct 18 20:06:18 2017
00000000 00001000 TIME: 1508357179 Wed Oct 18 20:06:19 2017
00000000 00000100 TIME: 1508357179 Wed Oct 18 20:06:19 2017
00000000 00000100 TIME: 1508359988 Wed Oct 18 20:53:08 2017
00000000 00000100 TIME: 1508359991 Wed Oct 18 20:53:11 2017
00000000 00000100 TIME: 1508359997 Wed Oct 18 20:53:17 2017
00000000 00000100 TIME: 1508360005 Wed Oct 18 20:53:25 2017
11110000 11111111 TIME: 1508361820 Wed Oct 18 21:23:40 2017
01000000 00000000 TIME: 1508372753 Thu Oct 19 00:25:53 2017
00100000 00000000 TIME: 1508372754 Thu Oct 19 00:25:54 2017
01000000 00000000 TIME: 1508372761 Thu Oct 19 00:26:01 2017
00100000 00000000 TIME: 1508372767 Thu Oct 19 00:26:07 2017
00000000 01000000 TIME: 1508424990 Thu Oct 19 14:56:30 2017
00000000 00100000 TIME: 1508424990 Thu Oct 19 14:56:30 2017
10000000 00100000 TIME: 1508425111 Thu Oct 19 14:58:31 2017
00000000 00001000 TIME: 1508432257 Thu Oct 19 16:57:37 2017
00000000 00000100 TIME: 1508432257 Thu Oct 19 16:57:37 2017
00000000 10000000 TIME: 1508432258 Thu Oct 19 16:57:38 2017
01000000 00000000 TIME: 1508432913 Thu Oct 19 17:08:33 2017
01000000 00000000 TIME: 1508432914 Thu Oct 19 17:08:34 2017
01000000 00000000 TIME: 1508432915 Thu Oct 19 17:08:35 2017
01000000 00000000 TIME: 1508432916 Thu Oct 19 17:08:36 2017
01000000 00000000 TIME: 1508432917 Thu Oct 19 17:08:37 2017
00000000 00001000 TIME: 1508436387 Thu Oct 19 18:06:27 2017
00000000 00000100 TIME: 1508436388 Thu Oct 19 18:06:28 2017
00000000 10000000 TIME: 1508436388 Thu Oct 19 18:06:28 2017
00000000 00001000 TIME: 1508438715 Thu Oct 19 18:45:15 2017
00000000 00000100 TIME: 1508438715 Thu Oct 19 18:45:15 2017
00000000 10000000 TIME: 1508438716 Thu Oct 19 18:45:16 2017
00000000 00001000 TIME: 946685031 Sat Jan  1 00:03:51 2000
00000000 00001000 TIME: 946685056 Sat Jan  1 00:04:16 2000
00000000 00001000 TIME: 1508439782 Thu Oct 19 19:03:02 2017
00000000 00100000 TIME: 1508439797 Thu Oct 19 19:03:17 2017
01000000 00000000 TIME: 1508439805 Thu Oct 19 19:03:25 2017
01000000 00000000 TIME: 1508439805 Thu Oct 19 19:03:25 2017
01000000 00000000 TIME: 1508439806 Thu Oct 19 19:03:26 2017
01000000 00000000 TIME: 1508439807 Thu Oct 19 19:03:27 2017
01000000 00000000 TIME: 1508439807 Thu Oct 19 19:03:27 2017
00000000 00001000 TIME: 1508439836 Thu Oct 19 19:03:56 2017
00000000 10000000 TIME: 1508439836 Thu Oct 19 19:03:56 2017
00000000 00001100 TIME: 1508439838 Thu Oct 19 19:03:58 2017
00000000 00001100 TIME: 1508439853 Thu Oct 19 19:04:13 2017
00000000 00001000 TIME: 1508439870 Thu Oct 19 19:04:30 2017
00000000 00000100 TIME: 1508439879 Thu Oct 19 19:04:39 2017
00000000 00001000 TIME: 1508439910 Thu Oct 19 19:05:10 2017
00000000 00000100 TIME: 1508439911 Thu Oct 19 19:05:11 2017
00000000 10000000 TIME: 1508439913 Thu Oct 19 19:05:13 2017
00000000 01000000 TIME: 1508439914 Thu Oct 19 19:05:14 2017
00000000 00001000 TIME: 1508454052 Thu Oct 19 23:00:52 2017
00000000 00000100 TIME: 1508454052 Thu Oct 19 23:00:52 2017
00000000 10000100 TIME: 1508454053 Thu Oct 19 23:00:53 2017
00000000 10000000 TIME: 1508454486 Thu Oct 19 23:08:06 2017
00000000 00001000 TIME: 1508457417 Thu Oct 19 23:56:57 2017
00000000 00000100 TIME: 1508457418 Thu Oct 19 23:56:58 2017
00000000 10000000 TIME: 1508457419 Thu Oct 19 23:56:59 2017
00000000 00001000 TIME: 1508457706 Fri Oct 20 00:01:46 2017
00000000 10000100 TIME: 1508457710 Fri Oct 20 00:01:50 2017
00000000 10000000 TIME: 1508457718 Fri Oct 20 00:01:58 2017
00000000 00000100 TIME: 1508457720 Fri Oct 20 00:02:00 2017
01000000 00000000 TIME: 1508459188 Fri Oct 20 00:26:28 2017
01000000 00000000 TIME: 1508459189 Fri Oct 20 00:26:29 2017
01000000 00000000 TIME: 1508459190 Fri Oct 20 00:26:30 2017
00100000 00000000 TIME: 1508459191 Fri Oct 20 00:26:31 2017
00100000 00000000 TIME: 1508459191 Fri Oct 20 00:26:31 2017
00100000 00000000 TIME: 1508459193 Fri Oct 20 00:26:33 2017
00100000 00000000 TIME: 1508459193 Fri Oct 20 00:26:33 2017
00100000 00000000 TIME: 1508459194 Fri Oct 20 00:26:34 2017
00100000 00000000 TIME: 1508459194 Fri Oct 20 00:26:34 2017
00100000 00000000 TIME: 1508459218 Fri Oct 20 00:26:58 2017
00100000 00000000 TIME: 1508459219 Fri Oct 20 00:26:59 2017
00100000 00000000 TIME: 1508459221 Fri Oct 20 00:27:01 2017
01000000 00000000 TIME: 1508459224 Fri Oct 20 00:27:04 2017
01000000 00000000 TIME: 1508459225 Fri Oct 20 00:27:05 2017
01000000 00000000 TIME: 1508459226 Fri Oct 20 00:27:06 2017
01000000 00000000 TIME: 1508459227 Fri Oct 20 00:27:07 2017
01000000 00000000 TIME: 1508459229 Fri Oct 20 00:27:09 2017
01000000 00000000 TIME: 1508459230 Fri Oct 20 00:27:10 2017
10000000 00000000 TIME: 1508459312 Fri Oct 20 00:28:32 2017
10000000 00000000 TIME: 1508459337 Fri Oct 20 00:28:57 2017
10000000 00000000 TIME: 1508459341 Fri Oct 20 00:29:01 2017
00000000 10000000 TIME: 1508459372 Fri Oct 20 00:29:32 2017
00000000 00001000 TIME: 1508459379 Fri Oct 20 00:29:39 2017
00000000 00001000 TIME: 1508459388 Fri Oct 20 00:29:48 2017
00000000 10000000 TIME: 1508459393 Fri Oct 20 00:29:53 2017
00000000 01000000 TIME: 1508459395 Fri Oct 20 00:29:55 2017
00000000 01000000 TIME: 1508459398 Fri Oct 20 00:29:58 2017
00000000 01000000 TIME: 1508459402 Fri Oct 20 00:30:02 2017
00000000 01000000 TIME: 1508459410 Fri Oct 20 00:30:10 2017
00000000 00001000 TIME: 1508460268 Fri Oct 20 00:44:28 2017
00000000 00000100 TIME: 1508460270 Fri Oct 20 00:44:30 2017
00000000 10000000 TIME: 1508460271 Fri Oct 20 00:44:31 2017
10000000 11111111 TIME: 1508516707 Fri Oct 20 16:25:07 2017
00000000 01000000 TIME: 1508518838 Fri Oct 20 17:00:38 2017
00000000 00100000 TIME: 1508518839 Fri Oct 20 17:00:39 2017
00000000 00001000 TIME: 1508518865 Fri Oct 20 17:01:05 2017
00000000 00000100 TIME: 1508518865 Fri Oct 20 17:01:05 2017
00000000 10000000 TIME: 1508518866 Fri Oct 20 17:01:06 2017
00000000 00010000 TIME: 1508519855 Fri Oct 20 17:17:35 2017
00000000 00010000 TIME: 1508519865 Fri Oct 20 17:17:45 2017
00000000 00100000 TIME: 1508519869 Fri Oct 20 17:17:49 2017
00000000 00100000 TIME: 1508519888 Fri Oct 20 17:18:08 2017
00000000 00010000 TIME: 1508519960 Fri Oct 20 17:19:20 2017
00000000 00010000 TIME: 1508520214 Fri Oct 20 17:23:34 2017
00000000 00010000 TIME: 1508520216 Fri Oct 20 17:23:36 2017
01000000 00000000 TIME: 1508520226 Fri Oct 20 17:23:46 2017
01000000 00000000 TIME: 1508520227 Fri Oct 20 17:23:47 2017
01000000 00000000 TIME: 1508520229 Fri Oct 20 17:23:49 2017
01000000 00000000 TIME: 1508520231 Fri Oct 20 17:23:51 2017
01000000 00000000 TIME: 1508520232 Fri Oct 20 17:23:52 2017
01000000 00000000 TIME: 1508520234 Fri Oct 20 17:23:54 2017
01000000 00000000 TIME: 1508520236 Fri Oct 20 17:23:56 2017
00000000 00010000 TIME: 1508520579 Fri Oct 20 17:29:39 2017
00000000 00010000 TIME: 1508520587 Fri Oct 20 17:29:47 2017
00000000 00010000 TIME: 1508520591 Fri Oct 20 17:29:51 2017
11110000 11111001 TIME: 1508520636 Fri Oct 20 17:30:36 2017
00000000 00010000 TIME: 1508521310 Fri Oct 20 17:41:50 2017
00000000 00010000 TIME: 1508521320 Fri Oct 20 17:42:00 2017
10000000 00000000 TIME: 1508523164 Fri Oct 20 18:12:44 2017
01000000 00000000 TIME: 1508523734 Fri Oct 20 18:22:14 2017
01000000 00000000 TIME: 1508523736 Fri Oct 20 18:22:16 2017
01000000 00000000 TIME: 1508523739 Fri Oct 20 18:22:19 2017
01000000 00000000 TIME: 1508523741 Fri Oct 20 18:22:21 2017
10000000 00000000 TIME: 1508523758 Fri Oct 20 18:22:38 2017
10000000 00000000 TIME: 1508523759 Fri Oct 20 18:22:39 2017
00000000 00000100 TIME: 1521736101 Thu Mar 22 16:28:21 2018
11100000 11111111 TIME: 1521736102 Thu Mar 22 16:28:22 2018
00000000 10000000 TIME: 1521736277 Thu Mar 22 16:31:17 2018
00000000 00000001 TIME: 1521736279 Thu Mar 22 16:31:19 2018
11111111 11111111 TIME: 1521736279 Thu Mar 22 16:31:19 2018
11111111 11111111 TIME: 1521736284 Thu Mar 22 16:31:24 2018
11111111 11111111 TIME: 1521736284 Thu Mar 22 16:31:24 2018
11111111 11111111 TIME: 1521736919 Thu Mar 22 16:41:59 2018
11111111 11111111 TIME: 1521736919 Thu Mar 22 16:41:59 2018
11111111 11111111 TIME: 1521737064 Thu Mar 22 16:44:24 2018
11111111 11111111 TIME: 1521737064 Thu Mar 22 16:44:24 2018
11111111 11111111 TIME: 1521737134 Thu Mar 22 16:45:34 2018
11111111 11111111 TIME: 1521737135 Thu Mar 22 16:45:35 2018
11111111 11111111 TIME: 1521737259 Thu Mar 22 16:47:39 2018
11111111 11111111 TIME: 1521737260 Thu Mar 22 16:47:40 2018
11111111 11111111 TIME: 1521737290 Thu Mar 22 16:48:10 2018
11111111 11111111 TIME: 1521737290 Thu Mar 22 16:48:10 2018
11111111 11111111 TIME: 1521737458 Thu Mar 22 16:50:58 2018
11111111 11111111 TIME: 1521737459 Thu Mar 22 16:50:59 2018
11111111 11111111 TIME: 1521737467 Thu Mar 22 16:51:07 2018
11111111 11111111 TIME: 1521737467 Thu Mar 22 16:51:07 2018
11111111 11111111 TIME: 1521737473 Thu Mar 22 16:51:13 2018
11111111 11111111 TIME: 1521737473 Thu Mar 22 16:51:13 2018
11111111 11111111 TIME: 1521737499 Thu Mar 22 16:51:39 2018
11111111 11111111 TIME: 1521737499 Thu Mar 22 16:51:39 2018
11111111 11111111 TIME: 1521737519 Thu Mar 22 16:51:59 2018
11111111 11111111 TIME: 1521737519 Thu Mar 22 16:51:59 2018
11111111 11111111 TIME: 1521738311 Thu Mar 22 17:05:11 2018
11111111 11111111 TIME: 1521738311 Thu Mar 22 17:05:11 2018
11111111 11111111 TIME: 1521738321 Thu Mar 22 17:05:21 2018
11111111 11111111 TIME: 1521738322 Thu Mar 22 17:05:22 2018
11111111 11111111 TIME: 1521738334 Thu Mar 22 17:05:34 2018
11111111 11111111 TIME: 1521738334 Thu Mar 22 17:05:34 2018
11111111 11111111 TIME: 1521738386 Thu Mar 22 17:06:26 2018
11111111 11111111 TIME: 1521738386 Thu Mar 22 17:06:26 2018
11111111 11111111 TIME: 1521738559 Thu Mar 22 17:09:19 2018
11111111 11111111 TIME: 1521738560 Thu Mar 22 17:09:20 2018
11111111 11111111 TIME: 1521738579 Thu Mar 22 17:09:39 2018
11111111 11111111 TIME: 1521738579 Thu Mar 22 17:09:39 2018
11111111 11111111 TIME: 1521738678 Thu Mar 22 17:11:18 2018
11111111 11111111 TIME: 1521738678 Thu Mar 22 17:11:18 2018
11111111 11111111 TIME: 1521738690 Thu Mar 22 17:11:30 2018
11111111 11111111 TIME: 1521738690 Thu Mar 22 17:11:30 2018
11111111 11111111 TIME: 1521738794 Thu Mar 22 17:13:14 2018
11111111 11111111 TIME: 1521738794 Thu Mar 22 17:13:14 2018
11111111 11111111 TIME: 1521741789 Thu Mar 22 18:03:09 2018
11111111 11111111 TIME: 1521741789 Thu Mar 22 18:03:09 2018
11111111 11111111 TIME: 1521741797 Thu Mar 22 18:03:17 2018
11111111 11111111 TIME: 1521741797 Thu Mar 22 18:03:17 2018
11111111 11111111 TIME: 1521741869 Thu Mar 22 18:04:29 2018
11111111 11111111 TIME: 1521741869 Thu Mar 22 18:04:29 2018
11111111 11111111 TIME: 1521741918 Thu Mar 22 18:05:18 2018
11111111 11111111 TIME: 1521741919 Thu Mar 22 18:05:19 2018
11111111 11111111 TIME: 1521741929 Thu Mar 22 18:05:29 2018
11111111 11111111 TIME: 1521741930 Thu Mar 22 18:05:30 2018
11111111 11111111 TIME: 1521742029 Thu Mar 22 18:07:09 2018
11111111 11111111 TIME: 1521742029 Thu Mar 22 18:07:09 2018
11111111 11111111 TIME: 1521742051 Thu Mar 22 18:07:31 2018
11111111 11111111 TIME: 1521742051 Thu Mar 22 18:07:31 2018
11111111 11111111 TIME: 1521742058 Thu Mar 22 18:07:38 2018
11111111 11111111 TIME: 1521742058 Thu Mar 22 18:07:38 2018
11111111 11111111 TIME: 1521742064 Thu Mar 22 18:07:44 2018
11111111 11111111 TIME: 1521742065 Thu Mar 22 18:07:45 2018
11111111 11111111 TIME: 1521742113 Thu Mar 22 18:08:33 2018
11111111 11111111 TIME: 1521742113 Thu Mar 22 18:08:33 2018
11111111 11111111 TIME: 1521742116 Thu Mar 22 18:08:36 2018
11111111 11111111 TIME: 1521742116 Thu Mar 22 18:08:36 2018
11111111 11111111 TIME: 1521742118 Thu Mar 22 18:08:38 2018
11111111 11111111 TIME: 1521742118 Thu Mar 22 18:08:38 2018
11111111 11111111 TIME: 1521742121 Thu Mar 22 18:08:41 2018
11111111 11111111 TIME: 1521742121 Thu Mar 22 18:08:41 2018
11111111 11111111 TIME: 1521742129 Thu Mar 22 18:08:49 2018
11111111 11111111 TIME: 1521742135 Thu Mar 22 18:08:55 2018
11111111 11111111 TIME: 1521742135 Thu Mar 22 18:08:55 2018
11111111 11111111 TIME: 1521742140 Thu Mar 22 18:09:00 2018
11111111 11111111 TIME: 1521742168 Thu Mar 22 18:09:28 2018
11111111 11111111 TIME: 1521742168 Thu Mar 22 18:09:28 2018
11111111 11111111 TIME: 1521742170 Thu Mar 22 18:09:30 2018
11111111 11111111 TIME: 1521742170 Thu Mar 22 18:09:30 2018
11111111 11111111 TIME: 1521742174 Thu Mar 22 18:09:34 2018
11111111 11111111 TIME: 1521742174 Thu Mar 22 18:09:34 2018
11111111 11111111 TIME: 1521742181 Thu Mar 22 18:09:41 2018
00000000 00001000 TIME: 1521742323 Thu Mar 22 18:12:03 2018
00000000 00001000 TIME: 1521742328 Thu Mar 22 18:12:08 2018
00000000 00000100 TIME: 1521742333 Thu Mar 22 18:12:13 2018
00000000 00000100 TIME: 1521742337 Thu Mar 22 18:12:17 2018
00000000 00010000 TIME: 1521742340 Thu Mar 22 18:12:20 2018
00000000 00010000 TIME: 1521742350 Thu Mar 22 18:12:30 2018
00000000 00100000 TIME: 1521742356 Thu Mar 22 18:12:36 2018
00000000 00100000 TIME: 1521742363 Thu Mar 22 18:12:43 2018
00000000 01000000 TIME: 1521742369 Thu Mar 22 18:12:49 2018
00000000 01000000 TIME: 1521742378 Thu Mar 22 18:12:58 2018
00000000 10000000 TIME: 1521742382 Thu Mar 22 18:13:02 2018
00000000 10000000 TIME: 1521742389 Thu Mar 22 18:13:09 2018
01000000 00000000 TIME: 1521742393 Thu Mar 22 18:13:13 2018
01000000 00000000 TIME: 1521742400 Thu Mar 22 18:13:20 2018
00100000 00000000 TIME: 1521742408 Thu Mar 22 18:13:28 2018
00100000 00000000 TIME: 1521742413 Thu Mar 22 18:13:33 2018
10000000 00000000 TIME: 1521742425 Thu Mar 22 18:13:45 2018
10000000 00000000 TIME: 1521742435 Thu Mar 22 18:13:55 2018
10000000 00000000 TIME: 1521742475 Thu Mar 22 18:14:35 2018
10000000 00000000 TIME: 1521742486 Thu Mar 22 18:14:46 2018
10000000 00000000 TIME: 1521742494 Thu Mar 22 18:14:54 2018
10000000 00000000 TIME: 1521742501 Thu Mar 22 18:15:01 2018
00000000 00001000 TIME: 1521742522 Thu Mar 22 18:15:22 2018
00000000 00001000 TIME: 1521742524 Thu Mar 22 18:15:24 2018
11110000 11111111 TIME: 1521742620 Thu Mar 22 18:17:00 2018
11110000 11111111 TIME: 1521742646 Thu Mar 22 18:17:26 2018
11110000 11111111 TIME: 1521742658 Thu Mar 22 18:17:38 2018
00000000 00001000 TIME: 1521742666 Thu Mar 22 18:17:46 2018
00000000 00001000 TIME: 1521742668 Thu Mar 22 18:17:48 2018
00000000 00001000 TIME: 1521742671 Thu Mar 22 18:17:51 2018
00000000 00001000 TIME: 1521742673 Thu Mar 22 18:17:53 2018
11110000 11111111 TIME: 1521742700 Thu Mar 22 18:18:20 2018
11110000 11111111 TIME: 1521742713 Thu Mar 22 18:18:33 2018
00000000 00001000 TIME: 1521742719 Thu Mar 22 18:18:39 2018
00000000 00001000 TIME: 1521742723 Thu Mar 22 18:18:43 2018
00000000 00001000 TIME: 1521742781 Thu Mar 22 18:19:41 2018
00000000 00001000 TIME: 1521742788 Thu Mar 22 18:19:48 2018
00000000 01000000 TIME: 1521742793 Thu Mar 22 18:19:53 2018
00000000 01000000 TIME: 1521742795 Thu Mar 22 18:19:55 2018
01000000 00000000 TIME: 1521742797 Thu Mar 22 18:19:57 2018
01000000 00000000 TIME: 1521742798 Thu Mar 22 18:19:58 2018
00100000 00000000 TIME: 1521742799 Thu Mar 22 18:19:59 2018
00100000 00000000 TIME: 1521742800 Thu Mar 22 18:20:00 2018
10000000 00000000 TIME: 1521742803 Thu Mar 22 18:20:03 2018
10000000 00000000 TIME: 1521742804 Thu Mar 22 18:20:04 2018
10000000 00000000 TIME: 1521742807 Thu Mar 22 18:20:07 2018
00000000 00001000 TIME: 1521743082 Thu Mar 22 18:24:42 2018
00000000 00001000 TIME: 1521743084 Thu Mar 22 18:24:44 2018
00000000 00001000 TIME: 1521749504 Thu Mar 22 20:11:44 2018
00000000 00001000 TIME: 1521749519 Thu Mar 22 20:11:59 2018
11110000 11111111 TIME: 1521760529 Thu Mar 22 23:15:29 2018
00000000 00001000 TIME: 1521760537 Thu Mar 22 23:15:37 2018
00000000 00001000 TIME: 1521760539 Thu Mar 22 23:15:39 2018
11111111 11111111 TIME: 1521761639 Thu Mar 22 23:33:59 2018
11110000 11111111 TIME: 946684944 Sat Jan  1 00:02:24 2000
00000000 00001000 TIME: 1521762693 Thu Mar 22 23:51:33 2018
11110000 11111111 TIME: 1521762789 Thu Mar 22 23:53:09 2018
00000000 00001000 TIME: 1521762824 Thu Mar 22 23:53:44 2018
00000000 00001000 TIME: 1521762826 Thu Mar 22 23:53:46 2018
00000000 00001000 TIME: 1521762832 Thu Mar 22 23:53:52 2018
00000000 00001000 TIME: 1521763126 Thu Mar 22 23:58:46 2018
00000000 01000000 TIME: 1521763299 Fri Mar 23 00:01:39 2018
00000000 01000000 TIME: 1521763353 Fri Mar 23 00:02:33 2018
00000000 01000000 TIME: 1521763360 Fri Mar 23 00:02:40 2018
00000000 01000000 TIME: 1521763368 Fri Mar 23 00:02:48 2018
00000000 01000000 TIME: 1521763371 Fri Mar 23 00:02:51 2018
00000000 00000100 TIME: 1521763373 Fri Mar 23 00:02:53 2018
00000000 00000100 TIME: 1521763375 Fri Mar 23 00:02:55 2018
00000000 00000100 TIME: 1521763377 Fri Mar 23 00:02:57 2018
00000000 00000100 TIME: 1521763378 Fri Mar 23 00:02:58 2018
00000000 00000100 TIME: 1521764015 Fri Mar 23 00:13:35 2018
00000000 00000100 TIME: 1521764024 Fri Mar 23 00:13:44 2018
00010000 00000000 TIME: 1521764056 Fri Mar 23 00:14:16 2018
00010000 00000000 TIME: 1521764060 Fri Mar 23 00:14:20 2018
00010000 00000000 TIME: 1521764077 Fri Mar 23 00:14:37 2018
00010000 00000000 TIME: 1521764172 Fri Mar 23 00:16:12 2018
11110000 11111111 TIME: 1521764207 Fri Mar 23 00:16:47 2018
00010000 00000000 TIME: 1521816006 Fri Mar 23 14:40:06 2018
10000000 00000000 TIME: 1521820406 Fri Mar 23 15:53:26 2018
10000000 00000000 TIME: 1521820423 Fri Mar 23 15:53:43 2018
10000000 00000000 TIME: 1521820430 Fri Mar 23 15:53:50 2018
10000000 00000000 TIME: 1521820435 Fri Mar 23 15:53:55 2018
10000000 00000000 TIME: 1521820441 Fri Mar 23 15:54:01 2018
10000000 00000000 TIME: 1521820449 Fri Mar 23 15:54:09 2018
00010000 00000000 TIME: 1521820463 Fri Mar 23 15:54:23 2018
00010000 00000000 TIME: 1521820465 Fri Mar 23 15:54:25 2018
00010000 00000000 TIME: 1521820670 Fri Mar 23 15:57:50 2018
00010000 00000000 TIME: 1521820772 Fri Mar 23 15:59:32 2018
00010000 00000000 TIME: 1521820782 Fri Mar 23 15:59:42 2018
00010000 00000000 TIME: 1521820824 Fri Mar 23 16:00:24 2018
00010000 00000000 TIME: 1521820941 Fri Mar 23 16:02:21 2018
00010000 00000000 TIME: 1521820974 Fri Mar 23 16:02:54 2018
00010000 00000000 TIME: 1521823357 Fri Mar 23 16:42:37 2018
00010000 00000000 TIME: 1521823360 Fri Mar 23 16:42:40 2018
00010000 00000000 TIME: 1521823400 Fri Mar 23 16:43:20 2018
00010000 00000000 TIME: 1521823453 Fri Mar 23 16:44:13 2018
00010000 00000000 TIME: 1521823465 Fri Mar 23 16:44:25 2018
11110000 11111111 TIME: 1521823637 Fri Mar 23 16:47:17 2018
00010000 00000000 TIME: 1521823900 Fri Mar 23 16:51:40 2018
00010000 00000000 TIME: 1521823911 Fri Mar 23 16:51:51 2018
11110000 00000000 TIME: 1521824028 Fri Mar 23 16:53:48 2018
11110000 11111111 TIME: 1521824028 Fri Mar 23 16:53:48 2018
11110000 11111111 TIME: 1521824042 Fri Mar 23 16:54:02 2018
00000000 00001000 TIME: 1521824066 Fri Mar 23 16:54:26 2018
00000000 00001000 TIME: 1521824068 Fri Mar 23 16:54:28 2018
00010000 00000000 TIME: 1521824088 Fri Mar 23 16:54:48 2018
00000000 01000000 TIME: 1521824113 Fri Mar 23 16:55:13 2018
00010000 00000000 TIME: 1521825430 Fri Mar 23 17:17:10 2018
00010000 00000000 TIME: 1521825433 Fri Mar 23 17:17:13 2018
00010000 00000000 TIME: 1521825437 Fri Mar 23 17:17:17 2018
11110000 11111111 TIME: 946684891 Sat Jan  1 00:01:31 2000
11110000 11111111 TIME: 1521829523 Fri Mar 23 18:25:23 2018
00000000 01000000 TIME: 1521829568 Fri Mar 23 18:26:08 2018
00010000 00000000 TIME: 1521829584 Fri Mar 23 18:26:24 2018
11110000 11111111 TIME: 1521829977 Fri Mar 23 18:32:57 2018
00010000 00000000 TIME: 1521836982 Fri Mar 23 20:29:42 2018
00010000 00000000 TIME: 1521836988 Fri Mar 23 20:29:48 2018
00010000 00000000 TIME: 1521836997 Fri Mar 23 20:29:57 2018
00010000 00000000 TIME: 1521837029 Fri Mar 23 20:30:29 2018
00010000 00000000 TIME: 1521837041 Fri Mar 23 20:30:41 2018
11110000 11111111 TIME: 1521841324 Fri Mar 23 21:42:04 2018
00010000 00000000 TIME: 1521841332 Fri Mar 23 21:42:12 2018
11110000 11111111 TIME: 1521841719 Fri Mar 23 21:48:39 2018
11110000 11111111 TIME: 1521841729 Fri Mar 23 21:48:49 2018
00010000 00000000 TIME: 1521841943 Fri Mar 23 21:52:23 2018
00010000 00000000 TIME: 1521841947 Fri Mar 23 21:52:27 2018
11110000 11111111 TIME: 1521842062 Fri Mar 23 21:54:22 2018
11110000 11111111 TIME: 1521842077 Fri Mar 23 21:54:37 2018
11110000 11111111 TIME: 1521842130 Fri Mar 23 21:55:30 2018
00010000 00000000 TIME: 1521842284 Fri Mar 23 21:58:04 2018
00010000 00000000 TIME: 1521842286 Fri Mar 23 21:58:06 2018
00010000 00000000 TIME: 1521844512 Fri Mar 23 22:35:12 2018
00010000 00000000 TIME: 1521844519 Fri Mar 23 22:35:19 2018
10000000 00000000 TIME: 1521844526 Fri Mar 23 22:35:26 2018
10000000 00000000 TIME: 1521844598 Fri Mar 23 22:36:38 2018
10000000 00000000 TIME: 1521844607 Fri Mar 23 22:36:47 2018
00010000 00000000 TIME: 1521844828 Fri Mar 23 22:40:28 2018
00010000 00000000 TIME: 1521844895 Fri Mar 23 22:41:35 2018
00010000 00000000 TIME: 1521844912 Fri Mar 23 22:41:52 2018
00010000 00000000 TIME: 1521844918 Fri Mar 23 22:41:58 2018
00010000 00000000 TIME: 1521844934 Fri Mar 23 22:42:14 2018
00010000 00000000 TIME: 1521844962 Fri Mar 23 22:42:42 2018
00010000 00000000 TIME: 1521844969 Fri Mar 23 22:42:49 2018
00010000 00000000 TIME: 1521844981 Fri Mar 23 22:43:01 2018
00010000 00000000 TIME: 1522076194 Mon Mar 26 14:56:34 2018
00010000 00000000 TIME: 1522076197 Mon Mar 26 14:56:37 2018
00010000 00000000 TIME: 1522076199 Mon Mar 26 14:56:39 2018
00010000 00000000 TIME: 1522076201 Mon Mar 26 14:56:41 2018
00000000 01000000 TIME: 1522076336 Mon Mar 26 14:58:56 2018
01000000 00000000 TIME: 1522076785 Mon Mar 26 15:06:25 2018
01000000 00000000 TIME: 1522076795 Mon Mar 26 15:06:35 2018
01000000 00000000 TIME: 1522076799 Mon Mar 26 15:06:39 2018
01000000 00000000 TIME: 1522076805 Mon Mar 26 15:06:45 2018
00010000 00000000 TIME: 1522161807 Tue Mar 27 14:43:27 2018
00010000 00000000 TIME: 1522161814 Tue Mar 27 14:43:34 2018
00010000 00000000 TIME: 1522162708 Tue Mar 27 14:58:28 2018
00010000 00000000 TIME: 1522162713 Tue Mar 27 14:58:33 2018
00000000 00001000 TIME: 1522162721 Tue Mar 27 14:58:41 2018
00000000 00001000 TIME: 1522162726 Tue Mar 27 14:58:46 2018
00010000 00000000 TIME: 1522165535 Tue Mar 27 15:45:35 2018
00010000 00000000 TIME: 1522165536 Tue Mar 27 15:45:36 2018
00010000 00000000 TIME: 1522165539 Tue Mar 27 15:45:39 2018
00010000 00000000 TIME: 1522165540 Tue Mar 27 15:45:40 2018
00000000 11111111 TIME: 1522184865 Tue Mar 27 21:07:45 2018
00010000 00000000 TIME: 1522248079 Wed Mar 28 14:41:19 2018
00010000 00000000 TIME: 1522248084 Wed Mar 28 14:41:24 2018
00000000 00010000 TIME: 1522248255 Wed Mar 28 14:44:15 2018
00010000 00000000 TIME: 1522248281 Wed Mar 28 14:44:41 2018
00100000 00000000 TIME: 1522248326 Wed Mar 28 14:45:26 2018
00100000 00000000 TIME: 1522248331 Wed Mar 28 14:45:31 2018
00100000 00000000 TIME: 1522248335 Wed Mar 28 14:45:35 2018
00100000 00000000 TIME: 1522248337 Wed Mar 28 14:45:37 2018
00000000 00001000 TIME: 1522248423 Wed Mar 28 14:47:03 2018
00000000 00001000 TIME: 1522248427 Wed Mar 28 14:47:07 2018
00000000 00010000 TIME: 1522248450 Wed Mar 28 14:47:30 2018
00000000 00001000 TIME: 1522248464 Wed Mar 28 14:47:44 2018
00000000 00001000 TIME: 1522248464 Wed Mar 28 14:47:44 2018
00000000 00001000 TIME: 1522248468 Wed Mar 28 14:47:48 2018
00000000 00001000 TIME: 1522248475 Wed Mar 28 14:47:55 2018
00000000 00001000 TIME: 1522248502 Wed Mar 28 14:48:22 2018
01000000 00000000 TIME: 1522248513 Wed Mar 28 14:48:33 2018
01000000 00000000 TIME: 1522248518 Wed Mar 28 14:48:38 2018
01000000 00000000 TIME: 1522248524 Wed Mar 28 14:48:44 2018
01000000 00000000 TIME: 1522248528 Wed Mar 28 14:48:48 2018
01000000 00000000 TIME: 1522248552 Wed Mar 28 14:49:12 2018
01000000 00000000 TIME: 1522248556 Wed Mar 28 14:49:16 2018
00000000 01000000 TIME: 1522248573 Wed Mar 28 14:49:33 2018
00000000 01000000 TIME: 1522248584 Wed Mar 28 14:49:44 2018
00000000 00010000 TIME: 1522248590 Wed Mar 28 14:49:50 2018
00000000 00010000 TIME: 1522248597 Wed Mar 28 14:49:57 2018
00000000 00100000 TIME: 1522248602 Wed Mar 28 14:50:02 2018
00000000 00100000 TIME: 1522248605 Wed Mar 28 14:50:05 2018
00000000 00001000 TIME: 1522248606 Wed Mar 28 14:50:06 2018
00100000 00000000 TIME: 1522248711 Wed Mar 28 14:51:51 2018
00100000 00000000 TIME: 1522248712 Wed Mar 28 14:51:52 2018
00100000 00000000 TIME: 1522248712 Wed Mar 28 14:51:52 2018
00100000 00000000 TIME: 1522248713 Wed Mar 28 14:51:53 2018
00100000 00000000 TIME: 1522248713 Wed Mar 28 14:51:53 2018
00100000 00000000 TIME: 1522248719 Wed Mar 28 14:51:59 2018
00010000 00000000 TIME: 1522248727 Wed Mar 28 14:52:07 2018
00010000 00000000 TIME: 1522248736 Wed Mar 28 14:52:16 2018
00000000 00001000 TIME: 1522248742 Wed Mar 28 14:52:22 2018
00000000 00001000 TIME: 1522248841 Wed Mar 28 14:54:01 2018
00000000 00001000 TIME: 1522248897 Wed Mar 28 14:54:57 2018
00000000 01000000 TIME: 1522248926 Wed Mar 28 14:55:26 2018
00000000 00000010 TIME: 1522248982 Wed Mar 28 14:56:22 2018
00000000 00000010 TIME: 1522248988 Wed Mar 28 14:56:28 2018
00000000 00000001 TIME: 1522248995 Wed Mar 28 14:56:35 2018
11111111 11111111 TIME: 1522248995 Wed Mar 28 14:56:35 2018
11111111 11111111 TIME: 1522249000 Wed Mar 28 14:56:40 2018
11111111 11111111 TIME: 1522249000 Wed Mar 28 14:56:40 2018
00000000 00000010 TIME: 1522249050 Wed Mar 28 14:57:30 2018
00000000 00000010 TIME: 1522249061 Wed Mar 28 14:57:41 2018
00000000 00001000 TIME: 1522249092 Wed Mar 28 14:58:12 2018
00000000 00001000 TIME: 1522249313 Wed Mar 28 15:01:53 2018
00000000 00000010 TIME: 1522249328 Wed Mar 28 15:02:08 2018
00000000 00000010 TIME: 1522249333 Wed Mar 28 15:02:13 2018
00000000 00001000 TIME: 1522249338 Wed Mar 28 15:02:18 2018
00010000 00000000 TIME: 1522249362 Wed Mar 28 15:02:42 2018
00000000 01000000 TIME: 1522249415 Wed Mar 28 15:03:35 2018
00010000 00000000 TIME: 1522249419 Wed Mar 28 15:03:39 2018
00000000 00001000 TIME: 1522249423 Wed Mar 28 15:03:43 2018
00000000 00001000 TIME: 1522249459 Wed Mar 28 15:04:19 2018
00000000 00000100 TIME: 1522249466 Wed Mar 28 15:04:26 2018
00000000 00000100 TIME: 1522249471 Wed Mar 28 15:04:31 2018
00000000 10000000 TIME: 1522249474 Wed Mar 28 15:04:34 2018
00000000 10000000 TIME: 1522249479 Wed Mar 28 15:04:39 2018
00000000 00010000 TIME: 1522249488 Wed Mar 28 15:04:48 2018
00000000 00001000 TIME: 1522249491 Wed Mar 28 15:04:51 2018
00000000 00010000 TIME: 1522249504 Wed Mar 28 15:05:04 2018
00000000 00100000 TIME: 1522249508 Wed Mar 28 15:05:08 2018
00000000 00010000 TIME: 1522249515 Wed Mar 28 15:05:15 2018
00000000 00010000 TIME: 1522249519 Wed Mar 28 15:05:19 2018
00000000 00100000 TIME: 1522249519 Wed Mar 28 15:05:19 2018
00000000 00001000 TIME: 1522249525 Wed Mar 28 15:05:25 2018
00000000 10000000 TIME: 1522249531 Wed Mar 28 15:05:31 2018
00000000 10000000 TIME: 1522249535 Wed Mar 28 15:05:35 2018
00000000 00001000 TIME: 1522249546 Wed Mar 28 15:05:46 2018
00010000 00000000 TIME: 1522249551 Wed Mar 28 15:05:51 2018
00010000 00000000 TIME: 1522249552 Wed Mar 28 15:05:52 2018
00000000 00001000 TIME: 1522249570 Wed Mar 28 15:06:10 2018
00000000 01000000 TIME: 1522249598 Wed Mar 28 15:06:38 2018
00000000 01000000 TIME: 1522249602 Wed Mar 28 15:06:42 2018
00000000 00001000 TIME: 1522249694 Wed Mar 28 15:08:14 2018
00000000 00001000 TIME: 1522249771 Wed Mar 28 15:09:31 2018
00010000 00000000 TIME: 1522249773 Wed Mar 28 15:09:33 2018
00000000 00000010 TIME: 1522249790 Wed Mar 28 15:09:50 2018
00000000 00000010 TIME: 1522249798 Wed Mar 28 15:09:58 2018
00000000 00000010 TIME: 1522249799 Wed Mar 28 15:09:59 2018
00010000 00000000 TIME: 1522249872 Wed Mar 28 15:11:12 2018
00010000 00000000 TIME: 1522249879 Wed Mar 28 15:11:19 2018
00010000 00000000 TIME: 1522249886 Wed Mar 28 15:11:26 2018
00000000 00000010 TIME: 1522249889 Wed Mar 28 15:11:29 2018
00000000 00000010 TIME: 1522249893 Wed Mar 28 15:11:33 2018
00000000 00001000 TIME: 1522249895 Wed Mar 28 15:11:35 2018
00000000 00001000 TIME: 1522249903 Wed Mar 28 15:11:43 2018
00000000 00000010 TIME: 1522249906 Wed Mar 28 15:11:46 2018
00000000 00001000 TIME: 1522249907 Wed Mar 28 15:11:47 2018
00000000 00001000 TIME: 1522249912 Wed Mar 28 15:11:52 2018
00000000 00000010 TIME: 1522249913 Wed Mar 28 15:11:53 2018
00010000 00000000 TIME: 1522249915 Wed Mar 28 15:11:55 2018
10000000 00000000 TIME: 1522249927 Wed Mar 28 15:12:07 2018
10000000 00000000 TIME: 1522249929 Wed Mar 28 15:12:09 2018
00010000 00000000 TIME: 1522261092 Wed Mar 28 18:18:12 2018
00000000 00001000 TIME: 1522261095 Wed Mar 28 18:18:15 2018
00000000 00000010 TIME: 1522261095 Wed Mar 28 18:18:15 2018
00000000 00000010 TIME: 1522261235 Wed Mar 28 18:20:35 2018
00000000 00000010 TIME: 1522261237 Wed Mar 28 18:20:37 2018
00000000 00001000 TIME: 1522261239 Wed Mar 28 18:20:39 2018
00000000 00001000 TIME: 1522261247 Wed Mar 28 18:20:47 2018
00010000 00000000 TIME: 1522261309 Wed Mar 28 18:21:49 2018
00000000 00001000 TIME: 1522261312 Wed Mar 28 18:21:52 2018
00000000 00000010 TIME: 1522261315 Wed Mar 28 18:21:55 2018
00000000 00000010 TIME: 1522261359 Wed Mar 28 18:22:39 2018
00000000 00001000 TIME: 1522261361 Wed Mar 28 18:22:41 2018
00010000 00000000 TIME: 1522261363 Wed Mar 28 18:22:43 2018
00000000 00001000 TIME: 1522261574 Wed Mar 28 18:26:14 2018
00010000 00000000 TIME: 1522261595 Wed Mar 28 18:26:35 2018
00000000 00000010 TIME: 1522261596 Wed Mar 28 18:26:36 2018
11110000 11111111 TIME: 1522269081 Wed Mar 28 20:31:21 2018
00000000 00000010 TIME: 1522273709 Wed Mar 28 21:48:29 2018
00010000 00000000 TIME: 1522273710 Wed Mar 28 21:48:30 2018
00000000 00001000 TIME: 1522273720 Wed Mar 28 21:48:40 2018
00000000 00100000 TIME: 1522273724 Wed Mar 28 21:48:44 2018
00000000 00010000 TIME: 1522273733 Wed Mar 28 21:48:53 2018
00000000 00100000 TIME: 1522273735 Wed Mar 28 21:48:55 2018
00000000 00010000 TIME: 1522273737 Wed Mar 28 21:48:57 2018
00000000 00100000 TIME: 1522273738 Wed Mar 28 21:48:58 2018
00000000 00010000 TIME: 1522273740 Wed Mar 28 21:49:00 2018
00000000 00100000 TIME: 1522273742 Wed Mar 28 21:49:02 2018
00000000 00010000 TIME: 1522273746 Wed Mar 28 21:49:06 2018
00000000 00100000 TIME: 1522273753 Wed Mar 28 21:49:13 2018
00000000 00001000 TIME: 1522273776 Wed Mar 28 21:49:36 2018
00000000 00100000 TIME: 1522273778 Wed Mar 28 21:49:38 2018
11110000 11111111 TIME: 1522273784 Wed Mar 28 21:49:44 2018
00000000 00000100 TIME: 1522273810 Wed Mar 28 21:50:10 2018
00000000 00000010 TIME: 1522273823 Wed Mar 28 21:50:23 2018
00000000 00000010 TIME: 1522273825 Wed Mar 28 21:50:25 2018
00000000 00100000 TIME: 1522273842 Wed Mar 28 21:50:42 2018
00000000 00100000 TIME: 1522273843 Wed Mar 28 21:50:43 2018
00000000 00010000 TIME: 1522273844 Wed Mar 28 21:50:44 2018
00000000 00010000 TIME: 1522273846 Wed Mar 28 21:50:46 2018
00000000 00100000 TIME: 1522273847 Wed Mar 28 21:50:47 2018
00000000 00010000 TIME: 1522273847 Wed Mar 28 21:50:47 2018
00000000 00100000 TIME: 1522273849 Wed Mar 28 21:50:49 2018
00000000 00010000 TIME: 1522273850 Wed Mar 28 21:50:50 2018
00000000 00000100 TIME: 1522274000 Wed Mar 28 21:53:20 2018
10000000 11111111 TIME: 1522275319 Wed Mar 28 22:15:19 2018
00000000 00001000 TIME: 1522275358 Wed Mar 28 22:15:58 2018
00010000 00000000 TIME: 1522275368 Wed Mar 28 22:16:08 2018
00000000 01000000 TIME: 1522275372 Wed Mar 28 22:16:12 2018
00000000 00001000 TIME: 1522275387 Wed Mar 28 22:16:27 2018
00000000 00001000 TIME: 1522275389 Wed Mar 28 22:16:29 2018
00010000 00000000 TIME: 1522275403 Wed Mar 28 22:16:43 2018
00010000 00000000 TIME: 1522275411 Wed Mar 28 22:16:51 2018
00000000 01000000 TIME: 1522275447 Wed Mar 28 22:17:27 2018
00010000 00000000 TIME: 1522275451 Wed Mar 28 22:17:31 2018
00010000 00000000 TIME: 1522275580 Wed Mar 28 22:19:40 2018
00000000 00001000 TIME: 1522275582 Wed Mar 28 22:19:42 2018
00000000 01000000 TIME: 1522275591 Wed Mar 28 22:19:51 2018
00000000 00001000 TIME: 1522275594 Wed Mar 28 22:19:54 2018
00000000 00100000 TIME: 1522275600 Wed Mar 28 22:20:00 2018
00000000 00010000 TIME: 1522275603 Wed Mar 28 22:20:03 2018
00000000 00100000 TIME: 1522275606 Wed Mar 28 22:20:06 2018
00000000 00010000 TIME: 1522275609 Wed Mar 28 22:20:09 2018
00000000 01000000 TIME: 1522275623 Wed Mar 28 22:20:23 2018
00000000 01000000 TIME: 1522275624 Wed Mar 28 22:20:24 2018
00000000 00100000 TIME: 1522275632 Wed Mar 28 22:20:32 2018
00000000 00100000 TIME: 1522275634 Wed Mar 28 22:20:34 2018
00000000 01000000 TIME: 1522275637 Wed Mar 28 22:20:37 2018
00000000 01000000 TIME: 1522275638 Wed Mar 28 22:20:38 2018
11110000 11111111 TIME: 1522276026 Wed Mar 28 22:27:06 2018
10110000 00000000 TIME: 1522354963 Thu Mar 29 20:22:43 2018
10110000 00000000 TIME: 1522356336 Thu Mar 29 20:45:36 2018
11110000 11111111 TIME: 1522360792 Thu Mar 29 21:59:52 2018
00010000 00000000 TIME: 1522434455 Fri Mar 30 18:27:35 2018
00010000 00000000 TIME: 1522434458 Fri Mar 30 18:27:38 2018
00010000 00000000 TIME: 1522434461 Fri Mar 30 18:27:41 2018
00010000 00000000 TIME: 1522434465 Fri Mar 30 18:27:45 2018
00000000 00001000 TIME: 1522434476 Fri Mar 30 18:27:56 2018
00010000 00000000 TIME: 1522434492 Fri Mar 30 18:28:12 2018
00000000 00001000 TIME: 1522434495 Fri Mar 30 18:28:15 2018
00000000 00001000 TIME: 1522434498 Fri Mar 30 18:28:18 2018
00010000 00000000 TIME: 1522434500 Fri Mar 30 18:28:20 2018
00010000 00000000 TIME: 1522434534 Fri Mar 30 18:28:54 2018
00000000 00001000 TIME: 1522434536 Fri Mar 30 18:28:56 2018
00000000 01000000 TIME: 1522434558 Fri Mar 30 18:29:18 2018
00010000 00000000 TIME: 1522434566 Fri Mar 30 18:29:26 2018
00010000 00000000 TIME: 1522434569 Fri Mar 30 18:29:29 2018
00000000 01000000 TIME: 1522434572 Fri Mar 30 18:29:32 2018
00000000 00001000 TIME: 1522434577 Fri Mar 30 18:29:37 2018
00010000 00000000 TIME: 1522434584 Fri Mar 30 18:29:44 2018
00000000 00000010 TIME: 1522434587 Fri Mar 30 18:29:47 2018
11110000 11111111 TIME: 1522434604 Fri Mar 30 18:30:04 2018
00000000 01110100 TIME: 1522434605 Fri Mar 30 18:30:05 2018
00000000 00000100 TIME: 946684850 Sat Jan  1 00:00:50 2000
00000000 00000100 TIME: 946684857 Sat Jan  1 00:00:57 2000
00000000 00001000 TIME: 946684860 Sat Jan  1 00:01:00 2000
00000000 00001000 TIME: 946684862 Sat Jan  1 00:01:02 2000
00000000 10000000 TIME: 946684866 Sat Jan  1 00:01:06 2000
00000000 10000000 TIME: 946684867 Sat Jan  1 00:01:07 2000
00000000 00000100 TIME: 946684870 Sat Jan  1 00:01:10 2000
00000000 00000100 TIME: 946684873 Sat Jan  1 00:01:13 2000
00000000 01000000 TIME: 946684892 Sat Jan  1 00:01:32 2000
00010000 00000000 TIME: 1522681073 Mon Apr  2 14:57:53 2018
00000000 00000100 TIME: 1522681077 Mon Apr  2 14:57:57 2018
00000000 00000100 TIME: 1522681086 Mon Apr  2 14:58:06 2018
00000000 00001000 TIME: 1522681091 Mon Apr  2 14:58:11 2018
00000000 00001000 TIME: 1522681101 Mon Apr  2 14:58:21 2018
00000000 10000000 TIME: 1522681104 Mon Apr  2 14:58:24 2018
00000000 10000000 TIME: 1522681110 Mon Apr  2 14:58:30 2018
00000000 00001000 TIME: 1522681147 Mon Apr  2 14:59:07 2018
00000000 00001000 TIME: 1522681150 Mon Apr  2 14:59:10 2018
00000000 00001000 TIME: 1522681194 Mon Apr  2 14:59:54 2018
00000000 00001000 TIME: 1522681205 Mon Apr  2 15:00:05 2018
00000000 00001000 TIME: 1522681222 Mon Apr  2 15:00:22 2018
00000000 00001000 TIME: 1522681311 Mon Apr  2 15:01:51 2018
00000000 00001000 TIME: 1522681314 Mon Apr  2 15:01:54 2018
10000000 00000000 TIME: 1522681320 Mon Apr  2 15:02:00 2018
00000000 00100000 TIME: 1522681331 Mon Apr  2 15:02:11 2018
00000000 00010000 TIME: 1522681342 Mon Apr  2 15:02:22 2018
00000000 00100000 TIME: 1522681348 Mon Apr  2 15:02:28 2018
00000000 00010000 TIME: 1522681353 Mon Apr  2 15:02:33 2018
00000000 00010000 TIME: 1522681357 Mon Apr  2 15:02:37 2018
00000000 00010000 TIME: 1522681361 Mon Apr  2 15:02:41 2018
01000000 00000000 TIME: 1522681376 Mon Apr  2 15:02:56 2018
01000000 00000000 TIME: 1522681381 Mon Apr  2 15:03:01 2018
01000000 00000000 TIME: 1522681385 Mon Apr  2 15:03:05 2018
01000000 00000000 TIME: 1522681387 Mon Apr  2 15:03:07 2018
01000000 00000000 TIME: 1522681389 Mon Apr  2 15:03:09 2018
01000000 00000000 TIME: 1522681391 Mon Apr  2 15:03:11 2018
00100000 00000000 TIME: 1522681401 Mon Apr  2 15:03:21 2018
00100000 00000000 TIME: 1522681402 Mon Apr  2 15:03:22 2018
00100000 00000000 TIME: 1522681403 Mon Apr  2 15:03:23 2018
00100000 00000000 TIME: 1522681405 Mon Apr  2 15:03:25 2018
00100000 00000000 TIME: 1522681406 Mon Apr  2 15:03:26 2018
00100000 00000000 TIME: 1522681407 Mon Apr  2 15:03:27 2018
00010000 00000000 TIME: 1522681477 Mon Apr  2 15:04:37 2018
00000000 00001000 TIME: 1522681490 Mon Apr  2 15:04:50 2018
00000000 00001000 TIME: 1522681521 Mon Apr  2 15:05:21 2018
00000000 01000000 TIME: 1522681548 Mon Apr  2 15:05:48 2018
00000000 01000000 TIME: 1522681555 Mon Apr  2 15:05:55 2018
00000000 00001000 TIME: 1522681618 Mon Apr  2 15:06:58 2018
00010000 00000000 TIME: 1522681622 Mon Apr  2 15:07:02 2018
00000000 00000010 TIME: 1522681623 Mon Apr  2 15:07:03 2018
00000000 00000010 TIME: 1522682178 Mon Apr  2 15:16:18 2018
00000000 00000100 TIME: 1522682193 Mon Apr  2 15:16:33 2018
00000000 00000100 TIME: 1522682201 Mon Apr  2 15:16:41 2018
00000000 00001000 TIME: 1522682207 Mon Apr  2 15:16:47 2018
00000000 00001000 TIME: 1522682215 Mon Apr  2 15:16:55 2018
00000000 10000000 TIME: 1522682217 Mon Apr  2 15:16:57 2018
00000000 10000000 TIME: 1522682228 Mon Apr  2 15:17:08 2018
00000000 00000010 TIME: 1522682240 Mon Apr  2 15:17:20 2018
00010000 00000000 TIME: 1522682616 Mon Apr  2 15:23:36 2018
00010000 00000000 TIME: 1522682623 Mon Apr  2 15:23:43 2018
00010000 00000000 TIME: 1522700428 Mon Apr  2 20:20:28 2018
00010000 00000000 TIME: 1522700429 Mon Apr  2 20:20:29 2018
00000000 00000010 TIME: 1522700749 Mon Apr  2 20:25:49 2018
00000000 00001000 TIME: 1522700752 Mon Apr  2 20:25:52 2018
00010000 00000000 TIME: 1522700755 Mon Apr  2 20:25:55 2018
01000000 00000000 TIME: 1522700769 Mon Apr  2 20:26:09 2018
01000000 00000000 TIME: 1522700769 Mon Apr  2 20:26:09 2018
01000000 00000000 TIME: 1522700770 Mon Apr  2 20:26:10 2018
01000000 00000000 TIME: 1522700770 Mon Apr  2 20:26:10 2018
01000000 00000000 TIME: 1522700771 Mon Apr  2 20:26:11 2018
00100000 00000000 TIME: 1522700777 Mon Apr  2 20:26:17 2018
00100000 00000000 TIME: 1522700797 Mon Apr  2 20:26:37 2018
00100000 00000000 TIME: 1522700803 Mon Apr  2 20:26:43 2018
00100000 00000000 TIME: 1522700809 Mon Apr  2 20:26:49 2018
00100000 00000000 TIME: 1522700809 Mon Apr  2 20:26:49 2018
00100000 00000000 TIME: 1522700810 Mon Apr  2 20:26:50 2018
01000000 00000000 TIME: 1522700818 Mon Apr  2 20:26:58 2018
00000000 00001000 TIME: 1522700851 Mon Apr  2 20:27:31 2018
00000000 01000000 TIME: 1522700863 Mon Apr  2 20:27:43 2018
00000000 01000000 TIME: 1522700867 Mon Apr  2 20:27:47 2018
00000000 00001000 TIME: 1522700875 Mon Apr  2 20:27:55 2018
00000000 00100000 TIME: 1522700879 Mon Apr  2 20:27:59 2018
00000000 00010000 TIME: 1522700900 Mon Apr  2 20:28:20 2018
00000000 00010000 TIME: 1522700909 Mon Apr  2 20:28:29 2018
00000000 00100000 TIME: 1522700909 Mon Apr  2 20:28:29 2018
00010000 00000000 TIME: 1522700953 Mon Apr  2 20:29:13 2018
00010000 00000000 TIME: 1522700954 Mon Apr  2 20:29:14 2018
00010000 00000000 TIME: 1522700963 Mon Apr  2 20:29:23 2018
00010000 00000000 TIME: 1522700963 Mon Apr  2 20:29:23 2018
00000000 00001000 TIME: 1522701073 Mon Apr  2 20:31:13 2018
00010000 00000000 TIME: 1522701086 Mon Apr  2 20:31:26 2018
00010000 00000000 TIME: 1522766884 Tue Apr  3 14:48:04 2018
00010000 00000000 TIME: 1522766885 Tue Apr  3 14:48:05 2018
00000000 00001000 TIME: 1522766890 Tue Apr  3 14:48:10 2018
00000000 00001000 TIME: 1522766891 Tue Apr  3 14:48:11 2018
00000100 00000000 TIME: 1522769909 Tue Apr  3 15:38:29 2018
00000000 00000100 TIME: 1522770579 Tue Apr  3 15:49:39 2018
00000000 00000100 TIME: 1522770581 Tue Apr  3 15:49:41 2018
00000000 00001000 TIME: 1522770598 Tue Apr  3 15:49:58 2018
00000000 00001000 TIME: 1522770600 Tue Apr  3 15:50:00 2018
00000000 00000100 TIME: 1522770602 Tue Apr  3 15:50:02 2018
00000000 00000100 TIME: 1522770603 Tue Apr  3 15:50:03 2018
00000000 00010000 TIME: 1522770606 Tue Apr  3 15:50:06 2018
00000000 00010000 TIME: 1522770607 Tue Apr  3 15:50:07 2018
00000000 00100000 TIME: 1522770610 Tue Apr  3 15:50:10 2018
00000000 00100000 TIME: 1522770611 Tue Apr  3 15:50:11 2018
00000000 01000000 TIME: 1522770613 Tue Apr  3 15:50:13 2018
00000000 01000000 TIME: 1522770615 Tue Apr  3 15:50:15 2018
00000000 10000000 TIME: 1522770617 Tue Apr  3 15:50:17 2018
00000000 10000000 TIME: 1522770619 Tue Apr  3 15:50:19 2018
01000000 00000000 TIME: 1522770623 Tue Apr  3 15:50:23 2018
00100000 00000000 TIME: 1522770627 Tue Apr  3 15:50:27 2018
00010000 00000000 TIME: 1522770629 Tue Apr  3 15:50:29 2018
00010000 00000000 TIME: 1522770631 Tue Apr  3 15:50:31 2018
10000000 00000000 TIME: 1522770633 Tue Apr  3 15:50:33 2018
10000000 00000000 TIME: 1522770635 Tue Apr  3 15:50:35 2018
10000000 00000000 TIME: 1522770639 Tue Apr  3 15:50:39 2018
00000000 00001000 TIME: 1522770671 Tue Apr  3 15:51:11 2018
00000000 00001000 TIME: 1522770673 Tue Apr  3 15:51:13 2018
00000000 00001000 TIME: 1522770993 Tue Apr  3 15:56:33 2018
00000000 00001000 TIME: 1522770995 Tue Apr  3 15:56:35 2018
00000000 00001000 TIME: 1522771143 Tue Apr  3 15:59:03 2018
00000000 00001000 TIME: 1522771145 Tue Apr  3 15:59:05 2018
00001000 00000000 TIME: 1522771147 Tue Apr  3 15:59:07 2018
00001000 00000000 TIME: 1522771664 Tue Apr  3 16:07:44 2018
00000100 00000000 TIME: 1522771671 Tue Apr  3 16:07:51 2018
00000010 00000000 TIME: 1522771676 Tue Apr  3 16:07:56 2018
00000001 00000000 TIME: 1522771681 Tue Apr  3 16:08:01 2018
00000001 00000000 TIME: 1522771694 Tue Apr  3 16:08:14 2018
00000001 00000000 TIME: 1522771701 Tue Apr  3 16:08:21 2018
00000010 00000000 TIME: 1522771704 Tue Apr  3 16:08:24 2018
00000010 00000000 TIME: 1522771705 Tue Apr  3 16:08:25 2018
00000100 00000000 TIME: 1522771706 Tue Apr  3 16:08:26 2018
00000100 00000000 TIME: 1522771707 Tue Apr  3 16:08:27 2018
00001000 00000000 TIME: 1522771708 Tue Apr  3 16:08:28 2018
00001000 00000000 TIME: 1522771709 Tue Apr  3 16:08:29 2018
00000000 00000010 TIME: 1522771749 Tue Apr  3 16:09:09 2018
11111111 11111111 TIME: 1522870249 Wed Apr  4 19:30:49 2018
00000000 00000010 TIME: 1522941708 Thu Apr  5 15:21:48 2018
00000000 00000010 TIME: 1522941713 Thu Apr  5 15:21:53 2018
00000000 00000010 TIME: 1522973121 Fri Apr  6 00:05:21 2018
01000000 00000000 TIME: 1522973124 Fri Apr  6 00:05:24 2018
00100000 00000000 TIME: 1522973124 Fri Apr  6 00:05:24 2018
00000000 00001000 TIME: 1522973127 Fri Apr  6 00:05:27 2018
00010000 00000000 TIME: 1522973129 Fri Apr  6 00:05:29 2018
00010000 00000000 TIME: 1522973422 Fri Apr  6 00:10:22 2018
00010000 00000000 TIME: 1522973432 Fri Apr  6 00:10:32 2018
00010000 00000000 TIME: 1522973525 Fri Apr  6 00:12:05 2018
00010000 00000000 TIME: 1522973527 Fri Apr  6 00:12:07 2018
00010000 00000000 TIME: 1522973531 Fri Apr  6 00:12:11 2018
00010000 00000000 TIME: 1522973534 Fri Apr  6 00:12:14 2018
00010000 00000000 TIME: 1522973539 Fri Apr  6 00:12:19 2018
00010000 00000000 TIME: 1522973550 Fri Apr  6 00:12:30 2018
00010000 00000000 TIME: 1522973695 Fri Apr  6 00:14:55 2018
00000000 00001000 TIME: 1522973712 Fri Apr  6 00:15:12 2018
00000000 00000010 TIME: 1522973713 Fri Apr  6 00:15:13 2018
00000000 00000010 TIME: 1523027017 Fri Apr  6 15:03:37 2018
00000000 00001000 TIME: 1523027018 Fri Apr  6 15:03:38 2018
00010000 00000000 TIME: 1523027019 Fri Apr  6 15:03:39 2018
00010000 00000000 TIME: 1523027312 Fri Apr  6 15:08:32 2018
00000000 00001000 TIME: 1523027313 Fri Apr  6 15:08:33 2018
00010000 00000000 TIME: 1523027345 Fri Apr  6 15:09:05 2018
00010000 00000000 TIME: 1523027435 Fri Apr  6 15:10:35 2018
00010000 00000000 TIME: 1523027452 Fri Apr  6 15:10:52 2018
00000000 01000000 TIME: 1523027861 Fri Apr  6 15:17:41 2018
00000000 00001000 TIME: 1523027862 Fri Apr  6 15:17:42 2018
00000000 00001000 TIME: 1523027986 Fri Apr  6 15:19:46 2018
00000000 00001000 TIME: 1523027989 Fri Apr  6 15:19:49 2018
00000000 00001000 TIME: 1523028238 Fri Apr  6 15:23:58 2018
00000000 01000000 TIME: 1523028238 Fri Apr  6 15:23:58 2018
00010000 00000000 TIME: 1523028440 Fri Apr  6 15:27:20 2018
00010000 00000000 TIME: 1523028442 Fri Apr  6 15:27:22 2018
00000000 00000010 TIME: 1523028853 Fri Apr  6 15:34:13 2018
00010000 00000000 TIME: 1523028928 Fri Apr  6 15:35:28 2018
00010000 00000000 TIME: 1523028931 Fri Apr  6 15:35:31 2018
00010000 00000000 TIME: 1523028939 Fri Apr  6 15:35:39 2018
00010000 00000000 TIME: 1523028944 Fri Apr  6 15:35:44 2018
00010000 00000000 TIME: 1523033079 Fri Apr  6 16:44:39 2018
00010000 00000000 TIME: 1523033993 Fri Apr  6 16:59:53 2018
00010000 00000000 TIME: 1523034143 Fri Apr  6 17:02:23 2018
00010000 00000000 TIME: 1523034245 Fri Apr  6 17:04:05 2018
00010000 00000000 TIME: 1523034277 Fri Apr  6 17:04:37 2018
00010000 00000000 TIME: 1523034279 Fri Apr  6 17:04:39 2018
00010000 00000000 TIME: 1523058469 Fri Apr  6 23:47:49 2018
00000000 00000010 TIME: 1523061051 Sat Apr  7 00:30:51 2018
00010000 00000000 TIME: 1523284811 Mon Apr  9 14:40:11 2018
00010000 00000000 TIME: 1523284825 Mon Apr  9 14:40:25 2018
00010000 00000000 TIME: 1523285009 Mon Apr  9 14:43:29 2018
00000000 00000010 TIME: 1523285022 Mon Apr  9 14:43:42 2018
00010000 00000000 TIME: 1523288620 Mon Apr  9 15:43:40 2018
00010000 00000000 TIME: 1523288761 Mon Apr  9 15:46:01 2018
11111111 11111111 TIME: 1523288911 Mon Apr  9 15:48:31 2018
00001100 11011111 TIME: 1523313833 Mon Apr  9 22:43:53 2018
11111111 11111111 TIME: 1523313913 Mon Apr  9 22:45:13 2018
11111111 11111111 TIME: 1523314378 Mon Apr  9 22:52:58 2018
11111111 11111111 TIME: 1523314396 Mon Apr  9 22:53:16 2018
00010000 00000000 TIME: 1523314404 Mon Apr  9 22:53:24 2018
00010000 00000000 TIME: 1523314404 Mon Apr  9 22:53:24 2018
00010000 00000000 TIME: 1523314407 Mon Apr  9 22:53:27 2018
00010000 00000000 TIME: 1523314409 Mon Apr  9 22:53:29 2018
00010000 00000000 TIME: 1523314412 Mon Apr  9 22:53:32 2018
00000000 00001000 TIME: 1523314415 Mon Apr  9 22:53:35 2018
00000000 00001000 TIME: 1523314416 Mon Apr  9 22:53:36 2018
11111111 10001111 TIME: 1523372855 Tue Apr 10 15:07:35 2018
11111111 11111111 TIME: 1523403023 Tue Apr 10 23:30:23 2018
00000000 00001000 TIME: 1523403033 Tue Apr 10 23:30:33 2018
00000000 00001000 TIME: 1523403035 Tue Apr 10 23:30:35 2018
00010000 00000000 TIME: 1523403063 Tue Apr 10 23:31:03 2018
00010000 00000000 TIME: 1523403103 Tue Apr 10 23:31:43 2018
00010000 00000000 TIME: 1523403147 Tue Apr 10 23:32:27 2018
00010000 00000000 TIME: 1523403163 Tue Apr 10 23:32:43 2018
00010000 00000000 TIME: 1523403168 Tue Apr 10 23:32:48 2018
00010000 00000000 TIME: 1523403375 Tue Apr 10 23:36:15 2018
00010000 00000000 TIME: 1523403379 Tue Apr 10 23:36:19 2018
00010000 00000000 TIME: 1523403383 Tue Apr 10 23:36:23 2018
00010000 00000000 TIME: 1523403406 Tue Apr 10 23:36:46 2018
11111111 11111111 TIME: 946684820 Sat Jan  1 00:00:20 2000
11111111 11111111 TIME: 946686146 Sat Jan  1 00:22:26 2000
00000000 00001000 TIME: 1524244817 Fri Apr 20 17:20:17 2018
00000000 00001000 TIME: 1524244819 Fri Apr 20 17:20:19 2018
00010000 00000000 TIME: 1524244858 Fri Apr 20 17:20:58 2018
00010000 00000000 TIME: 1524244859 Fri Apr 20 17:20:59 2018
11111111 11111111 TIME: 1524266992 Fri Apr 20 23:29:52 2018
11111111 11111111 TIME: 1524267002 Fri Apr 20 23:30:02 2018
11111111 11111111 TIME: 1524267011 Fri Apr 20 23:30:11 2018
00000000 00001000 TIME: 1524267029 Fri Apr 20 23:30:29 2018
00000000 00001000 TIME: 1524267030 Fri Apr 20 23:30:30 2018
00000000 10000000 TIME: 1524267040 Fri Apr 20 23:30:40 2018
00000000 10000000 TIME: 1524267041 Fri Apr 20 23:30:41 2018
00000000 01000000 TIME: 1524267055 Fri Apr 20 23:30:55 2018
00000000 00001000 TIME: 1524267334 Fri Apr 20 23:35:34 2018
00000000 00001000 TIME: 1524267336 Fri Apr 20 23:35:36 2018
00010000 00000000 TIME: 1524267355 Fri Apr 20 23:35:55 2018
00000000 00000010 TIME: 1524268066 Fri Apr 20 23:47:46 2018
00010000 00000000 TIME: 1524494605 Mon Apr 23 14:43:25 2018
00010000 00000000 TIME: 1524494617 Mon Apr 23 14:43:37 2018
00010000 00000000 TIME: 1524527457 Mon Apr 23 23:50:57 2018
00010000 00000000 TIME: 1524527458 Mon Apr 23 23:50:58 2018
00010000 00000000 TIME: 1524527461 Mon Apr 23 23:51:01 2018
00010000 00000000 TIME: 1524527594 Mon Apr 23 23:53:14 2018
00010000 00000000 TIME: 1524527595 Mon Apr 23 23:53:15 2018
00010000 00000000 TIME: 1524527730 Mon Apr 23 23:55:30 2018
00010000 00000000 TIME: 1524527734 Mon Apr 23 23:55:34 2018
00010000 00000000 TIME: 1524527741 Mon Apr 23 23:55:41 2018
00010000 00000000 TIME: 1524527746 Mon Apr 23 23:55:46 2018
00010000 00000000 TIME: 1524527760 Mon Apr 23 23:56:00 2018
00010000 00000000 TIME: 1524527763 Mon Apr 23 23:56:03 2018
00010000 00000000 TIME: 1524527807 Mon Apr 23 23:56:47 2018
00010000 00000000 TIME: 1524527810 Mon Apr 23 23:56:50 2018
00010000 00000000 TIME: 1524527811 Mon Apr 23 23:56:51 2018
00010000 00000000 TIME: 1524527813 Mon Apr 23 23:56:53 2018
00010000 00000000 TIME: 1524527835 Mon Apr 23 23:57:15 2018
00010000 00000000 TIME: 1524527854 Mon Apr 23 23:57:34 2018
00010000 00000000 TIME: 1524527892 Mon Apr 23 23:58:12 2018
00010000 00000000 TIME: 1524527896 Mon Apr 23 23:58:16 2018
00010000 00000000 TIME: 1524527906 Mon Apr 23 23:58:26 2018
00010000 00000000 TIME: 1524527909 Mon Apr 23 23:58:29 2018
00010000 00000000 TIME: 1524527916 Mon Apr 23 23:58:36 2018
00010000 00000000 TIME: 1524527955 Mon Apr 23 23:59:15 2018
00010000 00000000 TIME: 1524527961 Mon Apr 23 23:59:21 2018
00010000 00000000 TIME: 1524527998 Mon Apr 23 23:59:58 2018
00010000 00000000 TIME: 1524528013 Tue Apr 24 00:00:13 2018
00010000 00000000 TIME: 1524580906 Tue Apr 24 14:41:46 2018
00010000 00000000 TIME: 1524580909 Tue Apr 24 14:41:49 2018
00010000 00000000 TIME: 1524580943 Tue Apr 24 14:42:23 2018
00010000 00000000 TIME: 1524580944 Tue Apr 24 14:42:24 2018
00010000 00000000 TIME: 1524580953 Tue Apr 24 14:42:33 2018
00010000 00000000 TIME: 1524580954 Tue Apr 24 14:42:34 2018
00010000 00000000 TIME: 1524580957 Tue Apr 24 14:42:37 2018
00010000 00000000 TIME: 1524580964 Tue Apr 24 14:42:44 2018
00010000 00000000 TIME: 1524580994 Tue Apr 24 14:43:14 2018
00010000 00000000 TIME: 1524580995 Tue Apr 24 14:43:15 2018
00010000 00000000 TIME: 1524580998 Tue Apr 24 14:43:18 2018
00010000 00000000 TIME: 1524581002 Tue Apr 24 14:43:22 2018
00010000 00000000 TIME: 1524581005 Tue Apr 24 14:43:25 2018
00010000 00000000 TIME: 1524581009 Tue Apr 24 14:43:29 2018
00010000 00000000 TIME: 1524581012 Tue Apr 24 14:43:32 2018
00010000 00000000 TIME: 1524581016 Tue Apr 24 14:43:36 2018
00000000 11111111 TIME: 1524581175 Tue Apr 24 14:46:15 2018
00010000 00000000 TIME: 1524581556 Tue Apr 24 14:52:36 2018
00010000 00000000 TIME: 1524581560 Tue Apr 24 14:52:40 2018
00010000 00000000 TIME: 1524581647 Tue Apr 24 14:54:07 2018
00010000 00000000 TIME: 1524581655 Tue Apr 24 14:54:15 2018
00000000 11111111 TIME: 1524754154 Thu Apr 26 14:49:14 2018
11111111 11111111 TIME: 1524754156 Thu Apr 26 14:49:16 2018
00000000 11111111 TIME: 1524754157 Thu Apr 26 14:49:17 2018
11111111 00011111 TIME: 1524781909 Thu Apr 26 22:31:49 2018
11111111 11111111 TIME: 1524787021 Thu Apr 26 23:57:01 2018
11111111 11111111 TIME: 1524787040 Thu Apr 26 23:57:20 2018
11111111 11111111 TIME: 1524787105 Thu Apr 26 23:58:25 2018
11111111 11111111 TIME: 1524787910 Fri Apr 27 00:11:50 2018
11111111 11111111 TIME: 1525099499 Mon Apr 30 14:44:59 2018
11111111 11111111 TIME: 1525099499 Mon Apr 30 14:44:59 2018
11111111 11111111 TIME: 1525099500 Mon Apr 30 14:45:00 2018
11111111 11111111 TIME: 1525099756 Mon Apr 30 14:49:16 2018
11111111 11111111 TIME: 1525099758 Mon Apr 30 14:49:18 2018
11111111 00000000 TIME: 1525125625 Mon Apr 30 22:00:25 2018
11111111 11111111 TIME: 1525292553 Wed May  2 20:22:33 2018
00001111 00000000 TIME: 1525308356 Thu May  3 00:45:56 2018
00010000 00000000 TIME: 1525822900 Tue May  8 23:41:40 2018
11111111 00000000 TIME: 1525874584 Wed May  9 14:03:04 2018
00010000 00000000 TIME: 1526061716 Fri May 11 18:01:56 2018
00010000 00000000 TIME: 1526061720 Fri May 11 18:02:00 2018
00010000 00000000 TIME: 1526061929 Fri May 11 18:05:29 2018
00010000 00000000 TIME: 1526061931 Fri May 11 18:05:31 2018
00000001 00000000 TIME: 1526343619 Tue May 15 00:20:19 2018
00010000 00000000 TIME: 1526481895 Wed May 16 14:44:55 2018
11111111 10011100 TIME: 1527259564 Fri May 25 14:46:04 2018
00000000 00000100 TIME: 1527270472 Fri May 25 17:47:52 2018
00010000 00000000 TIME: 1527271243 Fri May 25 18:00:43 2018
00010000 00000000 TIME: 1527271254 Fri May 25 18:00:54 2018
00000000 00000100 TIME: 1527271516 Fri May 25 18:05:16 2018
00000000 00000100 TIME: 1527272211 Fri May 25 18:16:51 2018
00111111 00000000 TIME: 1527638875 Wed May 30 00:07:55 2018
00010000 00000000 TIME: 1527801824 Thu May 31 21:23:44 2018
11111111 00000000 TIME: 1527865168 Fri Jun  1 14:59:28 2018
11111111 00000000 TIME: 1528292968 Wed Jun  6 13:49:28 2018
11111111 11001111 TIME: 1528292972 Wed Jun  6 13:49:32 2018
10000000 00000000 TIME: 1528388402 Thu Jun  7 16:20:02 2018
10000000 00000000 TIME: 1528388415 Thu Jun  7 16:20:15 2018
10000000 00000000 TIME: 1528388430 Thu Jun  7 16:20:30 2018
10000000 00000000 TIME: 1528395053 Thu Jun  7 18:10:53 2018
10000000 00000000 TIME: 1528395063 Thu Jun  7 18:11:03 2018
10000000 00000000 TIME: 1528395069 Thu Jun  7 18:11:09 2018
10000000 00000000 TIME: 1528395073 Thu Jun  7 18:11:13 2018
10000000 00000000 TIME: 1528395081 Thu Jun  7 18:11:21 2018
10000000 00000000 TIME: 1528395087 Thu Jun  7 18:11:27 2018
10000000 00000000 TIME: 1528395090 Thu Jun  7 18:11:30 2018
10000000 00000000 TIME: 1528395111 Thu Jun  7 18:11:51 2018
10000000 00000000 TIME: 1528395116 Thu Jun  7 18:11:56 2018
10000000 00000000 TIME: 1528395117 Thu Jun  7 18:11:57 2018
10000000 00000000 TIME: 1528395123 Thu Jun  7 18:12:03 2018
10000000 00000000 TIME: 1528395124 Thu Jun  7 18:12:04 2018
10000000 00000000 TIME: 1528395125 Thu Jun  7 18:12:05 2018
10000000 00000000 TIME: 1528395180 Thu Jun  7 18:13:00 2018
10000000 00000000 TIME: 1528395180 Thu Jun  7 18:13:00 2018
10000000 00000000 TIME: 1528395198 Thu Jun  7 18:13:18 2018
10000000 00000000 TIME: 1528395202 Thu Jun  7 18:13:22 2018
10000000 00000000 TIME: 1528395206 Thu Jun  7 18:13:26 2018
10000000 00000000 TIME: 1528395207 Thu Jun  7 18:13:27 2018
00000000 00100000 TIME: 1528395244 Thu Jun  7 18:14:04 2018
10000000 00000000 TIME: 1528395251 Thu Jun  7 18:14:11 2018
10000000 00000000 TIME: 1528395255 Thu Jun  7 18:14:15 2018
10000000 00000000 TIME: 1528395257 Thu Jun  7 18:14:17 2018
00000000 00001000 TIME: 1528395311 Thu Jun  7 18:15:11 2018
00000000 00001000 TIME: 1528395315 Thu Jun  7 18:15:15 2018
10000000 00000000 TIME: 1528396432 Thu Jun  7 18:33:52 2018
10000000 00000000 TIME: 1528396757 Thu Jun  7 18:39:17 2018
00000000 00001000 TIME: 1528397178 Thu Jun  7 18:46:18 2018
10000000 00000000 TIME: 1528397440 Thu Jun  7 18:50:40 2018
10000000 00000000 TIME: 1528398229 Thu Jun  7 19:03:49 2018
10000000 00000000 TIME: 1528399473 Thu Jun  7 19:24:33 2018
11111111 11111111 TIME: 1528399502 Thu Jun  7 19:25:02 2018
10000000 00000000 TIME: 1528400440 Thu Jun  7 19:40:40 2018
00000000 01000000 TIME: 1528400444 Thu Jun  7 19:40:44 2018
00000000 00000010 TIME: 1528400445 Thu Jun  7 19:40:45 2018
11111111 11111111 TIME: 1528411749 Thu Jun  7 22:49:09 2018
11111111 11111111 TIME: 1528412233 Thu Jun  7 22:57:13 2018
10000000 00000000 TIME: 1528412403 Thu Jun  7 23:00:03 2018
11111111 11111111 TIME: 1528412564 Thu Jun  7 23:02:44 2018
11111111 11111111 TIME: 1528412927 Thu Jun  7 23:08:47 2018
11111000 11111111 TIME: 1528413503 Thu Jun  7 23:18:23 2018
11111110 11111111 TIME: 1528413519 Thu Jun  7 23:18:39 2018
11111111 11111111 TIME: 1528413520 Thu Jun  7 23:18:40 2018
11111111 11111111 TIME: 1528413520 Thu Jun  7 23:18:40 2018
10000000 00000000 TIME: 1528418762 Fri Jun  8 00:46:02 2018
11111111 11111111 TIME: 1528468817 Fri Jun  8 14:40:17 2018
11111111 11111111 TIME: 1528469828 Fri Jun  8 14:57:08 2018
10000000 00000000 TIME: 1528471439 Fri Jun  8 15:23:59 2018
10000000 00000000 TIME: 1528471446 Fri Jun  8 15:24:06 2018
10000000 00000000 TIME: 1528471452 Fri Jun  8 15:24:12 2018
10000000 00000000 TIME: 1528471457 Fri Jun  8 15:24:17 2018
10000000 00000000 TIME: 1528471460 Fri Jun  8 15:24:20 2018
10000000 00000000 TIME: 1528471462 Fri Jun  8 15:24:22 2018
10000000 00000000 TIME: 1528472153 Fri Jun  8 15:35:53 2018
10000000 00000000 TIME: 1528481456 Fri Jun  8 18:10:56 2018
10000000 00000000 TIME: 1528484176 Fri Jun  8 18:56:16 2018
10000000 00000000 TIME: 1528484183 Fri Jun  8 18:56:23 2018
10000000 00000000 TIME: 1528484192 Fri Jun  8 18:56:32 2018
10000000 00000000 TIME: 1528487638 Fri Jun  8 19:53:58 2018
10000000 00000000 TIME: 1528487826 Fri Jun  8 19:57:06 2018
10000000 00000000 TIME: 1528487869 Fri Jun  8 19:57:49 2018
00000000 00100000 TIME: 1528487894 Fri Jun  8 19:58:14 2018
00000000 00100000 TIME: 1528487906 Fri Jun  8 19:58:26 2018
00000000 10000000 TIME: 1528487926 Fri Jun  8 19:58:46 2018
00000000 10000000 TIME: 1528487934 Fri Jun  8 19:58:54 2018
00000000 01000000 TIME: 1528487937 Fri Jun  8 19:58:57 2018
00000000 01000000 TIME: 1528487941 Fri Jun  8 19:59:01 2018
00000000 00100000 TIME: 1528487943 Fri Jun  8 19:59:03 2018
00000000 00000010 TIME: 1528487948 Fri Jun  8 19:59:08 2018
00000000 00100000 TIME: 1528487952 Fri Jun  8 19:59:12 2018
00000000 00000010 TIME: 1528487974 Fri Jun  8 19:59:34 2018
00000000 01000000 TIME: 1528487975 Fri Jun  8 19:59:35 2018
00000000 01000000 TIME: 1528487980 Fri Jun  8 19:59:40 2018
10000000 00000000 TIME: 1528488435 Fri Jun  8 20:07:15 2018
10000000 00000000 TIME: 1528499870 Fri Jun  8 23:17:50 2018
10000000 00000000 TIME: 1528499953 Fri Jun  8 23:19:13 2018
10000000 00000000 TIME: 1528500676 Fri Jun  8 23:31:16 2018
10000000 00000000 TIME: 1528500751 Fri Jun  8 23:32:31 2018
10000000 00000000 TIME: 1528501078 Fri Jun  8 23:37:58 2018
10000000 00000000 TIME: 1528501416 Fri Jun  8 23:43:36 2018
10000000 00000000 TIME: 1528501456 Fri Jun  8 23:44:16 2018
10000000 00000000 TIME: 1528502871 Sat Jun  9 00:07:51 2018
10000000 00000000 TIME: 1528731561 Mon Jun 11 15:39:21 2018
10000000 00000000 TIME: 1528735935 Mon Jun 11 16:52:15 2018
10000000 00000000 TIME: 1528736534 Mon Jun 11 17:02:14 2018
10000000 00000000 TIME: 1528736603 Mon Jun 11 17:03:23 2018
10000000 00000000 TIME: 1528736841 Mon Jun 11 17:07:21 2018
10000000 00000000 TIME: 1528739492 Mon Jun 11 17:51:32 2018
10000000 00000000 TIME: 1528739583 Mon Jun 11 17:53:03 2018
10000000 00000000 TIME: 1528739660 Mon Jun 11 17:54:20 2018
10000000 00000000 TIME: 1528739786 Mon Jun 11 17:56:26 2018
10000000 00000000 TIME: 1528739816 Mon Jun 11 17:56:56 2018
10000000 00000000 TIME: 1528739905 Mon Jun 11 17:58:25 2018
10000000 00000000 TIME: 1528739966 Mon Jun 11 17:59:26 2018
10000000 00000000 TIME: 1528740650 Mon Jun 11 18:10:50 2018
10000000 00000000 TIME: 1528740720 Mon Jun 11 18:12:00 2018
10000000 00000000 TIME: 1528740734 Mon Jun 11 18:12:14 2018
10000000 00000000 TIME: 1528740737 Mon Jun 11 18:12:17 2018
10000000 00000000 TIME: 1528740743 Mon Jun 11 18:12:23 2018
10000000 00000000 TIME: 1528740756 Mon Jun 11 18:12:36 2018
10000000 00000000 TIME: 1528740775 Mon Jun 11 18:12:55 2018
10000000 00000000 TIME: 1528740817 Mon Jun 11 18:13:37 2018
10000000 00000000 TIME: 1528740828 Mon Jun 11 18:13:48 2018
10000000 00000000 TIME: 1528740839 Mon Jun 11 18:13:59 2018
10000000 00000000 TIME: 1528740971 Mon Jun 11 18:16:11 2018
10000000 00000000 TIME: 1528741249 Mon Jun 11 18:20:49 2018
10000000 00000000 TIME: 1528741264 Mon Jun 11 18:21:04 2018
10000000 00000000 TIME: 1528741266 Mon Jun 11 18:21:06 2018
00000000 00100000 TIME: 1528741746 Mon Jun 11 18:29:06 2018
00000000 00100000 TIME: 1528741751 Mon Jun 11 18:29:11 2018
10000000 00000000 TIME: 1528742051 Mon Jun 11 18:34:11 2018
00000000 00100000 TIME: 1528742070 Mon Jun 11 18:34:30 2018
10000000 00000000 TIME: 1528742072 Mon Jun 11 18:34:32 2018
00000000 00100000 TIME: 1528742079 Mon Jun 11 18:34:39 2018
00000000 00010000 TIME: 1528742080 Mon Jun 11 18:34:40 2018
10000000 00000000 TIME: 1528742084 Mon Jun 11 18:34:44 2018
10000000 00000000 TIME: 1528742135 Mon Jun 11 18:35:35 2018
00000000 00010000 TIME: 1528742138 Mon Jun 11 18:35:38 2018
00000000 00100000 TIME: 1528742141 Mon Jun 11 18:35:41 2018
00000000 00100000 TIME: 1528742142 Mon Jun 11 18:35:42 2018
00000000 00010000 TIME: 1528742144 Mon Jun 11 18:35:44 2018
00000000 00010000 TIME: 1528742152 Mon Jun 11 18:35:52 2018
00000000 00010000 TIME: 1528742364 Mon Jun 11 18:39:24 2018
00000000 00010000 TIME: 1528742367 Mon Jun 11 18:39:27 2018
00000000 00100000 TIME: 1528742370 Mon Jun 11 18:39:30 2018
00000000 00010000 TIME: 1528742372 Mon Jun 11 18:39:32 2018
10000000 00000000 TIME: 1528742809 Mon Jun 11 18:46:49 2018
11111111 00011111 TIME: 1528753001 Mon Jun 11 21:36:41 2018
10000000 00000000 TIME: 1528753387 Mon Jun 11 21:43:07 2018
10000000 00000000 TIME: 1528754050 Mon Jun 11 21:54:10 2018
00000000 00010000 TIME: 1528754070 Mon Jun 11 21:54:30 2018
00000000 00100000 TIME: 1528754071 Mon Jun 11 21:54:31 2018
00000000 00100000 TIME: 1528754109 Mon Jun 11 21:55:09 2018
00000000 00010000 TIME: 1528754124 Mon Jun 11 21:55:24 2018
00000000 00100000 TIME: 1528754158 Mon Jun 11 21:55:58 2018
00000000 00010000 TIME: 1528754169 Mon Jun 11 21:56:09 2018
10000000 00000000 TIME: 1528754234 Mon Jun 11 21:57:14 2018
10000000 00000000 TIME: 1528754237 Mon Jun 11 21:57:17 2018
10000000 00000000 TIME: 1528754270 Mon Jun 11 21:57:50 2018
00000000 00100000 TIME: 1528754291 Mon Jun 11 21:58:11 2018
00000000 00010000 TIME: 1528754299 Mon Jun 11 21:58:19 2018
00000000 00010000 TIME: 1528754307 Mon Jun 11 21:58:27 2018
00000000 00100000 TIME: 1528754315 Mon Jun 11 21:58:35 2018
10000000 00000000 TIME: 1528754543 Mon Jun 11 22:02:23 2018
10000000 00000000 TIME: 1528754926 Mon Jun 11 22:08:46 2018
10000000 00000000 TIME: 1528754982 Mon Jun 11 22:09:42 2018
10000000 00000000 TIME: 1528755028 Mon Jun 11 22:10:28 2018
10000000 00000000 TIME: 1528755124 Mon Jun 11 22:12:04 2018
10000000 00000000 TIME: 1528755196 Mon Jun 11 22:13:16 2018
00000000 00100000 TIME: 1528755227 Mon Jun 11 22:13:47 2018
00000000 00010000 TIME: 1528755237 Mon Jun 11 22:13:57 2018
00000000 00010000 TIME: 1528755249 Mon Jun 11 22:14:09 2018
00000000 00100000 TIME: 1528755250 Mon Jun 11 22:14:10 2018
10000000 00000000 TIME: 1528755527 Mon Jun 11 22:18:47 2018
10000000 00000000 TIME: 1528755528 Mon Jun 11 22:18:48 2018
10000000 00000000 TIME: 1528756550 Mon Jun 11 22:35:50 2018
10000000 00000000 TIME: 1528756656 Mon Jun 11 22:37:36 2018
10000000 00000000 TIME: 1528756657 Mon Jun 11 22:37:37 2018
10000000 00000000 TIME: 1528762526 Tue Jun 12 00:15:26 2018
00000000 00100000 TIME: 1528762546 Tue Jun 12 00:15:46 2018
00000000 00010000 TIME: 1528762563 Tue Jun 12 00:16:03 2018
00000000 00010000 TIME: 1528762575 Tue Jun 12 00:16:15 2018
00000000 00100000 TIME: 1528762575 Tue Jun 12 00:16:15 2018
10000000 00100000 TIME: 1528763524 Tue Jun 12 00:32:04 2018
10000000 00000000 TIME: 1528763536 Tue Jun 12 00:32:16 2018
10000000 00000000 TIME: 1528763696 Tue Jun 12 00:34:56 2018
00000000 00100000 TIME: 1528763716 Tue Jun 12 00:35:16 2018
00000000 00100000 TIME: 1528763740 Tue Jun 12 00:35:40 2018
10000000 00000000 TIME: 1528817288 Tue Jun 12 15:28:08 2018
10000000 00000000 TIME: 1528818015 Tue Jun 12 15:40:15 2018
10000000 00000000 TIME: 1528819494 Tue Jun 12 16:04:54 2018
00000000 00000100 TIME: 1528829044 Tue Jun 12 18:44:04 2018
00000000 00001000 TIME: 1528829045 Tue Jun 12 18:44:05 2018
00000000 00000100 TIME: 1528829051 Tue Jun 12 18:44:11 2018
00000000 00001000 TIME: 1528829053 Tue Jun 12 18:44:13 2018
00000000 01000000 TIME: 1528834799 Tue Jun 12 20:19:59 2018
10000000 00000000 TIME: 1528834808 Tue Jun 12 20:20:08 2018
10000000 00000000 TIME: 1528834811 Tue Jun 12 20:20:11 2018
00000000 00100000 TIME: 1528834816 Tue Jun 12 20:20:16 2018
00000000 00100000 TIME: 1528834819 Tue Jun 12 20:20:19 2018
00010000 00000000 TIME: 1528834821 Tue Jun 12 20:20:21 2018
00010000 00000000 TIME: 1528834825 Tue Jun 12 20:20:25 2018
11111111 11001111 TIME: 1528847643 Tue Jun 12 23:54:03 2018
00000000 00000100 TIME: 1528847860 Tue Jun 12 23:57:40 2018
00000000 00000100 TIME: 1528847862 Tue Jun 12 23:57:42 2018
00000000 00000100 TIME: 1528847920 Tue Jun 12 23:58:40 2018
00000000 00001000 TIME: 1528847927 Tue Jun 12 23:58:47 2018
00000000 00001000 TIME: 1528847942 Tue Jun 12 23:59:02 2018
00000000 00000100 TIME: 1528847943 Tue Jun 12 23:59:03 2018
10000000 00000000 TIME: 1528848161 Wed Jun 13 00:02:41 2018
10000000 00000000 TIME: 1528848169 Wed Jun 13 00:02:49 2018
00000000 00000100 TIME: 1528848216 Wed Jun 13 00:03:36 2018
00000000 00000100 TIME: 1528848218 Wed Jun 13 00:03:38 2018
10000000 00000000 TIME: 1528848226 Wed Jun 13 00:03:46 2018
10000000 00000000 TIME: 1528848256 Wed Jun 13 00:04:16 2018
00010000 00000000 TIME: 1528992348 Thu Jun 14 16:05:48 2018
11111111 11001111 TIME: 1528992349 Thu Jun 14 16:05:49 2018
11101111 01111111 TIME: 946687526 Sat Jan  1 00:45:26 2000
11111111 10001111 TIME: 946687570 Sat Jan  1 00:46:10 2000
00000000 00001000 TIME: 946687794 Sat Jan  1 00:49:54 2000
00000000 00001000 TIME: 946687802 Sat Jan  1 00:50:02 2000
00100000 00000000 TIME: 946687930 Sat Jan  1 00:52:10 2000
01000000 00000000 TIME: 946687932 Sat Jan  1 00:52:12 2000
00000000 10000000 TIME: 1531947151 Wed Jul 18 20:52:31 2018
00000000 10000000 TIME: 1531947156 Wed Jul 18 20:52:36 2018
10000000 00000000 TIME: 1531947246 Wed Jul 18 20:54:06 2018
00000000 00000100 TIME: 1531947253 Wed Jul 18 20:54:13 2018
10000000 00000000 TIME: 1531947255 Wed Jul 18 20:54:15 2018
10000000 00000000 TIME: 1531947256 Wed Jul 18 20:54:16 2018
00000000 00000100 TIME: 1531947272 Wed Jul 18 20:54:32 2018
00010000 00000000 TIME: 1531947525 Wed Jul 18 20:58:45 2018
00010000 00000000 TIME: 1531947536 Wed Jul 18 20:58:56 2018
00000000 01000000 TIME: 1531947571 Wed Jul 18 20:59:31 2018
00000000 01000000 TIME: 1531947582 Wed Jul 18 20:59:42 2018
00000000 01000000 TIME: 1531947621 Wed Jul 18 21:00:21 2018
00010000 00000000 TIME: 1531947623 Wed Jul 18 21:00:23 2018
00010000 00000000 TIME: 1531947640 Wed Jul 18 21:00:40 2018
00001000 00000000 TIME: 1531948214 Wed Jul 18 21:10:14 2018
00000100 00000000 TIME: 1531948216 Wed Jul 18 21:10:16 2018
00000010 00000000 TIME: 1531948220 Wed Jul 18 21:10:20 2018
00000001 00000000 TIME: 1531948226 Wed Jul 18 21:10:26 2018
00000000 01000000 TIME: 1531948234 Wed Jul 18 21:10:34 2018
00001000 00000000 TIME: 1531948236 Wed Jul 18 21:10:36 2018
00010000 00000000 TIME: 1531948248 Wed Jul 18 21:10:48 2018
00001000 00000000 TIME: 1531952774 Wed Jul 18 22:26:14 2018
00010000 00000000 TIME: 1531952782 Wed Jul 18 22:26:22 2018
00001000 00000000 TIME: 1531952790 Wed Jul 18 22:26:30 2018
00010000 00000000 TIME: 1531952795 Wed Jul 18 22:26:35 2018
01000000 00000000 TIME: 1531952845 Wed Jul 18 22:27:25 2018
01000000 00000000 TIME: 1531952851 Wed Jul 18 22:27:31 2018
01000000 00000000 TIME: 1531952879 Wed Jul 18 22:27:59 2018
01000000 00000000 TIME: 1531952879 Wed Jul 18 22:27:59 2018
01000000 00000000 TIME: 1531952880 Wed Jul 18 22:28:00 2018
01000000 00000000 TIME: 1531952880 Wed Jul 18 22:28:00 2018
01000000 00000000 TIME: 1531952880 Wed Jul 18 22:28:00 2018
01000000 00000000 TIME: 1531952881 Wed Jul 18 22:28:01 2018
01000000 00000000 TIME: 1531952881 Wed Jul 18 22:28:01 2018
00000000 10000000 TIME: 1531953131 Wed Jul 18 22:32:11 2018
00000000 10000000 TIME: 1531953158 Wed Jul 18 22:32:38 2018
00000000 01000000 TIME: 1531953177 Wed Jul 18 22:32:57 2018
00000000 01000000 TIME: 1531953178 Wed Jul 18 22:32:58 2018
00000000 00000100 TIME: 1531953183 Wed Jul 18 22:33:03 2018
00000000 00000100 TIME: 1531953184 Wed Jul 18 22:33:04 2018
00001000 00000000 TIME: 1531953298 Wed Jul 18 22:34:58 2018
00000100 00000000 TIME: 1531953301 Wed Jul 18 22:35:01 2018
00000010 00000000 TIME: 1531953303 Wed Jul 18 22:35:03 2018
00000001 00000000 TIME: 1531953304 Wed Jul 18 22:35:04 2018
00100000 00000000 TIME: 1531953335 Wed Jul 18 22:35:35 2018
00001000 00000000 TIME: 1531953504 Wed Jul 18 22:38:24 2018
00001000 00000000 TIME: 1531953507 Wed Jul 18 22:38:27 2018
00000010 00000000 TIME: 1531953513 Wed Jul 18 22:38:33 2018
00000010 00000000 TIME: 1531953516 Wed Jul 18 22:38:36 2018
00000000 00000100 TIME: 1531953632 Wed Jul 18 22:40:32 2018
00000000 00000100 TIME: 1531953636 Wed Jul 18 22:40:36 2018
00000000 00000100 TIME: 1531953643 Wed Jul 18 22:40:43 2018
00000000 00000100 TIME: 1531953647 Wed Jul 18 22:40:47 2018
11111111 10001111 TIME: 1531955458 Wed Jul 18 23:10:58 2018
11111111 10001111 TIME: 1531955506 Wed Jul 18 23:11:46 2018
11111111 10001111 TIME: 1531955522 Wed Jul 18 23:12:02 2018
11111111 10001111 TIME: 1531955544 Wed Jul 18 23:12:24 2018
11111111 10001111 TIME: 1531955619 Wed Jul 18 23:13:39 2018
00000000 00000100 TIME: 1531955676 Wed Jul 18 23:14:36 2018
00000000 00000100 TIME: 1531955680 Wed Jul 18 23:14:40 2018
11111111 00000000 TIME: 1532559332 Wed Jul 25 22:55:32 2018
11111111 11111111 TIME: 1532559378 Wed Jul 25 22:56:18 2018
00000000 00001000 TIME: 1532559379 Wed Jul 25 22:56:19 2018
11111111 00001101 TIME: 1532559405 Wed Jul 25 22:56:45 2018
11101010 11111111 TIME: 1532721141 Fri Jul 27 19:52:21 2018
11111111 00001101 TIME: 1532721155 Fri Jul 27 19:52:35 2018
11111111 10001101 TIME: 1532721174 Fri Jul 27 19:52:54 2018
10111110 11111101 TIME: 946687150 Sat Jan  1 00:39:10 2000
11111111 10001101 TIME: 946687193 Sat Jan  1 00:39:53 2000
11111111 11111111 TIME: 1533049221 Tue Jul 31 15:00:21 2018
00000000 01000000 TIME: 946684953 Sat Jan  1 00:02:33 2000
11111111 10001101 TIME: 946684982 Sat Jan  1 00:03:02 2000
00000000 00000100 TIME: 946685040 Sat Jan  1 00:04:00 2000
00000000 00001000 TIME: 946685042 Sat Jan  1 00:04:02 2000
00000000 10000000 TIME: 946685055 Sat Jan  1 00:04:15 2000
00000000 10000000 TIME: 946685078 Sat Jan  1 00:04:38 2000
00000000 00000100 TIME: 946685080 Sat Jan  1 00:04:40 2000
00000000 00001000 TIME: 946685081 Sat Jan  1 00:04:41 2000
00000000 00000100 TIME: 946685164 Sat Jan  1 00:06:04 2000
00000000 00001000 TIME: 946685165 Sat Jan  1 00:06:05 2000
00000000 10000000 TIME: 946685167 Sat Jan  1 00:06:07 2000
00000000 00000100 TIME: 1533121800 Wed Aug  1 11:10:00 2018
00000000 00001000 TIME: 1533121801 Wed Aug  1 11:10:01 2018
11111110 11111001 TIME: 1533127708 Wed Aug  1 12:48:28 2018
11111111 11001101 TIME: 1533127717 Wed Aug  1 12:48:37 2018
00000000 00000100 TIME: 946687656 Sat Jan  1 00:47:36 2000
00000000 00000100 TIME: 946687692 Sat Jan  1 00:48:12 2000
10110000 00010000 TIME: 946772766 Sun Jan  2 00:26:06 2000
00010111 10001010 TIME: 946787226 Sun Jan  2 04:27:06 2000
00000000 00000100 TIME: 946686522 Sat Jan  1 00:28:42 2000
00000000 00001000 TIME: 946687233 Sat Jan  1 00:40:33 2000
00000000 00000100 TIME: 946687239 Sat Jan  1 00:40:39 2000
00000000 00000100 TIME: 946687249 Sat Jan  1 00:40:49 2000
00000000 00001000 TIME: 946687257 Sat Jan  1 00:40:57 2000
00000000 00000100 TIME: 946687262 Sat Jan  1 00:41:02 2000
00000000 10000000 TIME: 946687266 Sat Jan  1 00:41:06 2000
00000000 10000000 TIME: 946687274 Sat Jan  1 00:41:14 2000
00000000 00010000 TIME: 946687291 Sat Jan  1 00:41:31 2000
00000000 00010000 TIME: 946687296 Sat Jan  1 00:41:36 2000
10000000 00000000 TIME: 946687312 Sat Jan  1 00:41:52 2000
10000000 00000000 TIME: 946687321 Sat Jan  1 00:42:01 2000
00000000 00000100 TIME: 946687340 Sat Jan  1 00:42:20 2000
00000000 00000100 TIME: 946687345 Sat Jan  1 00:42:25 2000
00000000 00000100 TIME: 946687415 Sat Jan  1 00:43:35 2000
00000000 00000100 TIME: 946687424 Sat Jan  1 00:43:44 2000
00000000 00001000 TIME: 946687432 Sat Jan  1 00:43:52 2000
00000000 00001000 TIME: 946687480 Sat Jan  1 00:44:40 2000
10000000 00000000 TIME: 946688151 Sat Jan  1 00:55:51 2000
10000000 00000000 TIME: 946688156 Sat Jan  1 00:55:56 2000
10000000 00000000 TIME: 946688160 Sat Jan  1 00:56:00 2000
10000000 00000000 TIME: 946688166 Sat Jan  1 00:56:06 2000
00000000 00000100 TIME: 946689152 Sat Jan  1 01:12:32 2000
00000000 00001000 TIME: 946689155 Sat Jan  1 01:12:35 2000
00000000 10000000 TIME: 946689160 Sat Jan  1 01:12:40 2000
10000000 00000000 TIME: 946690951 Sat Jan  1 01:42:31 2000
00000000 00000100 TIME: 946691285 Sat Jan  1 01:48:05 2000
00000000 00001000 TIME: 946691286 Sat Jan  1 01:48:06 2000
00000000 10000000 TIME: 946691288 Sat Jan  1 01:48:08 2000
00000000 10000000 TIME: 946691309 Sat Jan  1 01:48:29 2000
00000000 10000000 TIME: 946691312 Sat Jan  1 01:48:32 2000
00000000 00000100 TIME: 1534165104 Mon Aug 13 12:58:24 2018
00000000 00001000 TIME: 1534165108 Mon Aug 13 12:58:28 2018
00000000 10000000 TIME: 1534165110 Mon Aug 13 12:58:30 2018
00000000 00000100 TIME: 1534168208 Mon Aug 13 13:50:08 2018
00000000 00001000 TIME: 1534168209 Mon Aug 13 13:50:09 2018
00000000 10000000 TIME: 1534168210 Mon Aug 13 13:50:10 2018
00000000 10000000 TIME: 946684892 Sat Jan  1 00:01:32 2000
00000000 00000100 TIME: 946684947 Sat Jan  1 00:02:27 2000
00000000 00001000 TIME: 946684961 Sat Jan  1 00:02:41 2000
00000000 00000100 TIME: 946685025 Sat Jan  1 00:03:45 2000
00000000 00001000 TIME: 946685031 Sat Jan  1 00:03:51 2000
00000000 10000000 TIME: 946685038 Sat Jan  1 00:03:58 2000
00000000 00000100 TIME: 946685284 Sat Jan  1 00:08:04 2000
00000000 00001000 TIME: 946685287 Sat Jan  1 00:08:07 2000
00000000 10000000 TIME: 946685289 Sat Jan  1 00:08:09 2000
00000000 10000000 TIME: 946685774 Sat Jan  1 00:16:14 2000
00000000 00001000 TIME: 946685777 Sat Jan  1 00:16:17 2000
00000000 00000100 TIME: 946685779 Sat Jan  1 00:16:19 2000
00000000 00000100 TIME: 1534193816 Mon Aug 13 20:56:56 2018
00000000 00001000 TIME: 1534193819 Mon Aug 13 20:56:59 2018
00000000 10000000 TIME: 1534193821 Mon Aug 13 20:57:01 2018
10000000 00000000 TIME: 1534193840 Mon Aug 13 20:57:20 2018
10000000 00000000 TIME: 1534193849 Mon Aug 13 20:57:29 2018
10000000 00000000 TIME: 1534193856 Mon Aug 13 20:57:36 2018
00000000 10000000 TIME: 1534194002 Mon Aug 13 21:00:02 2018
00000000 10000000 TIME: 1534194012 Mon Aug 13 21:00:12 2018
00000000 00000100 TIME: 1534194016 Mon Aug 13 21:00:16 2018
00000000 00000100 TIME: 1534194020 Mon Aug 13 21:00:20 2018
00000000 00001000 TIME: 1534194050 Mon Aug 13 21:00:50 2018
00000000 00001000 TIME: 1534194054 Mon Aug 13 21:00:54 2018
00000100 00000000 TIME: 1534194076 Mon Aug 13 21:01:16 2018
00000100 00000000 TIME: 1534194176 Mon Aug 13 21:02:56 2018
00000010 00000000 TIME: 1534194204 Mon Aug 13 21:03:24 2018
00000001 00000000 TIME: 1534194463 Mon Aug 13 21:07:43 2018
00000000 00000100 TIME: 1534194632 Mon Aug 13 21:10:32 2018
00000000 00001000 TIME: 1534194634 Mon Aug 13 21:10:34 2018
00000000 10000000 TIME: 1534194638 Mon Aug 13 21:10:38 2018
00000000 00000100 TIME: 1534195101 Mon Aug 13 21:18:21 2018
00000000 00001000 TIME: 1534195102 Mon Aug 13 21:18:22 2018
00000000 10000000 TIME: 1534195103 Mon Aug 13 21:18:23 2018
00000010 00000000 TIME: 1534195155 Mon Aug 13 21:19:15 2018
00000001 00000000 TIME: 1534195583 Mon Aug 13 21:26:23 2018
00000000 00000100 TIME: 1534196081 Mon Aug 13 21:34:41 2018
00000000 00001000 TIME: 1534196082 Mon Aug 13 21:34:42 2018
00000000 10000000 TIME: 1534196095 Mon Aug 13 21:34:55 2018
00000001 00000000 TIME: 1534196102 Mon Aug 13 21:35:02 2018
00000001 00000000 TIME: 1534196267 Mon Aug 13 21:37:47 2018
00000000 00000100 TIME: 1534196340 Mon Aug 13 21:39:00 2018
00000000 00001000 TIME: 1534196341 Mon Aug 13 21:39:01 2018
00000000 10000000 TIME: 1534196342 Mon Aug 13 21:39:02 2018
00000001 00000000 TIME: 1534196366 Mon Aug 13 21:39:26 2018
00000000 00000100 TIME: 1534196498 Mon Aug 13 21:41:38 2018
00000000 00000100 TIME: 1534196525 Mon Aug 13 21:42:05 2018
00000001 00000000 TIME: 1534196539 Mon Aug 13 21:42:19 2018
00000000 00000100 TIME: 1534196572 Mon Aug 13 21:42:52 2018
00000000 00000100 TIME: 1534196584 Mon Aug 13 21:43:04 2018
00000000 00000100 TIME: 1534196855 Mon Aug 13 21:47:35 2018
00000000 00000100 TIME: 1534196858 Mon Aug 13 21:47:38 2018
00000001 00000000 TIME: 1534196872 Mon Aug 13 21:47:52 2018
00000000 00000100 TIME: 1534196922 Mon Aug 13 21:48:42 2018
00000000 00000100 TIME: 1534196925 Mon Aug 13 21:48:45 2018
00000001 00000000 TIME: 1534196932 Mon Aug 13 21:48:52 2018
00000000 00000100 TIME: 1534197003 Mon Aug 13 21:50:03 2018
00000000 00000100 TIME: 1534197008 Mon Aug 13 21:50:08 2018
00000001 00000000 TIME: 1534197016 Mon Aug 13 21:50:16 2018
10000000 00000000 TIME: 1534197201 Mon Aug 13 21:53:21 2018
10000000 00000000 TIME: 1534197209 Mon Aug 13 21:53:29 2018
10000000 00000000 TIME: 1534197217 Mon Aug 13 21:53:37 2018
10000000 00000000 TIME: 1534197230 Mon Aug 13 21:53:50 2018
10000000 00000000 TIME: 1534197242 Mon Aug 13 21:54:02 2018
00000010 00000000 TIME: 1534197321 Mon Aug 13 21:55:21 2018
00000100 00000000 TIME: 1534197381 Mon Aug 13 21:56:21 2018
00000000 00000100 TIME: 1534197395 Mon Aug 13 21:56:35 2018
00000000 00000100 TIME: 1534197398 Mon Aug 13 21:56:38 2018
00000100 00000000 TIME: 1534197407 Mon Aug 13 21:56:47 2018
00000100 00000000 TIME: 1534197494 Mon Aug 13 21:58:14 2018
00001000 00000000 TIME: 1534197707 Mon Aug 13 22:01:47 2018
00000001 00000000 TIME: 1534197998 Mon Aug 13 22:06:38 2018
00000000 00000100 TIME: 1534198082 Mon Aug 13 22:08:02 2018
00000000 00001000 TIME: 1534198084 Mon Aug 13 22:08:04 2018
00000000 10000000 TIME: 1534198087 Mon Aug 13 22:08:07 2018
00000000 00000100 TIME: 1534228102 Tue Aug 14 06:28:22 2018
00000000 00001000 TIME: 1534228103 Tue Aug 14 06:28:23 2018
00000000 10000000 TIME: 1534228103 Tue Aug 14 06:28:23 2018
00000000 00000100 TIME: 1534229601 Tue Aug 14 06:53:21 2018
00000000 00001000 TIME: 1534229601 Tue Aug 14 06:53:21 2018
00000000 10000000 TIME: 1534229602 Tue Aug 14 06:53:22 2018
00000001 00000000 TIME: 1534230583 Tue Aug 14 07:09:43 2018
00000000 00000100 TIME: 1534230638 Tue Aug 14 07:10:38 2018
00000000 00001000 TIME: 1534230639 Tue Aug 14 07:10:39 2018
00000000 10000000 TIME: 1534230640 Tue Aug 14 07:10:40 2018
00001001 00011011 TIME: 1534230709 Tue Aug 14 07:11:49 2018
00001001 00011011 TIME: 1534230804 Tue Aug 14 07:13:24 2018
00000000 00000100 TIME: 946684968 Sat Jan  1 00:02:48 2000
00000000 00001000 TIME: 946684970 Sat Jan  1 00:02:50 2000
00000000 10000000 TIME: 946684973 Sat Jan  1 00:02:53 2000
11111111 11111111 TIME: 1534256574 Tue Aug 14 14:22:54 2018
11111111 11111111 TIME: 946684904 Sat Jan  1 00:01:44 2000
11111111 11111111 TIME: 946684991 Sat Jan  1 00:03:11 2000
00000000 00000100 TIME: 946684906 Sat Jan  1 00:01:46 2000
00000000 00001000 TIME: 946684910 Sat Jan  1 00:01:50 2000
00000000 10000000 TIME: 946684912 Sat Jan  1 00:01:52 2000
00000000 10000000 TIME: 946684918 Sat Jan  1 00:01:58 2000
00000000 00001000 TIME: 946684920 Sat Jan  1 00:02:00 2000
00000000 00000100 TIME: 946684921 Sat Jan  1 00:02:01 2000
11111111 11111111 TIME: 946684980 Sat Jan  1 00:03:00 2000
11111111 11111111 TIME: 946685071 Sat Jan  1 00:04:31 2000
11111111 11111111 TIME: 946686388 Sat Jan  1 00:26:28 2000
11111111 11111111 TIME: 946686388 Sat Jan  1 00:26:28 2000
11111111 11111111 TIME: 946688841 Sat Jan  1 01:07:21 2000
11111111 11111111 TIME: 946689006 Sat Jan  1 01:10:06 2000
11111111 11111111 TIME: 946689006 Sat Jan  1 01:10:06 2000
11111111 11111111 TIME: 946702306 Sat Jan  1 04:51:46 2000
11111111 11111111 TIME: 946702376 Sat Jan  1 04:52:56 2000
11111111 11111111 TIME: 946705629 Sat Jan  1 05:47:09 2000
00000000 10000000 TIME: 946731053 Sat Jan  1 12:50:53 2000
00000000 00001000 TIME: 946731055 Sat Jan  1 12:50:55 2000
00000000 00000100 TIME: 946731055 Sat Jan  1 12:50:55 2000
00000010 00001011 TIME: 946732771 Sat Jan  1 13:19:31 2000
11001011 01111111 TIME: 946735611 Sat Jan  1 14:06:51 2000
